Date,Close,High,Low,Open,Volume
2009-01-02,13.369999885559082,13.430000305175781,13.300000190734863,0.0,1043400
2009-01-05,13.155500411987305,13.319999694824219,13.149999618530273,0.0,1294700
2009-01-06,13.039999961853027,13.199999809265137,13.020099639892578,0.0,1236000
2009-01-07,13.21500015258789,13.25,13.0600004196167,0.0,1109000
2009-01-09,13.168899536132812,13.199999809265137,13.0600004196167,0.0,723900
2009-01-12,13.09000015258789,13.199000358581543,13.09000015258789,0.0,957000
2009-01-13,12.965399742126465,13.0,12.85200023651123,0.0,1429800
2009-01-14,13.020000457763672,13.078900337219238,12.859999656677246,0.0,706200
2009-01-15,12.86400032043457,12.989500045776367,12.8100004196167,0.0,768300
2009-01-16,13.0,13.0,12.852499961853027,0.0,525700
2009-01-19,13.100000381469727,13.14900016784668,12.989999771118164,0.0,525000
2009-01-20,13.07229995727539,13.149900436401367,13.0,0.0,429500
2009-01-21,13.449999809265137,13.5,13.131099700927734,0.0,1700600
2009-01-22,13.359999656677246,13.369999885559082,13.270500183105469,0.0,737700
2009-01-23,13.5,13.619999885559082,13.350000381469727,0.0,1703300
2009-01-27,13.692000389099121,13.90999984741211,13.670999526977539,0.0,2741100
2009-01-28,13.5,13.890000343322754,13.473600387573242,0.0,4712700
2009-01-29,13.459799766540527,13.569999694824219,13.380000114440918,0.0,3909100
2009-01-30,14.0,14.06980037689209,13.60099983215332,0.0,3912900
2009-02-02,14.010000228881836,14.100000381469727,13.85099983215332,0.0,4134800
2009-02-03,13.871500015258789,13.979999542236328,13.8100004196167,0.0,2363600
2009-02-04,13.824000358581543,13.90999984741211,13.5,0.0,1526800
2009-02-05,13.9399995803833,13.986499786376953,13.805999755859375,0.0,1556300
2009-02-06,13.942500114440918,14.039899826049805,13.92300033569336,0.0,2016500
2009-02-09,13.880000114440918,14.050000190734863,13.821999549865723,0.0,2642100
2009-02-10,13.869999885559082,13.880000114440918,13.800000190734863,0.0,1541000
2009-02-11,14.140999794006348,14.178999900817871,13.954999923706055,0.0,2770700
2009-02-12,14.479999542236328,14.499899864196777,14.25,0.0,3107500
2009-02-13,14.40149974822998,14.5,14.380000114440918,0.0,1966200
2009-02-16,14.53849983215332,14.54990005493164,14.35099983215332,0.0,2423500
2009-02-17,15.039999961853027,15.048800468444824,14.619999885559082,0.0,5305600
2009-02-18,15.444000244140625,15.630999565124512,15.199999809265137,0.0,8228600
2009-02-19,15.37030029296875,15.739999771118164,15.35099983215332,0.0,5501800
2009-02-20,15.450400352478027,15.5,15.191300392150879,0.0,4921900
2009-02-24,15.444999694824219,15.739999771118164,15.410499572753906,0.0,6745900
2009-02-25,14.979999542236328,15.385000228881836,14.940099716186523,0.0,5285200
2009-02-26,14.901000022888184,15.189900398254395,14.810099601745605,0.0,4470500
2009-02-27,15.079000473022461,15.119999885559082,14.600099563598633,0.0,2425900
2009-03-02,15.430000305175781,15.489999771118164,15.199999809265137,0.0,4119200
2009-03-03,15.100000381469727,15.199000358581543,14.930000305175781,0.0,4341600
2009-03-04,14.914400100708008,14.99899959564209,14.619999885559082,0.0,3152700
2009-03-05,14.899999618530273,14.94789981842041,14.550000190734863,0.0,2116100
2009-03-06,15.265999794006348,15.300000190734863,15.109999656677246,0.0,2769400
2009-03-09,15.263899803161621,15.300000190734863,15.190099716186523,0.0,3160200
2009-03-12,14.930999755859375,15.0,14.852100372314453,0.0,1944200
2009-03-13,15.0,15.129899978637695,15.0,0.0,1738400
2009-03-16,15.021200180053711,15.09000015258789,15.0201997756958,0.0,1564600
2009-03-17,14.9399995803833,15.0,14.850299835205078,0.0,2303300
2009-03-18,14.890000343322754,14.899999618530273,14.722000122070312,0.0,2453600
2009-03-19,14.90250015258789,15.100500106811523,14.900099754333496,0.0,1448300
2009-03-20,15.299699783325195,15.300000190734863,15.050000190734863,0.0,2355000
2009-03-23,15.319999694824219,15.336999893188477,15.119999885559082,0.0,3777600
2009-03-24,15.14900016784668,15.14900016784668,14.93019962310791,0.0,2870800
2009-03-25,14.890000343322754,15.069000244140625,14.850000381469727,0.0,1493100
2009-03-26,15.069999694824219,15.079999923706055,14.91100025177002,0.0,1196700
2009-03-27,15.069999694824219,15.239800453186035,14.949999809265137,0.0,2897800
2009-03-30,15.100000381469727,15.100000381469727,14.930100440979004,0.0,1478200
2009-03-31,14.934399604797363,15.039999961853027,14.899999618530273,0.0,752300
2009-04-01,14.899999618530273,14.992500305175781,14.821599960327148,0.0,435300
2009-04-02,14.720000267028809,14.970000267028809,14.710000038146973,0.0,2057100
2009-04-06,14.039999961853027,14.410099983215332,13.63700008392334,0.0,3982800
2009-04-08,14.36989974975586,14.420000076293945,14.15999984741211,0.0,3596900
2009-04-09,14.187000274658203,14.289999961853027,14.100000381469727,0.0,1248000
2009-04-13,14.229900360107422,14.241999626159668,14.050999641418457,0.0,651700
2009-04-15,14.241000175476074,14.379899978637695,14.170000076293945,0.0,1331400
2009-04-16,14.210100173950195,14.25,14.120200157165527,0.0,940800
2009-04-17,13.91100025177002,14.149999618530273,13.899999618530273,0.0,1873700
2009-04-20,14.010000228881836,14.039899826049805,13.90999984741211,0.0,884100
2009-04-21,14.259900093078613,14.300000190734863,14.201000213623047,0.0,1014700
2009-04-22,14.25,14.29800033569336,14.067000389099121,0.0,575000
2009-04-23,14.270000457763672,14.300000190734863,14.211000442504883,0.0,606300
2009-04-24,14.599900245666504,14.65999984741211,14.319999694824219,0.0,3350800
2009-04-27,14.638999938964844,14.989999771118164,14.592499732971191,0.0,6132500
2009-04-28,14.510000228881836,14.600000381469727,14.430000305175781,0.0,935900
2009-04-29,14.379899978637695,14.479999542236328,14.350000381469727,0.0,783700
2009-05-04,14.247900009155273,14.300000190734863,14.112500190734863,0.0,824300
2009-05-05,14.289199829101562,14.430000305175781,14.220999717712402,0.0,1017100
2009-05-06,14.338899612426758,14.369799613952637,14.200499534606934,0.0,881800
2009-05-07,14.430000305175781,14.468999862670898,14.330499649047852,0.0,1479000
2009-05-08,14.449799537658691,14.49899959564209,14.322500228881836,0.0,757800
2009-05-11,14.399999618530273,14.5,14.300100326538086,0.0,996400
2009-05-12,14.449299812316895,14.472299575805664,14.380000114440918,0.0,497100
2009-05-13,14.640000343322754,14.649999618530273,14.501500129699707,0.0,972600
2009-05-14,14.630000114440918,14.718500137329102,14.600500106811523,0.0,1292700
2009-05-15,14.605500221252441,14.699999809265137,14.579999923706055,0.0,681400
2009-05-18,14.629599571228027,14.629599571228027,14.629599571228027,0.0,500
2009-05-19,14.079999923706055,14.399999618530273,13.920100212097168,0.0,4095200
2009-05-20,14.0600004196167,14.520500183105469,14.0,0.0,2164200
2009-05-21,14.229999542236328,14.350000381469727,14.100000381469727,0.0,1751100
2009-05-22,14.34000015258789,14.439900398254395,14.270000457763672,0.0,1820400
2009-05-25,14.380000114440918,14.489899635314941,14.300000190734863,0.0,1015800
2009-05-26,14.380000114440918,14.498000144958496,14.3125,0.0,1403500
2009-05-27,14.414999961853027,14.449999809265137,14.279999732971191,0.0,903000
2009-05-28,14.520000457763672,14.549500465393066,14.449999809265137,0.0,2081200
2009-05-29,14.670000076293945,14.75,14.5,0.0,1629300
2009-06-01,14.800000190734863,14.89900016784668,14.720100402832031,0.0,3109200
2009-06-02,14.64009952545166,14.787500381469727,14.619999885559082,0.0,1245500
2009-06-03,14.725000381469727,14.8100004196167,14.640000343322754,0.0,2308300
2009-06-04,14.619999885559082,14.735899925231934,14.600199699401855,0.0,1570600
2009-06-05,14.793999671936035,14.819999694824219,14.670000076293945,0.0,1371900
2009-06-08,14.588899612426758,14.710000038146973,14.401000022888184,0.0,2390400
2009-06-09,14.403499603271484,14.548999786376953,14.33810043334961,0.0,748100
2009-06-10,14.574999809265137,14.574999809265137,14.438400268554688,0.0,1246300
2009-06-11,14.53499984741211,14.567500114440918,14.470000267028809,0.0,594400
2009-06-12,14.420000076293945,14.550000190734863,14.411499977111816,0.0,1373600
2009-06-15,14.300999641418457,14.489999771118164,14.289999961853027,0.0,1319100
2009-06-16,14.34000015258789,14.348899841308594,14.25,0.0,904800
2009-06-17,14.293390274047852,14.293390274047852,14.293390274047852,14.293390274047852,0
2009-06-18,14.40999984741211,14.469900131225586,14.327799797058105,0.0,576200
2009-06-19,14.369999885559082,14.430000305175781,14.350000381469727,0.0,484700
2009-06-22,14.300000190734863,14.4399995803833,14.300000190734863,0.0,712800
2009-06-23,14.3100004196167,14.362500190734863,14.25,0.0,960200
2009-06-24,14.390000343322754,14.39900016784668,14.25,0.0,676800
2009-06-25,14.489999771118164,14.529999732971191,14.390000343322754,0.0,518700
2009-06-26,14.560999870300293,14.600000381469727,14.50100040435791,0.0,480000
2009-06-29,14.420100212097168,14.498000144958496,14.35099983215332,0.0,2202300
2009-06-30,14.42549991607666,14.485899925231934,14.370699882507324,0.0,1413800
2009-07-01,14.319999694824219,14.49899959564209,14.251999855041504,0.0,828500
2009-07-02,14.364999771118164,14.409899711608887,14.31029987335205,0.0,1193800
2009-07-03,14.300000190734863,14.42870044708252,14.300000190734863,0.0,1579200
2009-07-06,14.41510009765625,14.479599952697754,14.260000228881836,0.0,1169800
2009-07-07,14.479999542236328,14.498499870300293,14.300999641418457,0.0,901000
2009-07-08,14.476499557495117,15.600000381469727,14.40999984741211,0.0,1789600
2009-07-09,14.370200157165527,14.434000015258789,14.350199699401855,0.0,1109100
2009-07-10,14.317399978637695,14.361900329589844,14.29010009765625,0.0,1866300
2009-07-13,14.468000411987305,14.479999542236328,14.370499610900879,0.0,834100
2009-07-14,14.5,14.547200202941895,14.399999618530273,0.0,538500
2009-07-15,14.539999961853027,14.579999923706055,14.510000228881836,0.0,942100
2009-07-16,14.699999809265137,14.708999633789062,14.539999961853027,0.0,1402600
2009-07-17,14.71500015258789,14.727999687194824,14.621199607849121,0.0,857300
2009-07-20,14.739899635314941,14.769499778747559,14.649999618530273,0.0,1229300
2009-07-21,14.777999877929688,14.795000076293945,14.64050006866455,0.0,786900
2009-07-22,14.739999771118164,14.824999809265137,14.701600074768066,0.0,1090000
2009-07-23,14.869000434875488,14.869999885559082,14.732000350952148,0.0,781300
2009-07-24,14.773099899291992,14.869999885559082,14.758299827575684,0.0,974500
2009-07-27,14.831000328063965,14.849499702453613,14.76099967956543,0.0,599500
2009-07-28,14.798999786376953,14.850000381469727,14.720000267028809,0.0,659400
2009-07-29,14.5649995803833,14.760000228881836,14.550000190734863,0.0,1532500
2009-07-30,14.51099967956543,14.600000381469727,14.510000228881836,0.0,1079900
2009-07-31,14.557900428771973,14.599900245666504,14.510499954223633,0.0,1352400
2009-08-03,14.687399864196777,14.75,14.569999694824219,0.0,997700
2009-08-04,14.633399963378906,14.899999618530273,14.586799621582031,0.0,1958600
2009-08-05,14.779999732971191,14.800000190734863,14.701000213623047,0.0,758000
2009-08-06,14.800000190734863,14.819999694824219,14.729999542236328,0.0,646900
2009-08-07,14.84000015258789,14.849900245666504,14.750200271606445,0.0,651200
2009-08-10,14.765000343322754,14.829999923706055,14.680999755859375,0.0,1096800
2009-08-11,14.63599967956543,14.699999809265137,14.600000381469727,0.0,1043700
2009-08-12,14.725000381469727,14.74899959564209,14.630000114440918,0.0,331000
2009-08-13,14.819999694824219,14.838500022888184,14.720000267028809,0.0,605900
2009-08-14,14.859999656677246,14.899999618530273,14.71049976348877,0.0,785800
2009-08-17,14.755000114440918,14.879899978637695,14.729999542236328,0.0,1086400
2009-08-18,14.736129760742188,14.736129760742188,14.736129760742188,14.736129760742188,0
2009-08-19,14.67389965057373,14.67389965057373,14.67389965057373,14.67389965057373,0
2009-08-20,14.80447006225586,14.80447006225586,14.80447006225586,14.80447006225586,0
2009-08-21,14.785140037536621,14.785140037536621,14.785140037536621,14.785140037536621,0
2009-08-24,14.920000076293945,14.94950008392334,14.800000190734863,0.0,766000
2009-08-25,14.889900207519531,14.9350004196167,14.85099983215332,0.0,455600
2009-08-26,14.9399995803833,14.9399995803833,14.860600471496582,0.0,850900
2009-08-27,14.880000114440918,14.979999542236328,14.880000114440918,0.0,433700
2009-08-28,14.949999809265137,15.04990005493164,14.899999618530273,0.0,1470700
2009-08-31,15.050000190734863,15.09000015258789,14.90999984741211,0.0,1793200
2009-09-01,14.991999626159668,15.076700210571289,14.951499938964844,0.0,878700
2009-09-02,15.119500160217285,15.130200386047363,14.999899864196777,0.0,929000
2009-09-03,15.565500259399414,15.579999923706055,15.25,0.0,2693700
2009-09-04,15.5600004196167,15.70989990234375,15.5024995803833,0.0,2425700
2009-09-07,15.670000076293945,15.75,15.5600004196167,0.0,3707400
2009-09-08,15.725000381469727,15.829999923706055,15.65999984741211,0.0,3762900
2009-09-09,15.552200317382812,15.819999694824219,15.552200317382812,0.0,4786000
2009-09-10,15.420000076293945,15.599800109863281,15.420000076293945,0.0,3575200
2009-09-11,15.680000305175781,15.699000358581543,15.529999732971191,0.0,2357400
2009-09-14,15.699999809265137,15.84000015258789,15.680000305175781,0.0,4120600
2009-09-15,15.682000160217285,15.794899940490723,15.670000076293945,0.0,9383900
2009-09-16,15.890000343322754,15.90999984741211,15.609999656677246,0.0,4591500
2009-09-17,15.824999809265137,15.920000076293945,15.802000045776367,0.0,5663100
2009-09-18,15.76099967956543,15.829999923706055,15.720000267028809,0.0,4811200
2009-09-22,15.770000457763672,15.789999961853027,15.66100025177002,0.0,3017100
2009-09-23,15.729999542236328,15.75,15.6899995803833,0.0,2069600
2009-09-24,15.680000305175781,15.749899864196777,15.630000114440918,0.0,2455100
2009-09-25,15.474800109863281,15.65999984741211,15.390000343322754,0.0,4150600
2009-09-29,15.37030029296875,15.50100040435791,15.36050033569336,0.0,3318600
2009-09-30,15.468500137329102,15.499899864196777,15.401000022888184,0.0,1721100
2009-10-01,15.5,15.569899559020996,15.480500221252441,0.0,2211800
2009-10-05,15.404999732971191,15.527000427246094,15.36050033569336,0.0,1765200
2009-10-06,15.5,15.54990005493164,15.460000038146973,0.0,1789400
2009-10-07,15.750100135803223,15.809900283813477,15.569999694824219,0.0,4455900
2009-10-08,15.75,15.8100004196167,15.650500297546387,0.0,3896900
2009-10-09,15.670000076293945,15.760000228881836,15.642499923706055,0.0,3689400
2009-10-12,15.779999732971191,15.800000190734863,15.670000076293945,0.0,2658000
2009-10-13,15.747900009155273,15.747900009155273,15.747900009155273,15.747900009155273,0
2009-10-14,15.819999694824219,15.949999809265137,15.800999641418457,0.0,2516800
2009-10-15,15.609999656677246,15.850000381469727,15.60099983215332,0.0,6968600
2009-10-16,15.626500129699707,15.649999618530273,15.531000137329102,0.0,3448200
2009-10-20,15.75,15.949999809265137,15.741000175476074,0.0,3339300
2009-10-21,15.727899551391602,15.800000190734863,15.61050033569336,0.0,1527900
2009-10-22,15.789999961853027,15.800000190734863,15.711999893188477,0.0,1597800
2009-10-23,15.789999961853027,15.850000381469727,15.720000267028809,0.0,2053300
2009-10-26,15.74489974975586,15.845999717712402,15.710000038146973,0.0,2272400
2009-10-27,15.649999618530273,15.739999771118164,15.616000175476074,0.0,1648700
2009-10-28,15.649999618530273,15.779999732971191,15.611000061035156,0.0,2294700
2009-10-29,15.630000114440918,15.899999618530273,15.6003999710083,0.0,6247700
2009-10-30,15.729999542236328,15.748000144958496,15.640999794006348,0.0,3009200
2009-11-03,15.949999809265137,15.989999771118164,15.800000190734863,0.0,4208700
2009-11-04,16.424999237060547,16.450000762939453,16.05299949645996,0.0,7945400
2009-11-05,16.440000534057617,16.5,16.301000595092773,0.0,2861400
2009-11-06,16.403499603271484,16.448999404907227,16.35099983215332,0.0,1992700
2009-11-09,16.514999389648438,16.6299991607666,16.40999984741211,0.0,3994800
2009-11-10,16.475000381469727,16.551000595092773,16.3799991607666,0.0,3689700
2009-11-11,16.579999923706055,16.648000717163086,16.475000381469727,0.0,3328600
2009-11-12,16.68000030517578,16.759000778198242,16.655000686645508,0.0,2952700
2009-11-13,16.522199630737305,16.700000762939453,16.485000610351562,0.0,4961300
2009-11-16,16.76889991760254,16.850000381469727,16.652000427246094,0.0,3465100
2009-11-17,16.822500228881836,16.88249969482422,16.7810001373291,0.0,3085200
2009-11-18,17.040000915527344,17.042999267578125,16.860000610351562,0.0,3385000
2009-11-19,16.962099075317383,17.059999465942383,16.954999923706055,0.0,3458400
2009-11-20,17.09000015258789,17.17099952697754,17.010000228881836,0.0,4113200
2009-11-23,17.399900436401367,17.439800262451172,17.211000442504883,0.0,4788600
2009-11-24,17.471500396728516,17.489999771118164,17.400999069213867,0.0,4009100
2009-11-25,17.520000457763672,17.58880043029785,17.490999221801758,0.0,5483700
2009-11-26,17.68000030517578,17.849000930786133,17.610000610351562,0.0,6550000
2009-11-27,17.420000076293945,17.961000442504883,17.0,0.0,10699100
2009-11-30,17.450000762939453,17.579999923706055,17.399999618530273,0.0,4692700
2009-12-01,17.79949951171875,17.829999923706055,17.516000747680664,0.0,3647800
2009-12-02,18.0,18.048999786376953,17.899999618530273,0.0,5364700
2009-12-03,18.030000686645508,18.25,18.010000228881836,0.0,7803900
2009-12-04,17.864999771118164,18.030000686645508,17.80150032043457,0.0,5443700
2009-12-07,17.170000076293945,17.687000274658203,17.030000686645508,0.0,10846500
2009-12-08,17.3799991607666,17.429000854492188,17.0,0.0,4295700
2009-12-09,17.010000228881836,17.19890022277832,16.950000762939453,0.0,8632300
2009-12-10,16.8700008392334,16.998899459838867,16.81049919128418,0.0,7679700
2009-12-11,17.0,17.049999237060547,16.760000228881836,0.0,5010900
2009-12-14,16.829999923706055,16.898799896240234,16.799999237060547,0.0,5574700
2009-12-15,16.732099533081055,16.988000869750977,16.729999542236328,0.0,3910600
2009-12-16,16.95800018310547,16.958499908447266,16.752199172973633,0.0,2908800
2009-12-17,16.920000076293945,17.07379913330078,16.902000427246094,0.0,3145000
2009-12-18,16.645000457763672,16.780000686645508,16.610000610351562,0.0,5863100
2009-12-21,16.719999313354492,16.788000106811523,16.652000427246094,0.0,3014200
2009-12-22,16.46500015258789,16.649999618530273,16.415300369262695,0.0,5338700
2009-12-23,16.27899932861328,16.399799346923828,16.271699905395508,0.0,7536100
2009-12-24,16.584999084472656,16.5939998626709,16.3799991607666,0.0,5721200
2009-12-29,16.545000076293945,16.650100708007812,16.520000457763672,0.0,5618900
2009-12-30,16.3700008392334,16.540000915527344,16.35300064086914,0.0,3871500
2009-12-31,16.520000457763672,16.548799514770508,16.400100708007812,0.0,2689800
2010-01-04,16.54990005493164,16.55900001525879,16.381099700927734,0.0,3967700
2010-01-05,16.68000030517578,16.70989990234375,16.600000381469727,0.0,5367100
2010-01-06,16.600000381469727,16.759899139404297,16.581300735473633,0.0,5224100
2010-01-07,16.57200050354004,16.683700561523438,16.562599182128906,0.0,3817700
2010-01-08,16.489999771118164,16.579999923706055,16.469999313354492,0.0,4342300
2010-01-11,16.81800079345703,16.940000534057617,16.700000762939453,0.0,4020900
2010-01-12,16.810300827026367,16.849000930786133,16.760099411010742,0.0,3007700
2010-01-13,16.5625,16.679899215698242,16.415000915527344,0.0,4128300
2010-01-14,16.604999542236328,16.780000686645508,16.604900360107422,0.0,2248900
2010-01-15,16.6299991607666,16.689599990844727,16.600500106811523,0.0,2369800
2010-01-18,16.582199096679688,16.68790054321289,16.579999923706055,0.0,3060200
2010-01-19,16.565799713134766,16.565799713134766,16.565799713134766,16.565799713134766,0
2010-01-20,16.611120223999023,16.611120223999023,16.611120223999023,16.611120223999023,0
2010-01-21,16.25510025024414,16.25510025024414,16.25510025024414,16.25510025024414,0
2010-01-22,16.215150833129883,16.215150833129883,16.215150833129883,16.215150833129883,0
2010-01-25,16.319299697875977,16.319299697875977,16.319299697875977,16.319299697875977,0
2010-01-27,16.22896957397461,16.22896957397461,16.22896957397461,16.22896957397461,0
2010-01-28,16.19161033630371,16.19161033630371,16.19161033630371,16.19161033630371,0
2010-01-29,16.080150604248047,16.080150604248047,16.080150604248047,16.080150604248047,0
2010-02-01,16.057519912719727,16.057519912719727,16.057519912719727,16.057519912719727,0
2010-02-02,16.49332046508789,16.49332046508789,16.49332046508789,16.49332046508789,0
2010-02-03,16.48427963256836,16.48427963256836,16.48427963256836,16.48427963256836,0
2010-02-04,16.26888084411621,16.26888084411621,16.26888084411621,16.26888084411621,0
2010-02-05,15.774100303649902,16.100000381469727,15.75,16.100000381469727,13692300
2010-02-08,16.07080078125,16.148000717163086,15.953499794006348,16.04990005493164,2676800
2010-02-09,15.9931001663208,16.099899291992188,15.960700035095215,16.099899291992188,3667900
2010-02-10,16.068899154663086,16.139999389648438,16.040000915527344,16.139999389648438,1366200
2010-02-11,16.073400497436523,16.09000015258789,16.0310001373291,16.068899154663086,6836200
2010-02-15,16.308000564575195,16.34000015258789,16.149999618530273,16.149999618530273,2439900
2010-02-16,16.460500717163086,16.469999313354492,16.312000274658203,16.360000610351562,2300400
2010-02-17,16.481599807739258,16.540000915527344,16.3700008392334,16.5,2109800
2010-02-18,16.317800521850586,16.459999084472656,16.280000686645508,16.459999084472656,2350200
2010-02-19,16.386199951171875,16.448400497436523,16.260000228881836,16.280000686645508,2094200
2010-02-22,16.506000518798828,16.649999618530273,16.48200035095215,16.649999618530273,2492900
2010-02-23,16.393699645996094,16.489999771118164,16.350099563598633,16.489999771118164,1156300
2010-02-24,16.20479965209961,16.420000076293945,16.190000534057617,16.399999618530273,2902100
2010-02-25,16.230100631713867,16.279499053955078,16.18000030517578,16.27899932861328,2302000
2010-02-26,16.506399154663086,16.540000915527344,16.320499420166016,16.320499420166016,2739300
2010-03-02,16.56399917602539,16.588499069213867,16.5,16.509000778198242,1884300
2010-03-03,16.776599884033203,16.78860092163086,16.6200008392334,16.650100708007812,3587300
2010-03-04,16.794599533081055,16.802000045776367,16.719999313354492,16.719999313354492,3058100
2010-03-05,16.71419906616211,16.780000686645508,16.690000534057617,16.780000686645508,1985800
2010-03-08,16.64419937133789,16.700000762939453,16.600500106811523,16.700000762939453,2565900
2010-03-09,16.440799713134766,16.518999099731445,16.43000030517578,16.5,2063300
2010-03-10,16.460399627685547,16.510000228881836,16.43000030517578,16.5,2767700
2010-03-11,16.279699325561523,16.329999923706055,16.221500396728516,16.329999923706055,3655600
2010-03-12,16.374099731445312,16.39430046081543,16.270999908447266,16.384000778198242,3040700
2010-03-15,16.233999252319336,16.299999237060547,16.225000381469727,16.299999237060547,3177700
2010-03-16,16.36090087890625,16.3799991607666,16.211000442504883,16.229999542236328,3628000
2010-03-17,16.483999252319336,16.6200008392334,16.441499710083008,16.549999237060547,2054000
2010-03-18,16.42930030822754,16.5,16.395999908447266,16.5,1363200
2010-03-19,16.440900802612305,16.48889923095703,16.401500701904297,16.469499588012695,4857200
2010-03-22,16.202699661254883,16.399999618530273,16.19300079345703,16.3700008392334,5605500
2010-03-23,16.202800750732422,16.239999771118164,16.180099487304688,16.230499267578125,1918300
2010-03-25,16.0585994720459,16.099000930786133,16.010000228881836,16.049999237060547,5925400
2010-03-26,16.037200927734375,16.094999313354492,16.020099639892578,16.094999313354492,3579000
2010-03-29,16.136699676513672,16.5,16.059999465942383,16.18000030517578,2726000
2010-03-30,16.12220001220703,16.18600082397461,16.051000595092773,16.149999618530273,2193600
2010-03-31,16.082300186157227,16.14940071105957,16.06999969482422,16.1299991607666,2273700
2010-04-01,16.153400421142578,16.18899917602539,16.08099937438965,16.09000015258789,1532800
2010-04-05,16.18429946899414,16.277599334716797,16.17060089111328,16.17799949645996,2899300
2010-04-06,16.12969970703125,16.295000076293945,16.110000610351562,16.295000076293945,3037300
2010-04-07,16.262699127197266,16.29400062561035,16.149999618530273,16.149999618530273,3006900
2010-04-08,16.429899215698242,16.45800018310547,16.33009910583496,16.33009910583496,4400300
2010-04-09,16.49449920654297,16.79800033569336,16.43000030517578,16.5,2176400
2010-04-12,16.582399368286133,16.62700080871582,16.5,16.500499725341797,3090300
2010-04-13,16.480499267578125,16.549999237060547,16.450000762939453,16.549999237060547,3037400
2010-04-15,16.489200592041016,16.549999237060547,16.469999313354492,16.475500106811523,1724500
2010-04-16,16.519399642944336,16.549999237060547,16.489500045776367,16.5,1932500
2010-04-19,16.212400436401367,16.40489959716797,16.175100326538086,16.389999389648438,5920900
2010-04-20,16.360300064086914,16.379899978637695,16.230899810791016,16.25,2087900
2010-04-21,16.368200302124023,16.389999389648438,16.302099227905273,16.350000381469727,1574500
2010-04-22,16.397300720214844,16.479999542236328,16.37019920349121,16.479999542236328,1508200
2010-04-23,16.323200225830078,16.3799991607666,16.309999465942383,16.332000732421875,1473200
2010-04-26,16.482500076293945,16.522899627685547,16.420000076293945,16.420000076293945,2055500
2010-04-27,16.449100494384766,16.520000457763672,16.40049934387207,16.5,2312000
2010-04-28,16.61400032043457,16.64900016784668,16.52050018310547,16.530000686645508,3629500
2010-04-29,16.694000244140625,16.700000762939453,16.649999618530273,16.649999618530273,2495500
2010-04-30,16.711999893188477,16.72800064086914,16.6200008392334,16.700000762939453,1215200
2010-05-03,16.827999114990234,16.857999801635742,16.719999313354492,16.790000915527344,2529200
2010-05-04,16.891000747680664,16.899999618530273,16.780000686645508,16.88800048828125,2536000
2010-05-05,16.82900047302246,16.900999069213867,16.700000762939453,16.900999069213867,2591000
2010-05-06,17.00149917602539,17.020000457763672,16.854000091552734,16.899999618530273,4527500
2010-05-07,17.40850067138672,17.469999313354492,17.09000015258789,17.09000015258789,11594400
2010-05-10,17.082000732421875,18.010000228881836,17.04050064086914,17.3799991607666,6979300
2010-05-11,17.433500289916992,17.459999084472656,17.149999618530273,17.326499938964844,5046900
2010-05-12,17.86549949645996,17.889999389648438,17.500499725341797,17.600000381469727,9940000
2010-05-13,17.775999069213867,17.899999618530273,17.662500381469727,17.899999618530273,4527400
2010-05-14,17.957000732421875,18.0,17.700000762939453,17.799999237060547,6559700
2010-05-17,17.911500930786133,18.097999572753906,17.81049919128418,17.81049919128418,6017900
2010-05-18,17.65049934387207,17.972000122070312,17.621000289916992,17.972000122070312,3610600
2010-05-19,17.854999542236328,17.93950080871582,17.639999389648438,17.780000686645508,7072600
2010-05-20,17.686500549316406,17.8700008392334,17.652000427246094,17.8700008392334,5471600
2010-05-21,17.6875,17.738000869750977,17.56049919128418,17.650999069213867,5360100
2010-05-24,17.716999053955078,17.74650001525879,17.635499954223633,17.700000762939453,2306200
2010-05-25,17.97599983215332,18.010000228881836,17.72249984741211,17.770000457763672,6810300
2010-05-26,18.23699951171875,18.259000778198242,18.0310001373291,18.0310001373291,7487800
2010-05-27,18.101999282836914,18.389999389648438,17.979999542236328,17.979999542236328,3700700
2010-05-28,17.94849967956543,18.097999572753906,17.920000076293945,18.097999572753906,6066800
2010-05-31,17.972999572753906,18.399999618530273,17.941999435424805,18.0,4465500
2010-06-01,18.347999572753906,18.399999618530273,17.959999084472656,18.0,7932900
2010-06-02,18.30150032043457,18.469999313354492,18.239999771118164,18.360000610351562,3719000
2010-06-03,18.142000198364258,18.325000762939453,18.109500885009766,18.30150032043457,4692400
2010-06-04,17.993999481201172,18.121999740600586,17.950000762939453,18.121999740600586,3716900
2010-06-07,18.361000061035156,18.450000762939453,18.18000030517578,18.360000610351562,4891300
2010-06-08,18.788999557495117,18.809999465942383,18.399999618530273,18.440000534057617,9080900
2010-06-09,18.598499298095703,18.75,18.399999618530273,18.75,4298200
2010-06-10,18.38450050354004,18.559999465942383,18.313499450683594,18.559999465942383,4110400
2010-06-11,18.32550048828125,18.350000381469727,18.219999313354492,18.350000381469727,4447800
2010-06-14,18.350000381469727,18.579500198364258,18.309999465942383,18.579500198364258,4935500
2010-06-15,18.264999389648438,18.344499588012695,18.220500946044922,18.31999969482422,4862600
2010-06-16,18.402000427246094,18.42799949645996,18.312000274658203,18.31999969482422,8617400
2010-06-17,18.336000442504883,18.46299934387207,18.3125,18.399999618530273,2410900
2010-06-18,18.415000915527344,18.499000549316406,18.3799991607666,18.499000549316406,9314200
2010-06-21,18.444499969482422,19.5,18.389999389648438,18.450000762939453,20568400
2010-06-22,18.27400016784668,18.3799991607666,18.209999084472656,18.3799991607666,8415000
2010-06-23,18.424999237060547,18.44700050354004,18.305500030517578,18.398000717163086,2738100
2010-06-24,18.320999145507812,18.420000076293945,18.28499984741211,18.399999618530273,2375300
2010-06-25,18.50200080871582,18.529499053955078,18.450000762939453,18.450000762939453,2513700
2010-06-28,18.542499542236328,18.568500518798828,18.510499954223633,18.53499984741211,2128000
2010-06-29,18.440000534057617,18.479000091552734,18.31049919128418,18.440000534057617,4686800
2010-06-30,18.5310001373291,18.59600067138672,18.320999145507812,18.320999145507812,2826600
2010-07-01,18.555500030517578,18.61949920654297,18.530000686645508,18.530000686645508,3823100
2010-07-02,18.107500076293945,18.34000015258789,18.049999237060547,18.34000015258789,12689000
2010-07-05,18.16550064086914,18.290000915527344,18.1200008392334,18.290000915527344,3986900
2010-07-06,18.1825008392334,18.209999084472656,18.10300064086914,18.15999984741211,3888200
2010-07-07,17.975500106811523,18.148000717163086,17.950000762939453,18.148000717163086,6327500
2010-07-08,18.092500686645508,18.190000534057617,18.06999969482422,18.190000534057617,3155400
2010-07-09,17.9424991607666,18.089500427246094,17.930500030517578,18.089500427246094,4741000
2010-07-12,18.072999954223633,18.1299991607666,17.950000762939453,17.950000762939453,2163700
2010-07-13,18.096500396728516,18.139999389648438,17.952499389648438,18.139999389648438,9235500
2010-07-14,18.140499114990234,18.159000396728516,18.06999969482422,18.10300064086914,3819600
2010-07-15,18.14699935913086,18.191999435424805,18.114999771118164,18.1299991607666,3238900
2010-07-16,18.07550048828125,18.19849967956543,18.049999237060547,18.049999237060547,3649300
2010-07-19,17.966999053955078,18.049999237060547,17.950000762939453,18.049999237060547,4855000
2010-07-20,17.89349937438965,18.0,17.87299919128418,18.0,6504700
2010-07-21,18.020999908447266,18.04800033569336,17.93000030517578,17.93000030517578,1439700
2010-07-22,17.948999404907227,18.048999786376953,17.92300033569336,18.0,2810900
2010-07-23,18.04050064086914,18.06999969482422,17.989999771118164,18.0,2924500
2010-07-26,17.917499542236328,18.030000686645508,17.900999069213867,18.030000686645508,6015600
2010-07-27,17.739999771118164,17.920000076293945,17.72249984741211,17.899999618530273,6945000
2010-07-28,17.42650032043457,17.670000076293945,17.420000076293945,17.639999389648438,13206100
2010-07-29,17.48900032043457,17.549999237060547,17.450000762939453,17.5,6753400
2010-07-30,17.530000686645508,19.43000030517578,17.479999542236328,19.43000030517578,5931200
2010-08-02,17.51300048828125,17.697999954223633,17.4950008392334,17.600000381469727,8552800
2010-08-03,17.547500610351562,17.577999114990234,17.514999389648438,17.549999237060547,6302800
2010-08-04,17.707000732421875,17.737499237060547,17.549999237060547,17.549999237060547,5150600
2010-08-05,17.717500686645508,17.790000915527344,17.690000534057617,17.790000915527344,4571700
2010-08-06,17.65999984741211,17.739999771118164,17.649999618530273,17.739999771118164,4639400
2010-08-09,17.83099937438965,17.8799991607666,17.700000762939453,17.700000762939453,4824500
2010-08-10,17.780000686645508,17.839500427246094,17.75,17.83099937438965,2316700
2010-08-11,17.883499145507812,17.969999313354492,17.81999969482422,17.969999313354492,4144600
2010-08-12,18.00950050354004,18.030000686645508,17.8700008392334,17.8700008392334,5343600
2010-08-13,18.17300033569336,18.270000457763672,18.08049964904785,18.270000457763672,3881800
2010-08-16,18.299999237060547,18.345500946044922,18.150999069213867,18.29800033569336,4281600
2010-08-17,18.31999969482422,18.368999481201172,18.25,18.368999481201172,2596700
2010-08-18,18.25,18.350000381469727,18.231000900268555,18.280000686645508,3815600
2010-08-19,18.299999237060547,18.320999145507812,18.24049949645996,18.260000228881836,1913700
2010-08-20,18.34000015258789,18.389999389648438,18.299999237060547,18.299999237060547,3128200
2010-08-23,18.324499130249023,18.3700008392334,18.219999313354492,18.219999313354492,4312400
2010-08-24,18.2814998626709,18.448999404907227,18.26099967956543,18.329999923706055,5398700
2010-08-25,18.549999237060547,18.559999465942383,18.360000610351562,18.360000610351562,5940100
2010-08-26,18.531999588012695,18.68000030517578,18.520999908447266,18.58300018310547,4001400
2010-08-27,18.547500610351562,18.568500518798828,18.31049919128418,18.420499801635742,10167500
2010-08-30,18.530000686645508,18.579999923706055,18.410499572753906,18.530000686645508,6972300
2010-08-31,18.579999923706055,18.639999389648438,18.549999237060547,18.59000015258789,5472300
2010-09-01,18.759000778198242,18.769500732421875,18.655000686645508,18.701000213623047,7807200
2010-09-02,18.65999984741211,18.716999053955078,18.640499114990234,18.690000534057617,6974000
2010-09-03,18.69499969482422,18.747499465942383,18.660499572753906,18.660499572753906,4819600
2010-09-06,18.59000015258789,18.700000762939453,18.570499420166016,18.700000762939453,4969100
2010-09-07,18.670000076293945,18.690000534057617,18.030000686645508,18.030000686645508,3209400
2010-09-08,18.790000915527344,18.819000244140625,18.727500915527344,18.75,3924000
2010-09-09,18.673999786376953,18.760000228881836,18.649999618530273,18.760000228881836,3870400
2010-09-13,18.448999404907227,18.648000717163086,18.31049919128418,18.549999237060547,9735100
2010-09-14,18.613000869750977,18.629499435424805,18.470500946044922,18.5,4899900
2010-09-15,18.81999969482422,19.0,18.700000762939453,18.81999969482422,5995900
2010-09-16,18.770000457763672,18.850000381469727,18.690500259399414,18.850000381469727,4820000
2010-09-17,18.779499053955078,18.929500579833984,18.750999450683594,18.899999618530273,3983300
2010-09-20,18.684999465942383,18.850000381469727,18.660999298095703,18.850000381469727,6261500
2010-09-21,18.729999542236328,18.739999771118164,18.610000610351562,18.68000030517578,3824300
2010-09-22,18.719999313354492,18.83449935913086,18.66550064086914,18.75,12378100
2010-09-23,18.767499923706055,18.84749984741211,18.75,18.799999237060547,3005300
2010-09-24,18.770000457763672,18.889999389648438,18.740999221801758,18.889999389648438,2958200
2010-09-27,18.719999313354492,18.770000457763672,18.670000076293945,18.770000457763672,4516200
2010-09-28,18.6200008392334,18.77899932861328,18.51099967956543,18.690000534057617,6498800
2010-09-29,18.80500030517578,18.844999313354492,18.700000762939453,18.700000762939453,5257900
2010-09-30,18.829500198364258,18.839500427246094,18.720500946044922,18.825000762939453,4709100
2010-10-01,18.739999771118164,18.829999923706055,18.691499710083008,18.829999923706055,4994800
2010-10-04,18.73150062561035,18.774499893188477,18.511499404907227,18.75,4067900
2010-10-05,18.901500701904297,18.950000762939453,18.700000762939453,18.729999542236328,8654300
2010-10-06,19.109500885009766,19.118999481201172,18.969999313354492,19.0,7310900
2010-10-07,19.190000534057617,19.23699951171875,19.100000381469727,19.190000534057617,9298700
2010-10-08,18.850000381469727,19.118999481201172,18.845500946044922,19.118999481201172,10123300
2010-10-11,19.139999389648438,19.149999618530273,18.899999618530273,18.899999618530273,6710100
2010-10-12,19.187000274658203,19.239999771118164,19.135499954223633,19.200000762939453,11877200
2010-10-13,19.31999969482422,19.31999969482422,19.220500946044922,19.25,6130300
2010-10-14,19.475000381469727,19.597999572753906,19.399999618530273,19.5,13937300
2010-10-15,19.3435001373291,19.649999618530273,19.32550048828125,19.649999618530273,10516600
2010-10-18,19.208999633789062,19.32550048828125,19.15399932861328,19.32550048828125,10059300
2010-10-19,19.38450050354004,19.600000381469727,19.25,19.600000381469727,4395000
2010-10-20,19.011499404907227,19.19499969482422,18.93000030517578,19.19499969482422,15311500
2010-10-21,19.17650032043457,19.290000915527344,19.030000686645508,19.100000381469727,9542100
2010-10-22,18.94099998474121,19.09000015258789,18.829999923706055,19.0,10287300
2010-10-25,19.090499877929688,19.160999298095703,19.01099967956543,19.160999298095703,6687600
2010-10-26,18.95549964904785,19.14900016784668,18.93950080871582,19.040000915527344,4244800
2010-10-27,18.940000534057617,19.040000915527344,18.899999618530273,19.004499435424805,3275800
2010-10-28,18.868000030517578,18.944000244140625,18.839000701904297,18.909000396728516,4931200
2010-10-29,18.95050048828125,19.11949920654297,18.799999237060547,18.951000213623047,7839500
2010-11-01,19.36199951171875,19.39349937438965,19.11050033569336,19.139999389648438,9201700
2010-11-02,19.2810001373291,19.347999572753906,19.200000762939453,19.347999572753906,4166500
2010-11-03,19.276500701904297,19.359500885009766,19.184999465942383,19.359500885009766,13275000
2010-11-04,19.299999237060547,19.347999572753906,19.200000762939453,19.280000686645508,8923000
2010-11-08,19.588499069213867,19.648000717163086,19.460500717163086,19.5,6529800
2010-11-09,19.827499389648438,19.899999618530273,19.639999389648438,19.639999389648438,6594700
2010-11-10,19.850500106811523,19.889999389648438,19.641000747680664,19.700000762939453,5165400
2010-11-11,19.88249969482422,19.948999404907227,19.730499267578125,19.829999923706055,4983300
2010-11-12,19.697500228881836,19.889999389648438,19.649999618530273,19.889999389648438,4365700
2010-11-15,19.609500885009766,20.690000534057617,19.54050064086914,20.690000534057617,5326900
2010-11-16,19.627500534057617,19.649999618530273,19.540000915527344,19.540000915527344,3183200
2010-11-18,19.613000869750977,19.67799949645996,19.550500869750977,19.65049934387207,2554000
2010-11-19,19.648500442504883,19.700000762939453,19.549999237060547,19.603500366210938,4799700
2010-11-22,19.66550064086914,19.716999053955078,19.600000381469727,19.65999984741211,4388200
2010-11-23,19.833999633789062,19.8700008392334,19.68000030517578,19.75,4313700
2010-11-24,19.999500274658203,20.020000457763672,19.902999877929688,19.950000762939453,3999600
2010-11-25,19.938499450683594,19.989999771118164,19.829999923706055,19.989999771118164,4094500
2010-11-26,19.954500198364258,19.9689998626709,19.860000610351562,19.950000762939453,3423300
2010-11-29,19.929500579833984,19.98699951171875,19.800500869750977,19.98699951171875,6487600
2010-11-30,19.90250015258789,19.950000762939453,19.84000015258789,19.950000762939453,6472700
2010-12-01,19.972999572753906,20.138500213623047,19.920000076293945,19.920000076293945,9947900
2010-12-02,19.984500885009766,20.100000381469727,19.969999313354492,20.100000381469727,4453200
2010-12-03,20.01449966430664,20.059999465942383,19.920499801635742,19.969999313354492,2511500
2010-12-06,20.23349952697754,20.268999099731445,20.112499237060547,20.112499237060547,6813000
2010-12-07,20.27400016784668,20.329999923706055,20.25,20.260499954223633,4123100
2010-12-08,20.04599952697754,20.1200008392334,19.950000762939453,20.049999237060547,6673700
2010-12-09,19.962499618530273,20.030000686645508,19.91699981689453,20.030000686645508,3537900
2010-12-10,19.975500106811523,20.059499740600586,19.951499938964844,20.000499725341797,2358800
2010-12-13,19.99650001525879,20.039499282836914,19.93000030517578,20.0,3170600
2010-12-14,20.111000061035156,20.15999984741211,20.030000686645508,20.049999237060547,2257200
2010-12-15,19.979000091552734,20.11949920654297,19.969999313354492,20.089000701904297,4317100
2010-12-16,19.99049949645996,20.01849937438965,19.951499938964844,19.979000091552734,3246300
2010-12-20,20.0049991607666,20.097000122070312,19.9950008392334,20.0,2727600
2010-12-21,19.978500366210938,20.089500427246094,19.910499572753906,19.950000762939453,3183500
2010-12-22,19.95599937438965,20.09000015258789,19.940000534057617,20.09000015258789,2910700
2010-12-23,19.865999221801758,19.969999313354492,19.850000381469727,19.969999313354492,4059500
2010-12-24,19.94300079345703,19.95400047302246,19.813499450683594,19.8700008392334,3202500
2010-12-27,20.0310001373291,20.059999465942383,19.889999389648438,19.950000762939453,2516100
2010-12-28,19.99799919128418,20.09000015258789,19.96500015258789,20.050500869750977,4771100
2010-12-29,20.134000778198242,20.18000030517578,20.051000595092773,20.099000930786133,3254100
2010-12-30,20.18000030517578,20.200000762939453,20.1299991607666,20.156999588012695,2671500
2010-12-31,20.099000930786133,20.170000076293945,20.059999465942383,20.101499557495117,5364500
2011-01-03,20.21150016784668,20.226999282836914,20.149999618530273,20.190000534057617,3957200
2011-01-04,20.134000778198242,20.23900032043457,20.059999465942383,20.200000762939453,3564000
2011-01-05,19.923500061035156,19.999000549316406,19.878000259399414,19.989999771118164,6676600
2011-01-06,19.81399917602539,19.94849967956543,19.799999237060547,19.90999984741211,5352800
2011-01-07,19.672000885009766,19.81999969482422,19.649999618530273,19.799999237060547,4560900
2011-01-10,19.73900032043457,19.899999618530273,19.70050048828125,19.899999618530273,4378000
2011-01-11,19.771499633789062,19.847999572753906,19.710500717163086,19.75,4149000
2011-01-12,19.826000213623047,19.844999313354492,19.75,19.75,2143100
2011-01-13,19.846500396728516,19.91900062561035,19.81049919128418,19.81049919128418,2150900
2011-01-14,19.756500244140625,19.834999084472656,19.719999313354492,19.834999084472656,2891000
2011-01-17,19.6825008392334,19.83799934387207,19.65999984741211,19.700000762939453,3299900
2011-01-18,19.778499603271484,19.797000885009766,19.68000030517578,19.701000213623047,2161900
2011-01-19,19.73150062561035,19.82900047302246,19.72100067138672,19.790000915527344,1615200
2011-01-20,19.788999557495117,19.82900047302246,19.7549991607666,19.788000106811523,1934700
2011-01-21,19.568500518798828,19.719999313354492,19.540000915527344,19.719999313354492,6350400
2011-01-24,19.61400032043457,19.64299964904785,19.58099937438965,19.6299991607666,5379600
2011-01-25,19.309499740600586,19.540000915527344,19.299999237060547,19.510000228881836,6282600
2011-01-27,19.472000122070312,19.559999465942383,19.350000381469727,19.350000381469727,5023100
2011-01-28,19.201499938964844,19.350000381469727,19.104999542236328,19.350000381469727,8519800
2011-01-31,19.562999725341797,19.649999618530273,19.389999389648438,19.489999771118164,13568200
2011-02-01,19.47450065612793,19.649999618530273,19.452499389648438,19.649999618530273,2518000
2011-02-02,19.42099952697754,19.600000381469727,19.391000747680664,19.600000381469727,2160700
2011-02-03,19.301000595092773,19.450000762939453,19.274999618530273,19.450000762939453,2675400
2011-02-04,19.58049964904785,19.600000381469727,19.489999771118164,19.489999771118164,2811200
2011-02-07,19.530000686645508,19.610000610351562,19.452499389648438,19.610000610351562,4275300
2011-02-08,19.583999633789062,19.628999710083008,19.461000442504883,19.540000915527344,1919800
2011-02-09,19.647499084472656,19.698999404907227,19.56800079345703,19.56800079345703,4087700
2011-02-10,19.70599937438965,19.747499465942383,19.647499084472656,19.670000076293945,2716800
2011-02-11,19.659500122070312,19.77549934387207,19.530000686645508,19.739999771118164,2326000
2011-02-14,19.659500122070312,19.68950080871582,19.590499877929688,19.661500930786133,2087000
2011-02-15,19.775999069213867,19.798999786376953,19.64699935913086,19.790000915527344,1648600
2011-02-16,19.84600067138672,19.850000381469727,19.780000686645508,19.799999237060547,1130300
2011-02-17,19.89349937438965,19.93000030517578,19.780000686645508,19.799999237060547,3808200
2011-02-18,19.956499099731445,19.977500915527344,19.811500549316406,19.89349937438965,1322900
2011-02-21,19.992000579833984,20.030000686645508,19.956499099731445,19.97949981689453,3183100
2011-02-22,20.03700065612793,20.11750030517578,20.0,20.030000686645508,3808500
2011-02-23,20.055999755859375,20.110000610351562,20.020999908447266,20.100000381469727,1895400
2011-02-24,20.31999969482422,20.329999923706055,20.11050033569336,20.149999618530273,4370800
2011-02-25,20.19099998474121,20.297000885009766,20.170000076293945,20.200000762939453,2673100
2011-02-28,20.19700050354004,20.347000122070312,20.15250015258789,20.201000213623047,4876200
2011-03-01,20.247499465942383,20.25950050354004,20.180999755859375,20.200000762939453,2014200
2011-03-03,20.416000366210938,20.529499053955078,20.280000686645508,20.361000061035156,5038800
2011-03-04,20.276500701904297,20.350000381469727,20.062999725341797,20.350000381469727,3915700
2011-03-07,20.54199981689453,20.579999923706055,20.410499572753906,20.43000030517578,5319200
2011-03-08,20.4325008392334,20.520000457763672,20.360000610351562,20.520000457763672,4457400
2011-03-09,20.416500091552734,20.450000762939453,20.350000381469727,20.450000762939453,2128100
2011-03-10,20.437000274658203,20.489500045776367,20.361499786376953,20.424999237060547,1854500
2011-03-11,20.300500869750977,20.389999389648438,20.219999313354492,20.219999313354492,4222000
2011-03-14,20.34149932861328,20.440000534057617,20.319000244140625,20.350000381469727,3580600
2011-03-15,20.238500595092773,20.378999710083008,20.229999542236328,20.34000015258789,3204000
2011-03-16,20.069499969482422,20.199499130249023,20.030000686645508,20.199499130249023,5152100
2011-03-17,19.991500854492188,20.059999465942383,19.952999114990234,20.010000228881836,4616200
2011-03-18,20.238500595092773,20.260000228881836,20.040000915527344,20.040000915527344,3657600
2011-03-21,20.38450050354004,20.437000274658203,20.299999237060547,20.299999237060547,2436700
2011-03-22,20.41699981689453,20.489999771118164,20.360000610351562,20.389999389648438,3232200
2011-03-23,20.395000457763672,20.450000762939453,20.350000381469727,20.41699981689453,2665900
2011-03-24,20.466999053955078,20.520000457763672,20.410499572753906,20.450000762939453,3794600
2011-03-25,20.33300018310547,20.399999618530273,20.301000595092773,20.399999618530273,5082800
2011-03-28,20.242000579833984,20.329999923706055,20.15999984741211,20.290000915527344,8710200
2011-03-29,20.090999603271484,20.25,20.06999969482422,20.25,5494300
2011-03-30,20.159500122070312,20.209999084472656,20.090999603271484,20.100000381469727,3146600
2011-03-31,20.243000030517578,20.280000686645508,20.17799949645996,20.17799949645996,2346700
2011-04-01,20.29400062561035,20.31999969482422,20.18000030517578,20.24850082397461,2266800
2011-04-04,20.238500595092773,20.28849983215332,20.209999084472656,20.27199935913086,4951600
2011-04-05,20.228500366210938,20.309999465942383,20.210500717163086,20.242000579833984,3744900
2011-04-06,20.453500747680664,20.469999313354492,20.315000534057617,20.315000534057617,5099300
2011-04-07,20.428499221801758,20.454999923706055,20.39550018310547,20.450000762939453,2973300
2011-04-08,20.578500747680664,20.594999313354492,20.441499710083008,20.459999084472656,2796800
2011-04-11,20.67449951171875,20.739999771118164,20.6200008392334,20.68000030517578,4554300
2011-04-13,20.590999603271484,20.670000076293945,20.542499542236328,20.649999618530273,3640000
2011-04-15,20.779499053955078,21.976999282836914,20.716999053955078,21.058500289916992,4487900
2011-04-18,20.882999420166016,20.940000534057617,20.850500106811523,20.862499237060547,4217400
2011-04-19,21.103500366210938,21.139999389648438,20.950000762939453,20.950000762939453,4758900
2011-04-20,21.13599967956543,21.190000534057617,21.010000228881836,21.149999618530273,6149300
2011-04-21,21.143999099731445,21.19849967956543,21.100500106811523,21.19849967956543,7625500
2011-04-25,21.422000885009766,21.5,21.280000686645508,21.368499755859375,14399200
2011-04-26,21.216999053955078,21.3700008392334,21.139999389648438,21.3700008392334,9457800
2011-04-27,21.242000579833984,21.29800033569336,21.200000762939453,21.29800033569336,4706600
2011-04-28,21.577499389648438,21.600000381469727,21.305500030517578,21.305500030517578,6946700
2011-04-29,21.56599998474121,21.687999725341797,21.5314998626709,21.649999618530273,7487400
2011-05-02,21.927000045776367,21.95949935913086,21.631000518798828,21.75,13840900
2011-05-03,21.788000106811523,21.959999084472656,21.711000442504883,21.959999084472656,8518400
2011-05-04,21.642000198364258,21.729999542236328,21.610000610351562,21.700000762939453,9685300
2011-05-05,21.41200065612793,21.59950065612793,21.390499114990234,21.59950065612793,36955200
2011-05-06,21.590499877929688,21.760000228881836,21.235000610351562,21.350000381469727,98864500
2011-05-09,21.37150001525879,21.699499130249023,21.31999969482422,21.552000045776367,6904500
2011-05-10,21.483999252319336,21.5,21.360000610351562,21.40999984741211,5154500
2011-05-11,21.56800079345703,21.600000381469727,21.521499633789062,21.521499633789062,7413500
2011-05-12,21.217500686645508,21.520000457763672,21.020000457763672,21.520000457763672,9480600
2011-05-13,21.516000747680664,21.597000122070312,21.25550079345703,21.25550079345703,6529700
2011-05-16,21.339500427246094,21.42650032043457,21.288999557495117,21.398500442504883,4589400
2011-05-17,21.348499298095703,21.420000076293945,21.3125,21.34749984741211,2098900
2011-05-18,21.302000045776367,21.35650062561035,21.2814998626709,21.329999923706055,4812800
2011-05-19,21.25,21.39900016784668,21.229999542236328,21.39900016784668,3958900
2011-05-20,21.364999771118164,21.399999618530273,21.26300048828125,21.26300048828125,2690900
2011-05-23,21.60300064086914,21.659000396728516,21.5,21.5,4588700
2011-05-24,21.707500457763672,21.735000610351562,21.600000381469727,21.600000381469727,4010300
2011-05-25,21.831499099731445,21.85849952697754,21.75,21.75,4393600
2011-05-26,21.738000869750977,21.898000717163086,21.671499252319336,21.854999542236328,2402200
2011-05-27,21.780000686645508,21.860000610351562,20.760000228881836,20.760000228881836,1896700
2011-05-30,21.81450080871582,21.899499893188477,21.791000366210938,21.843000411987305,2674600
2011-05-31,21.904499053955078,21.947999954223633,21.792499542236328,21.849000930786133,3394900
2011-06-01,21.733999252319336,21.860000610351562,21.719999313354492,21.789499282836914,4359000
2011-06-02,21.916500091552734,21.940000534057617,21.811500549316406,21.811500549316406,2972500
2011-06-03,21.753999710083008,21.850000381469727,21.660499572753906,21.850000381469727,2880100
2011-06-06,21.856000900268555,21.92099952697754,21.829999923706055,21.8700008392334,2182900
2011-06-07,21.890499114990234,21.90399932861328,21.860000610351562,21.8799991607666,2543200
2011-06-08,21.718000411987305,21.8799991607666,21.70949935913086,21.8799991607666,4876400
2011-06-09,21.742000579833984,21.779499053955078,21.71299934387207,21.75,2718800
2011-06-10,21.827499389648438,21.8700008392334,21.7814998626709,21.8700008392334,1728500
2011-06-13,21.62849998474121,21.827499389648438,21.612499237060547,21.827499389648438,7143800
2011-06-14,21.512500762939453,21.600000381469727,21.5,21.600000381469727,3583800
2011-06-15,21.43400001525879,21.63949966430664,21.411500930786133,21.59000015258789,5885300
2011-06-16,21.599000930786133,21.61949920654297,21.559999465942383,21.586999893188477,3159900
2011-06-17,21.609500885009766,21.655000686645508,21.225000381469727,21.350000381469727,2204800
2011-06-20,21.84950065612793,21.86949920654297,21.729999542236328,21.797000885009766,9156400
2011-06-21,21.89299964904785,21.899999618530273,21.65999984741211,21.65999984741211,3207300
2011-06-22,21.901500701904297,21.940000534057617,21.865999221801758,21.899999618530273,3632400
2011-06-23,21.847000122070312,22.0,21.820499420166016,22.0,3179200
2011-06-24,21.631999969482422,21.75,21.606000900268555,21.75,7037100
2011-06-27,21.414499282836914,21.600000381469727,21.299999237060547,21.600000381469727,9390700
2011-06-28,21.38800048828125,21.406999588012695,21.302499771118164,21.399999618530273,5388700
2011-06-29,21.42300033569336,21.463499069213867,21.351499557495117,21.40049934387207,3324700
2011-06-30,21.337499618530273,21.5,21.309999465942383,21.5,5176300
2011-07-01,21.049999237060547,21.295000076293945,21.020000457763672,21.295000076293945,11252300
2011-07-04,21.009000778198242,21.099000930786133,20.992000579833984,21.09000015258789,7515100
2011-07-05,21.05150032043457,21.129499435424805,21.030500411987305,21.100000381469727,4216600
2011-07-06,21.306499481201172,21.347000122070312,21.200000762939453,21.201499938964844,6516000
2011-07-07,21.465499877929688,21.549999237060547,21.42300033569336,21.450000762939453,5195200
2011-07-08,21.406999588012695,21.514999389648438,21.393999099731445,21.5,3218600
2011-07-11,21.678499221801758,21.746999740600586,21.610000610351562,21.610000610351562,4502400
2011-07-12,21.788999557495117,21.866500854492188,21.750499725341797,21.799999237060547,5181200
2011-07-13,22.018999099731445,22.078500747680664,21.850000381469727,21.899999618530273,8286400
2011-07-14,22.276500701904297,22.299999237060547,22.100000381469727,22.100000381469727,8466300
2011-07-15,22.109500885009766,22.270000457763672,22.089000701904297,22.270000457763672,5506100
2011-07-18,22.462499618530273,22.489999771118164,22.243000030517578,22.299999237060547,8985300
2011-07-19,22.458999633789062,22.609500885009766,22.420499801635742,22.58799934387207,10543100
2011-07-20,22.180999755859375,22.386999130249023,22.15999984741211,22.386999130249023,11643100
2011-07-21,22.284500122070312,22.499000549316406,22.25149917602539,22.499000549316406,9806100
2011-07-22,22.093000411987305,22.19849967956543,22.020000457763672,22.19849967956543,9999100
2011-07-25,22.48900032043457,22.539499282836914,22.3125,22.499000549316406,11521500
2011-07-26,22.299999237060547,22.438499450683594,22.26099967956543,22.438499450683594,9032400
2011-07-27,22.346500396728516,22.459999084472656,22.260000228881836,22.33049964904785,10372000
2011-07-28,22.3075008392334,22.3799991607666,22.2549991607666,22.329999923706055,10448100
2011-07-29,22.311500549316406,22.34600067138672,22.2549991607666,22.34600067138672,10724400
2011-08-01,22.34749984741211,22.3799991607666,22.201499938964844,22.278499603271484,8011600
2011-08-02,22.506000518798828,22.558000564575195,22.410499572753906,22.410499572753906,9138000
2011-08-03,23.066999435424805,23.139999389648438,22.54949951171875,22.649999618530273,20045300
2011-08-04,23.152000427246094,23.197500228881836,23.100500106811523,23.135000228881836,10880900
2011-08-05,23.25200080871582,23.350000381469727,22.920000076293945,23.06999969482422,26956100
2011-08-08,24.17650032043457,24.66950035095215,23.71500015258789,23.71500015258789,31746700
2011-08-09,25.180999755859375,25.450000762939453,24.601999282836914,24.809999465942383,37767700
2011-08-10,24.929000854492188,25.100000381469727,24.75,24.997499465942383,15778300
2011-08-11,25.534500122070312,25.700000762939453,25.200000762939453,25.200000762939453,19735400
2011-08-12,25.120500564575195,25.347999572753906,24.889999389648438,25.100000381469727,21799700
2011-08-16,25.34149932861328,25.420000076293945,25.1299991607666,25.1299991607666,15033100
2011-08-17,25.683000564575195,25.739999771118164,25.350000381469727,25.350000381469727,18173100
2011-08-18,25.861000061035156,25.898000717163086,25.719999313354492,25.798999786376953,18128400
2011-08-19,26.96649932861328,27.299999237060547,26.350000381469727,26.760000228881836,36209900
2011-08-22,27.020000457763672,27.780000686645508,26.97249984741211,27.112499237060547,40195800
2011-08-23,26.980499267578125,27.479999542236328,26.860000610351562,27.229999542236328,34857100
2011-08-24,26.61199951171875,26.68000030517578,26.31999969482422,26.64900016784668,27321900
2011-08-25,25.12849998474121,25.99799919128418,25.040000915527344,25.99799919128418,55155700
2011-08-26,25.867000579833984,25.89699935913086,25.59000015258789,25.61050033569336,26058300
2011-08-29,26.21150016784668,26.700000762939453,26.06399917602539,26.51099967956543,19611100
2011-08-30,25.895000457763672,26.086999893188477,25.767000198364258,26.049999237060547,20224600
2011-09-02,26.681499481201172,26.75,26.211999893188477,26.44700050354004,19068600
2011-09-05,27.267499923706055,27.41349983215332,26.921499252319336,27.0,26761200
2011-09-06,27.069499969482422,27.780500411987305,26.672000885009766,27.511499404907227,34109200
2011-09-07,26.425500869750977,27.010000228881836,26.260000228881836,27.010000228881836,34125400
2011-09-08,26.345500946044922,27.011499404907227,26.017499923706055,27.011499404907227,17806800
2011-09-09,27.13450050354004,27.219999313354492,26.65250015258789,26.65250015258789,19187300
2011-09-12,27.065000534057617,27.246999740600586,26.809999465942383,27.200000762939453,17571500
2011-09-13,26.90250015258789,26.9950008392334,26.770000457763672,26.989999771118164,11583200
2011-09-14,27.249000549316406,27.389999389648438,27.0,27.0,16613200
2011-09-15,26.94849967956543,27.100000381469727,26.901500701904297,27.040000915527344,9205800
2011-09-16,26.397499084472656,26.688499450683594,26.225000381469727,26.688499450683594,24379100
2011-09-19,27.115999221801758,27.190000534057617,26.899999618530273,26.899999618530273,20149700
2011-09-20,26.951499938964844,27.027999877929688,26.71299934387207,26.948999404907227,23203100
2011-09-21,27.174999237060547,27.249000549316406,27.049999237060547,27.049999237060547,13376700
2011-09-22,27.042999267578125,27.3700008392334,26.989999771118164,27.3700008392334,21609000
2011-09-23,26.686500549316406,27.070499420166016,26.631500244140625,27.0,22749300
2011-09-26,25.040000915527344,26.25,24.809999465942383,26.25,79841700
2011-09-27,25.702499389648438,25.75,25.110000610351562,25.110000610351562,30183000
2011-09-28,25.343000411987305,25.709999084472656,25.0625,25.709999084472656,19799400
2011-09-29,24.902000427246094,25.078500747680664,24.820999145507812,25.010499954223633,23052600
2011-09-30,25.20599937438965,25.360000610351562,24.90999984741211,24.90999984741211,15299900
2011-10-03,25.633499145507812,25.68899917602539,25.270000457763672,25.399999618530273,23606300
2011-10-04,25.750499725341797,25.8700008392334,25.61050033569336,25.799999237060547,18749100
2011-10-05,24.875,25.5,24.81049919128418,25.5,26935700
2011-10-07,25.35099983215332,25.534500122070312,25.25,25.25,12259800
2011-10-10,25.434499740600586,25.499000549316406,25.301000595092773,25.350000381469727,10999500
2011-10-11,25.54800033569336,25.700000762939453,25.469999313354492,25.665000915527344,11092100
2011-10-12,25.75550079345703,25.79050064086914,25.600500106811523,25.700000762939453,8389200
2011-10-13,25.637500762939453,25.719999313354492,25.531999588012695,25.719999313354492,6624500
2011-10-14,25.665000915527344,25.708999633789062,25.510000228881836,25.600000381469727,5130200
2011-10-17,25.690500259399414,25.74850082397461,25.590999603271484,25.74850082397461,11197700
2011-10-18,25.56049919128418,25.799999237060547,25.530500411987305,25.799999237060547,7142000
2011-10-19,25.456499099731445,25.632999420166016,25.370500564575195,25.56049919128418,9466500
2011-10-20,25.293500900268555,25.350000381469727,25.100000381469727,25.350000381469727,22472800
2011-10-21,25.3799991607666,25.54949951171875,25.341999053955078,25.420499801635742,10364800
2011-10-24,25.913999557495117,25.95949935913086,25.549999237060547,25.549999237060547,129481600
2011-10-25,25.773500442504883,25.895000457763672,25.710500717163086,25.895000457763672,9777900
2011-10-28,26.277999877929688,26.594999313354492,26.250999450683594,26.298999786376953,18809700
2011-10-31,25.99449920654297,26.07699966430664,25.600000381469727,26.030000686645508,11881300
2011-11-01,26.162500381469727,26.299999237060547,26.0,26.0,11231200
2011-11-02,26.54050064086914,26.58799934387207,26.350000381469727,26.350000381469727,15365400
2011-11-03,26.64900016784668,26.670000076293945,26.51099967956543,26.52050018310547,8080900
2011-11-04,26.853500366210938,26.999000549316406,26.772499084472656,26.772499084472656,12609800
2011-11-08,27.4689998626709,27.510000228881836,27.22249984741211,27.22249984741211,21011500
2011-11-09,27.581499099731445,27.69499969482422,27.5,27.5,14796600
2011-11-11,27.423999786376953,27.549999237060547,27.360000610351562,27.489999771118164,15701200
2011-11-14,27.743499755859375,27.875999450683594,27.65049934387207,27.75,15794100
2011-11-15,27.674999237060547,27.83449935913086,27.65250015258789,27.739999771118164,11466800
2011-11-16,27.951000213623047,28.0,27.756000518798828,27.760499954223633,16407000
2011-11-17,27.838499069213867,27.8700008392334,27.6564998626709,27.849000930786133,6874900
2011-11-18,27.454999923706055,27.700000762939453,27.200000762939453,27.700000762939453,8274800
2011-11-21,27.489999771118164,27.624000549316406,27.44099998474121,27.5,14980400
2011-11-22,27.509000778198242,27.540000915527344,27.210500717163086,27.249500274658203,10978600
2011-11-23,27.392499923706055,27.690000534057617,27.36050033569336,27.690000534057617,10514600
2011-11-24,27.488500595092773,27.538999557495117,27.32200050354004,27.40999984741211,8797100
2011-11-25,27.267499923706055,27.478500366210938,27.209999084472656,27.478500366210938,10192600
2011-11-28,27.63450050354004,27.670000076293945,27.299999237060547,27.299999237060547,9739100
2011-11-29,27.622499465942383,29.40999984741211,27.551000595092773,27.649999618530273,5979000
2011-11-30,27.66699981689453,27.898500442504883,27.635000228881836,27.820499420166016,8080500
2011-12-01,27.96649932861328,27.989999771118164,27.8700008392334,27.902000427246094,13040200
2011-12-02,27.964500427246094,27.987499237060547,27.802000045776367,27.899999618530273,7611200
2011-12-05,27.915000915527344,27.97800064086914,27.850000381469727,27.959999084472656,6139600
2011-12-07,27.754499435424805,27.847000122070312,27.719999313354492,27.79800033569336,6933000
2011-12-08,27.988000869750977,28.03700065612793,27.920000076293945,27.920000076293945,7000200
2011-12-09,27.808500289916992,27.885000228881836,27.719999313354492,27.719999313354492,9836500
2011-12-12,27.516000747680664,27.6875,27.50149917602539,27.600000381469727,12627100
2011-12-13,27.54599952697754,27.599000930786133,27.271499633789062,27.399999618530273,8367000
2011-12-14,27.34149932861328,27.41699981689453,27.319499969482422,27.34000015258789,13171400
2011-12-15,26.382999420166016,26.99650001525879,26.329999923706055,26.99650001525879,35003100
2011-12-16,26.190500259399414,26.34000015258789,25.8799991607666,26.200000762939453,20118800
2011-12-19,26.32699966430664,26.39699935913086,26.149999618530273,26.158000946044922,17170200
2011-12-20,26.476499557495117,26.548500061035156,26.27549934387207,26.333999633789062,10554700
2011-12-21,26.813499450683594,26.849000930786133,26.60099983215332,26.60099983215332,8156600
2011-12-22,26.538000106811523,26.584999084472656,26.423500061035156,26.50149917602539,5521900
2011-12-23,26.514999389648438,26.589000701904297,26.452499389648438,26.483999252319336,5326900
2011-12-26,26.481000900268555,26.539499282836914,25.760499954223633,25.760499954223633,3607600
2011-12-27,26.36750030517578,26.440000534057617,26.238000869750977,26.440000534057617,4273500
2011-12-28,26.32699966430664,26.405000686645508,26.25200080871582,26.350000381469727,3711400
2011-12-29,25.840499877929688,26.084999084472656,25.770000457763672,26.084999084472656,10173800
2011-12-30,26.102500915527344,26.1299991607666,25.6299991607666,25.840499877929688,12987000
2012-01-02,26.1924991607666,26.23900032043457,26.110000610351562,26.110000610351562,6877000
2012-01-03,26.446500778198242,26.484500885009766,26.218000411987305,26.280000686645508,9236500
2012-01-04,26.659000396728516,26.718000411987305,26.451499938964844,26.5,7772800
2012-01-05,26.639999389648438,26.799999237060547,26.59000015258789,26.75,8708900
2012-01-06,26.742000579833984,26.8439998626709,26.713499069213867,26.750499725341797,5826500
2012-01-09,26.542999267578125,26.649999618530273,26.5,26.649999618530273,8596600
2012-01-10,26.35449981689453,26.469999313354492,26.3125,26.469999313354492,9811700
2012-01-11,26.46299934387207,26.479000091552734,26.34950065612793,26.350000381469727,4876900
2012-01-12,26.527000427246094,26.649999618530273,26.479999542236328,26.649999618530273,8574300
2012-01-13,26.279499053955078,26.399999618530273,25.5,26.399999618530273,9956100
2012-01-16,26.381000518798828,26.579999923706055,26.326000213623047,26.326000213623047,9141900
2012-01-17,26.51849937438965,26.547000885009766,26.305500030517578,26.399999618530273,10874300
2012-01-18,26.351999282836914,26.600000381469727,26.25,26.600000381469727,5031600
2012-01-19,26.355499267578125,26.414499282836914,26.210500717163086,26.351999282836914,5075200
2012-01-20,26.135499954223633,26.309999465942383,26.11199951171875,26.28499984741211,8079600
2012-01-23,26.344999313354492,26.412500381469727,26.31999969482422,26.33799934387207,4465700
2012-01-24,26.201499938964844,26.344999313354492,26.18000030517578,26.344999313354492,18279000
2012-01-25,26.12849998474121,26.204500198364258,26.052499771118164,26.184999465942383,4086600
2012-01-27,26.70599937438965,26.87700080871582,26.602500915527344,26.65999984741211,12411600
2012-01-30,26.89550018310547,26.93899917602539,26.690000534057617,26.690000534057617,10685900
2012-01-31,27.06599998474121,27.1299991607666,26.952999114990234,26.989999771118164,6681300
2012-02-01,27.122499465942383,27.229999542236328,27.00149917602539,27.229999542236328,4357800
2012-02-02,27.009000778198242,27.122499465942383,26.962499618530273,27.122499465942383,3143300
2012-02-03,27.066499710083008,27.15999984741211,27.030500411987305,27.059999465942383,5220000
2012-02-06,26.574499130249023,26.899999618530273,26.27549934387207,26.899999618530273,11275000
2012-02-07,26.636999130249023,26.67650032043457,26.511499404907227,26.579999923706055,3985300
2012-02-08,26.996999740600586,27.27899932861328,26.86050033569336,27.0,5724500
2012-02-09,26.921499252319336,26.966999053955078,26.834999084472656,26.927499771118164,3132400
2012-02-10,26.840499877929688,27.0,26.773000717163086,26.950000762939453,2701000
2012-02-13,26.72949981689453,26.927499771118164,26.700000762939453,26.75,3547000
2012-02-14,26.648500442504883,26.700000762939453,26.5310001373291,26.700000762939453,3383300
2012-02-15,26.83049964904785,26.883499145507812,26.6200008392334,26.68000030517578,3717500
2012-02-16,26.808000564575195,26.8799991607666,26.753000259399414,26.83049964904785,2146700
2012-02-17,26.811500549316406,26.997499465942383,26.760000228881836,26.899999618530273,3273900
2012-02-21,26.905000686645508,26.940000534057617,26.725000381469727,26.848499298095703,4103300
2012-02-22,27.18572998046875,27.18572998046875,27.18572998046875,27.18572998046875,0
2012-02-23,27.519500732421875,27.519500732421875,27.519500732421875,27.519500732421875,0
2012-02-24,27.45146942138672,27.45146942138672,27.45146942138672,27.45146942138672,0
2012-02-27,27.232789993286133,27.232789993286133,27.232789993286133,27.232789993286133,0
2012-02-28,27.433380126953125,27.433380126953125,27.433380126953125,27.433380126953125,0
2012-02-29,27.525360107421875,27.525360107421875,27.525360107421875,27.525360107421875,0
2012-03-01,26.603349685668945,26.603349685668945,26.603349685668945,26.603349685668945,0
2012-03-02,26.606809616088867,26.606809616088867,26.606809616088867,26.606809616088867,0
2012-03-05,26.580829620361328,26.580829620361328,26.580829620361328,26.580829620361328,0
2012-03-06,26.504840850830078,26.504840850830078,26.504840850830078,26.504840850830078,0
2012-03-07,26.73896026611328,26.73896026611328,26.73896026611328,26.73896026611328,0
2012-03-09,26.715280532836914,26.715280532836914,26.715280532836914,26.715280532836914,0
2012-03-12,26.766210556030273,26.766210556030273,26.766210556030273,26.766210556030273,0
2012-03-13,26.54998016357422,26.54998016357422,26.54998016357422,26.54998016357422,0
2012-03-14,26.06907081604004,26.06907081604004,26.06907081604004,26.06907081604004,0
2012-03-15,25.991880416870117,25.991880416870117,25.991880416870117,25.991880416870117,0
2012-03-16,26.07210922241211,26.07210922241211,26.07210922241211,26.07210922241211,0
2012-03-19,26.572900772094727,26.572900772094727,26.572900772094727,26.572900772094727,0
2012-03-20,26.550010681152344,26.550010681152344,26.550010681152344,26.550010681152344,0
2012-03-21,26.841060638427734,26.841060638427734,26.841060638427734,26.841060638427734,0
2012-03-22,26.67462921142578,26.67462921142578,26.67462921142578,26.67462921142578,0
2012-03-23,26.916770935058594,26.916770935058594,26.916770935058594,26.916770935058594,0
2012-03-26,27.232629776000977,27.232629776000977,27.232629776000977,27.232629776000977,0
2012-03-27,27.611459732055664,27.611459732055664,27.611459732055664,27.611459732055664,0
2012-03-28,27.340160369873047,27.340160369873047,27.340160369873047,27.340160369873047,0
2012-03-29,27.11054039001465,27.11054039001465,27.11054039001465,27.11054039001465,0
2012-03-30,27.197479248046875,27.197479248046875,27.197479248046875,27.197479248046875,0
2012-04-02,27.29254913330078,27.29254913330078,27.29254913330078,27.29254913330078,0
2012-04-03,27.17007064819336,27.17007064819336,27.17007064819336,27.17007064819336,0
2012-04-04,26.745420455932617,26.745420455932617,26.745420455932617,26.745420455932617,0
2012-04-09,26.711639404296875,26.711639404296875,26.711639404296875,26.711639404296875,0
2012-04-10,27.00741958618164,27.00741958618164,27.00741958618164,27.00741958618164,0
2012-04-11,27.34061050415039,27.34061050415039,27.34061050415039,27.34061050415039,0
2012-04-12,27.310319900512695,27.310319900512695,27.310319900512695,27.310319900512695,0
2012-04-13,27.53282928466797,27.53282928466797,27.53282928466797,27.53282928466797,0
2012-04-16,27.302780151367188,27.302780151367188,27.302780151367188,27.302780151367188,0
2012-04-17,27.350929260253906,27.350929260253906,27.350929260253906,27.350929260253906,0
2012-04-18,27.201509475708008,27.201509475708008,27.201509475708008,27.201509475708008,0
2012-04-19,27.325550079345703,27.325550079345703,27.325550079345703,27.325550079345703,0
2012-04-20,27.346500396728516,27.346500396728516,27.346500396728516,27.346500396728516,0
2012-04-23,27.33197021484375,27.33197021484375,27.33197021484375,27.33197021484375,0
2012-04-24,27.720470428466797,27.720470428466797,27.720470428466797,27.720470428466797,0
2012-04-25,27.6064395904541,27.6064395904541,27.6064395904541,27.6064395904541,0
2012-04-26,27.75918960571289,27.75918960571289,27.75918960571289,27.75918960571289,0
2012-04-27,27.908510208129883,27.908510208129883,27.908510208129883,27.908510208129883,0
2012-04-30,27.960620880126953,27.960620880126953,27.960620880126953,27.960620880126953,0
2012-05-02,28.03873062133789,28.03873062133789,28.03873062133789,28.03873062133789,0
2012-05-03,28.03148078918457,28.03148078918457,28.03148078918457,28.03148078918457,0
2012-05-04,28.048660278320312,28.048660278320312,28.048660278320312,28.048660278320312,0
2012-05-07,27.856950759887695,27.856950759887695,27.856950759887695,27.856950759887695,0
2012-05-08,27.573450088500977,27.573450088500977,27.573450088500977,27.573450088500977,0
2012-05-09,27.196380615234375,27.196380615234375,27.196380615234375,27.196380615234375,0
2012-05-10,27.20953941345215,27.20953941345215,27.20953941345215,27.20953941345215,0
2012-05-11,27.20479965209961,27.20479965209961,27.20479965209961,27.20479965209961,0
2012-05-14,26.945810317993164,26.945810317993164,26.945810317993164,26.945810317993164,0
2012-05-15,26.94055938720703,26.94055938720703,26.94055938720703,26.94055938720703,0
2012-05-16,26.728120803833008,26.728120803833008,26.728120803833008,26.728120803833008,0
2012-05-17,26.929729461669922,26.929729461669922,26.929729461669922,26.929729461669922,0
2012-05-18,27.8464298248291,27.8464298248291,27.8464298248291,27.8464298248291,0
2012-05-21,27.78731918334961,27.78731918334961,27.78731918334961,27.78731918334961,0
2012-05-22,27.64253044128418,27.64253044128418,27.64253044128418,27.64253044128418,0
2012-05-23,27.790910720825195,27.790910720825195,27.790910720825195,27.790910720825195,0
2012-05-24,28.01984977722168,28.01984977722168,28.01984977722168,28.01984977722168,0
2012-05-25,27.84246063232422,27.84246063232422,27.84246063232422,27.84246063232422,0
2012-05-28,27.931520462036133,27.931520462036133,27.931520462036133,27.931520462036133,0
2012-05-29,27.996540069580078,27.996540069580078,27.996540069580078,27.996540069580078,0
2012-05-30,27.77168083190918,27.77168083190918,27.77168083190918,27.77168083190918,0
2012-05-31,28.290679931640625,28.290679931640625,28.290679931640625,28.290679931640625,0
2012-06-01,27.77906036376953,27.77906036376953,27.77906036376953,27.77906036376953,0
2012-06-04,27.58618927001953,27.58618927001953,27.58618927001953,27.58618927001953,0
2012-06-05,27.607240676879883,27.607240676879883,27.607240676879883,27.607240676879883,0
2012-06-06,28.941709518432617,28.941709518432617,28.941709518432617,28.941709518432617,0
2012-06-07,28.556140899658203,28.556140899658203,28.556140899658203,28.556140899658203,0
2012-06-08,27.96565055847168,27.96565055847168,27.96565055847168,27.96565055847168,0
2012-06-11,28.189279556274414,28.189279556274414,28.189279556274414,28.189279556274414,0
2012-06-12,28.521129608154297,28.521129608154297,28.521129608154297,28.521129608154297,0
2012-06-13,28.821449279785156,28.821449279785156,28.821449279785156,28.821449279785156,0
2012-06-14,28.899120330810547,28.899120330810547,28.899120330810547,28.899120330810547,0
2012-06-15,28.938180923461914,28.938180923461914,28.938180923461914,28.938180923461914,0
2012-06-18,28.87748908996582,28.87748908996582,28.87748908996582,28.87748908996582,0
2012-06-19,29.16786003112793,29.16786003112793,29.16786003112793,29.16786003112793,0
2012-06-20,28.92367935180664,28.92367935180664,28.92367935180664,28.92367935180664,0
2012-06-21,28.876880645751953,28.876880645751953,28.876880645751953,28.876880645751953,0
2012-06-22,28.660980224609375,28.660980224609375,28.660980224609375,28.660980224609375,0
2012-06-25,28.412689208984375,28.412689208984375,28.412689208984375,28.412689208984375,0
2012-06-26,28.91777992248535,28.91777992248535,28.91777992248535,28.91777992248535,0
2012-06-27,28.71170997619629,28.71170997619629,28.71170997619629,28.71170997619629,0
2012-06-28,28.57309913635254,28.57309913635254,28.57309913635254,28.57309913635254,0
2012-06-29,28.310039520263672,28.310039520263672,28.310039520263672,28.310039520263672,0
2012-07-02,28.495800018310547,28.495800018310547,28.495800018310547,28.495800018310547,0
2012-07-03,28.203670501708984,28.203670501708984,28.203670501708984,28.203670501708984,0
2012-07-04,28.216550827026367,28.216550827026367,28.216550827026367,28.216550827026367,0
2012-07-05,28.444910049438477,28.444910049438477,28.444910049438477,28.444910049438477,0
2012-07-06,28.18545913696289,28.18545913696289,28.18545913696289,28.18545913696289,0
2012-07-09,28.294370651245117,28.294370651245117,28.294370651245117,28.294370651245117,0
2012-07-10,28.418989181518555,28.418989181518555,28.418989181518555,28.418989181518555,0
2012-07-11,27.89982032775879,27.89982032775879,27.89982032775879,27.89982032775879,0
2012-07-12,27.872840881347656,27.872840881347656,27.872840881347656,27.872840881347656,0
2012-07-13,28.080839157104492,28.080839157104492,28.080839157104492,28.080839157104492,0
2012-07-16,27.804180145263672,27.804180145263672,27.804180145263672,27.804180145263672,0
2012-07-17,28.098440170288086,28.098440170288086,28.098440170288086,28.098440170288086,0
2012-07-18,27.930639266967773,27.930639266967773,27.930639266967773,27.930639266967773,0
2012-07-19,27.959299087524414,27.959299087524414,27.959299087524414,27.959299087524414,0
2012-07-20,27.909170150756836,27.909170150756836,27.909170150756836,27.909170150756836,0
2012-07-23,28.007579803466797,28.007579803466797,28.007579803466797,28.007579803466797,0
2012-07-24,28.152700424194336,28.152700424194336,28.152700424194336,28.152700424194336,0
2012-07-25,28.574159622192383,28.574159622192383,28.574159622192383,28.574159622192383,0
2012-07-26,28.63047981262207,28.63047981262207,28.63047981262207,28.63047981262207,0
2012-07-27,28.633859634399414,28.633859634399414,28.633859634399414,28.633859634399414,0
2012-07-30,28.608219146728516,28.608219146728516,28.608219146728516,28.608219146728516,0
2012-07-31,28.893430709838867,28.893430709838867,28.893430709838867,28.893430709838867,0
2012-08-01,28.640209197998047,28.640209197998047,28.640209197998047,28.640209197998047,0
2012-08-02,28.61734962463379,28.61734962463379,28.61734962463379,28.61734962463379,0
2012-08-03,28.605060577392578,28.605060577392578,28.605060577392578,28.605060577392578,0
2012-08-06,28.503610610961914,28.503610610961914,28.503610610961914,28.503610610961914,0
2012-08-07,28.621519088745117,28.621519088745117,28.621519088745117,28.621519088745117,0
2012-08-08,28.345380783081055,28.345380783081055,28.345380783081055,28.345380783081055,0
2012-08-09,28.454259872436523,28.454259872436523,28.454259872436523,28.454259872436523,0
2012-08-10,28.46673011779785,28.46673011779785,28.46673011779785,28.46673011779785,0
2012-08-13,28.73288917541504,28.73288917541504,28.73288917541504,28.73288917541504,0
2012-08-14,28.712360382080078,28.712360382080078,28.712360382080078,28.712360382080078,0
2012-08-16,28.695579528808594,28.695579528808594,28.695579528808594,28.695579528808594,0
2012-08-17,28.777179718017578,28.777179718017578,28.777179718017578,28.777179718017578,0
2012-08-21,28.82111930847168,28.82111930847168,28.82111930847168,28.82111930847168,0
2012-08-22,29.08445930480957,29.08445930480957,29.08445930480957,29.08445930480957,0
2012-08-23,29.29075050354004,29.29075050354004,29.29075050354004,29.29075050354004,0
2012-08-24,29.457040786743164,29.457040786743164,29.457040786743164,29.457040786743164,0
2012-08-27,29.561870574951172,29.561870574951172,29.561870574951172,29.561870574951172,0
2012-08-28,29.604900360107422,29.604900360107422,29.604900360107422,29.604900360107422,0
2012-08-29,29.558870315551758,29.558870315551758,29.558870315551758,29.558870315551758,0
2012-08-30,29.42671012878418,29.42671012878418,29.42671012878418,29.42671012878418,0
2012-08-31,29.475509643554688,29.475509643554688,29.475509643554688,29.475509643554688,0
2012-09-03,29.843280792236328,29.843280792236328,29.843280792236328,29.843280792236328,0
2012-09-04,29.97757911682129,29.97757911682129,29.97757911682129,29.97757911682129,0
2012-09-05,30.127870559692383,30.127870559692383,30.127870559692383,30.127870559692383,0
2012-09-06,30.491180419921875,30.491180419921875,30.491180419921875,30.491180419921875,0
2012-09-07,30.049680709838867,30.049680709838867,30.049680709838867,30.049680709838867,0
2012-09-10,30.57115936279297,30.57115936279297,30.57115936279297,30.57115936279297,0
2012-09-11,30.637540817260742,30.637540817260742,30.637540817260742,30.637540817260742,0
2012-09-12,30.69618034362793,30.69618034362793,30.69618034362793,30.69618034362793,0
2012-09-13,30.585569381713867,30.585569381713867,30.585569381713867,30.585569381713867,0
2012-09-14,30.90662956237793,30.90662956237793,30.90662956237793,30.90662956237793,0
2012-09-17,30.462549209594727,30.462549209594727,30.462549209594727,30.462549209594727,0
2012-09-18,30.44074058532715,30.44074058532715,30.44074058532715,30.44074058532715,0
2012-09-20,30.535890579223633,30.535890579223633,30.535890579223633,30.535890579223633,0
2012-09-21,30.4967098236084,30.4967098236084,30.4967098236084,30.4967098236084,0
2012-09-24,29.91584014892578,29.91584014892578,29.91584014892578,29.91584014892578,0
2012-09-25,30.178510665893555,30.178510665893555,30.178510665893555,30.178510665893555,0
2012-09-26,30.15273094177246,30.15273094177246,30.15273094177246,30.15273094177246,0
2012-09-27,29.840309143066406,29.840309143066406,29.840309143066406,29.840309143066406,0
2012-09-28,29.953840255737305,29.953840255737305,29.953840255737305,29.953840255737305,0
2012-10-01,29.85055923461914,29.85055923461914,29.85055923461914,29.85055923461914,0
2012-10-03,29.713600158691406,29.713600158691406,29.713600158691406,29.713600158691406,0
2012-10-04,29.66465950012207,29.66465950012207,29.66465950012207,29.66465950012207,0
2012-10-05,29.481870651245117,29.481870651245117,29.481870651245117,29.481870651245117,0
2012-10-08,29.47092056274414,29.47092056274414,29.47092056274414,29.47092056274414,0
2012-10-09,29.584449768066406,29.584449768066406,29.584449768066406,29.584449768066406,0
2012-10-10,29.819690704345703,29.819690704345703,29.819690704345703,29.819690704345703,0
2012-10-11,29.902700424194336,29.902700424194336,29.902700424194336,29.902700424194336,0
2012-10-12,29.697139739990234,29.697139739990234,29.697139739990234,29.697139739990234,0
2012-10-15,29.601520538330078,29.601520538330078,29.601520538330078,29.601520538330078,0
2012-10-16,29.28668975830078,29.28668975830078,29.28668975830078,29.28668975830078,0
2012-10-17,29.414140701293945,29.414140701293945,29.414140701293945,29.414140701293945,0
2012-10-18,29.53329086303711,29.53329086303711,29.53329086303711,29.53329086303711,0
2012-10-19,29.6895694732666,29.6895694732666,29.6895694732666,29.6895694732666,0
2012-10-22,29.537490844726562,29.537490844726562,29.537490844726562,29.537490844726562,0
2012-10-23,29.362350463867188,29.362350463867188,29.362350463867188,29.362350463867188,0
2012-10-25,29.349300384521484,29.349300384521484,29.349300384521484,29.349300384521484,0
2012-10-29,29.38916015625,29.38916015625,29.38916015625,29.38916015625,0
2012-10-30,29.599760055541992,29.599760055541992,29.599760055541992,29.599760055541992,0
2012-10-31,29.648149490356445,29.648149490356445,29.648149490356445,29.648149490356445,0
2012-11-01,29.518709182739258,29.518709182739258,29.518709182739258,29.518709182739258,0
2012-11-02,29.242319107055664,29.242319107055664,29.242319107055664,29.242319107055664,0
2012-11-05,28.97430992126465,28.97430992126465,28.97430992126465,28.97430992126465,0
2012-11-06,29.449180603027344,29.449180603027344,29.449180603027344,29.449180603027344,0
2012-11-07,29.90995979309082,29.90995979309082,29.90995979309082,29.90995979309082,0
2012-11-08,29.75197982788086,29.75197982788086,29.75197982788086,29.75197982788086,0
2012-11-09,29.99152946472168,29.99152946472168,29.99152946472168,29.99152946472168,0
2012-11-12,30.352149963378906,30.352149963378906,30.352149963378906,30.352149963378906,0
2012-11-15,30.16901969909668,30.16901969909668,30.16901969909668,30.16901969909668,0
2012-11-16,29.959909439086914,29.959909439086914,29.959909439086914,29.959909439086914,0
2012-11-19,30.186309814453125,30.186309814453125,30.186309814453125,30.186309814453125,0
2012-11-20,30.33502960205078,30.33502960205078,30.33502960205078,30.33502960205078,0
2012-11-21,30.366910934448242,30.366910934448242,30.366910934448242,30.366910934448242,0
2012-11-22,30.39267921447754,30.39267921447754,30.39267921447754,30.39267921447754,0
2012-11-23,30.574119567871094,30.574119567871094,30.574119567871094,30.574119567871094,0
2012-11-26,30.96600914001465,30.96600914001465,30.96600914001465,30.96600914001465,0
2012-11-27,30.971799850463867,30.971799850463867,30.971799850463867,30.971799850463867,0
2012-11-29,30.322290420532227,30.322290420532227,30.322290420532227,30.322290420532227,0
2012-11-30,30.029470443725586,30.029470443725586,30.029470443725586,30.029470443725586,0
2012-12-03,29.8753604888916,29.8753604888916,29.8753604888916,29.8753604888916,0
2012-12-04,29.888669967651367,29.888669967651367,29.888669967651367,29.888669967651367,0
2012-12-05,29.6295108795166,29.6295108795166,29.6295108795166,29.6295108795166,0
2012-12-06,29.409610748291016,29.409610748291016,29.409610748291016,29.409610748291016,0
2012-12-07,29.328229904174805,29.328229904174805,29.328229904174805,29.328229904174805,0
2012-12-10,29.58687973022461,29.58687973022461,29.58687973022461,29.58687973022461,0
2012-12-11,29.593950271606445,29.593950271606445,29.593950271606445,29.593950271606445,0
2012-12-12,29.615819931030273,29.615819931030273,29.615819931030273,29.615819931030273,0
2012-12-13,29.30190086364746,29.30190086364746,29.30190086364746,29.30190086364746,0
2012-12-14,29.41027069091797,29.41027069091797,29.41027069091797,29.41027069091797,0
2012-12-17,29.400720596313477,29.400720596313477,29.400720596313477,29.400720596313477,0
2012-12-18,29.670839309692383,29.670839309692383,29.670839309692383,29.670839309692383,0
2012-12-19,29.196779251098633,29.196779251098633,29.196779251098633,29.196779251098633,0
2012-12-20,29.124919891357422,29.124919891357422,29.124919891357422,29.124919891357422,0
2012-12-21,28.940879821777344,28.940879821777344,28.940879821777344,28.940879821777344,0
2012-12-24,29.17637062072754,29.17637062072754,29.17637062072754,29.17637062072754,0
2012-12-26,29.112960815429688,29.112960815429688,29.112960815429688,29.112960815429688,0
2012-12-27,28.932540893554688,28.932540893554688,28.932540893554688,28.932540893554688,0
2012-12-28,28.990339279174805,28.990339279174805,28.990339279174805,28.990339279174805,0
2012-12-31,29.039859771728516,29.039859771728516,29.039859771728516,29.039859771728516,0
2013-01-01,29.042959213256836,29.042959213256836,29.042959213256836,29.042959213256836,0
2013-01-02,29.10685920715332,29.10685920715332,29.10685920715332,29.10685920715332,0
2013-01-03,29.168970108032227,29.168970108032227,29.168970108032227,29.168970108032227,0
2013-01-04,28.510229110717773,28.510229110717773,28.510229110717773,28.510229110717773,0
2013-01-07,28.93151092529297,28.93151092529297,28.93151092529297,28.93151092529297,0
2013-01-08,29.106290817260742,29.106290817260742,29.106290817260742,29.106290817260742,0
2013-01-09,29.084510803222656,29.084510803222656,29.084510803222656,29.084510803222656,0
2013-01-10,28.907819747924805,28.907819747924805,28.907819747924805,28.907819747924805,0
2013-01-11,28.968259811401367,28.968259811401367,28.968259811401367,28.968259811401367,0
2013-01-14,28.985809326171875,28.985809326171875,28.985809326171875,28.985809326171875,0
2013-01-15,29.15690040588379,29.15690040588379,29.15690040588379,29.15690040588379,0
2013-01-16,29.286380767822266,29.286380767822266,29.286380767822266,29.286380767822266,0
2013-01-17,29.250139236450195,29.250139236450195,29.250139236450195,29.250139236450195,0
2013-01-18,29.012449264526367,29.012449264526367,29.012449264526367,29.012449264526367,0
2013-01-21,28.93998908996582,28.93998908996582,28.93998908996582,28.93998908996582,0
2013-01-22,29.410930633544922,29.410930633544922,29.410930633544922,29.410930633544922,0
2013-01-23,29.539329528808594,29.539329528808594,29.539329528808594,29.539329528808594,0
2013-01-24,29.3310604095459,29.3310604095459,29.3310604095459,29.3310604095459,0
2013-01-25,29.22014045715332,29.22014045715332,29.22014045715332,29.22014045715332,0
2013-01-28,29.01708984375,29.01708984375,29.01708984375,29.01708984375,0
2013-01-29,28.9822998046875,28.9822998046875,28.9822998046875,28.9822998046875,0
2013-01-30,29.0074405670166,29.0074405670166,29.0074405670166,29.0074405670166,0
2013-01-31,28.998859405517578,28.998859405517578,28.998859405517578,28.998859405517578,0
2013-02-01,28.872039794921875,28.872039794921875,28.872039794921875,28.872039794921875,0
2013-02-04,28.68045997619629,28.68045997619629,28.68045997619629,28.68045997619629,0
2013-02-05,29.063899993896484,29.063899993896484,29.063899993896484,29.063899993896484,0
2013-02-06,28.828109741210938,28.828109741210938,28.828109741210938,28.828109741210938,0
2013-02-07,28.949750900268555,28.949750900268555,28.949750900268555,28.949750900268555,0
2013-02-08,29.0118408203125,29.0118408203125,29.0118408203125,29.0118408203125,0
2013-02-11,28.963430404663086,28.963430404663086,28.963430404663086,28.963430404663086,0
2013-02-12,28.748199462890625,28.748199462890625,28.748199462890625,28.748199462890625,0
2013-02-13,28.79528045654297,28.79528045654297,28.79528045654297,28.79528045654297,0
2013-02-14,28.740009307861328,28.740009307861328,28.740009307861328,28.740009307861328,0
2013-02-15,28.556480407714844,28.556480407714844,28.556480407714844,28.556480407714844,0
2013-02-18,28.375709533691406,28.375709533691406,28.375709533691406,28.375709533691406,0
2013-02-19,28.41189956665039,28.41189956665039,28.41189956665039,28.41189956665039,0
2013-02-20,28.10630989074707,28.10630989074707,28.10630989074707,28.10630989074707,0
2013-02-21,27.761489868164062,27.761489868164062,27.761489868164062,27.761489868164062,0
2013-02-22,27.96875,27.96875,27.96875,27.96875,0
2013-02-25,27.986230850219727,27.986230850219727,27.986230850219727,27.986230850219727,0
2013-02-26,28.07427978515625,28.07427978515625,28.07427978515625,28.07427978515625,0
2013-02-27,28.14566993713379,28.14566993713379,28.14566993713379,28.14566993713379,0
2013-02-28,27.830169677734375,27.830169677734375,27.830169677734375,27.830169677734375,0
2013-03-01,27.82464027404785,27.82464027404785,27.82464027404785,27.82464027404785,0
2013-03-04,28.182029724121094,28.182029724121094,28.182029724121094,28.182029724121094,0
2013-03-05,28.09341049194336,28.09341049194336,28.09341049194336,28.09341049194336,0
2013-03-06,27.949180603027344,27.949180603027344,27.949180603027344,27.949180603027344,0
2013-03-07,28.071680068969727,28.071680068969727,28.071680068969727,28.071680068969727,0
2013-03-08,27.86012077331543,27.86012077331543,27.86012077331543,27.86012077331543,0
2013-03-11,27.813379287719727,27.813379287719727,27.813379287719727,27.813379287719727,0
2013-03-12,27.915430068969727,27.915430068969727,27.915430068969727,27.915430068969727,0
2013-03-13,27.953359603881836,27.953359603881836,27.953359603881836,27.953359603881836,0
2013-03-14,28.005640029907227,28.005640029907227,28.005640029907227,28.005640029907227,0
2013-03-15,28.00482940673828,28.00482940673828,28.00482940673828,28.00482940673828,0
2013-03-18,28.152240753173828,28.152240753173828,28.152240753173828,28.152240753173828,0
2013-03-19,28.18712043762207,28.18712043762207,28.18712043762207,28.18712043762207,0
2013-03-20,28.389890670776367,28.389890670776367,28.389890670776367,28.389890670776367,0
2013-03-21,28.296640396118164,28.296640396118164,28.296640396118164,28.296640396118164,0
2013-03-22,28.361309051513672,28.361309051513672,28.361309051513672,28.361309051513672,0
2013-03-25,28.09255027770996,28.09255027770996,28.09255027770996,28.09255027770996,0
2013-03-26,28.094430923461914,28.094430923461914,28.094430923461914,28.094430923461914,0
2013-03-28,28.235200881958008,28.235200881958008,28.235200881958008,28.235200881958008,0
2013-04-01,28.248149871826172,28.248149871826172,28.248149871826172,28.248149871826172,0
2013-04-02,28.142799377441406,28.142799377441406,28.142799377441406,28.142799377441406,0
2013-04-03,27.687429428100586,27.687429428100586,27.687429428100586,27.687429428100586,0
2013-04-04,27.425020217895508,27.425020217895508,27.425020217895508,27.425020217895508,0
2013-04-05,27.656700134277344,27.656700134277344,27.656700134277344,27.656700134277344,0
2013-04-08,27.98484992980957,27.98484992980957,27.98484992980957,27.98484992980957,0
2013-04-09,27.781740188598633,27.781740188598633,27.781740188598633,27.781740188598633,0
2013-04-10,27.96381950378418,27.96381950378418,27.96381950378418,27.96381950378418,0
2013-04-11,27.53887939453125,27.53887939453125,27.53887939453125,27.53887939453125,0
2013-04-12,27.36758041381836,27.36758041381836,27.36758041381836,27.36758041381836,0
2013-04-15,25.272480010986328,25.272480010986328,25.272480010986328,25.272480010986328,0
2013-04-16,24.450170516967773,24.450170516967773,24.450170516967773,24.450170516967773,0
2013-04-17,24.30447006225586,24.30447006225586,24.30447006225586,24.30447006225586,0
2013-04-18,24.474000930786133,24.474000930786133,24.474000930786133,24.474000930786133,0
2013-04-22,24.97701072692871,24.97701072692871,24.97701072692871,24.97701072692871,0
2013-04-23,24.906530380249023,24.906530380249023,24.906530380249023,24.906530380249023,0
2013-04-25,25.329139709472656,25.329139709472656,25.329139709472656,25.329139709472656,0
2013-04-26,25.64034080505371,25.64034080505371,25.64034080505371,25.64034080505371,0
2013-04-29,25.872119903564453,25.872119903564453,25.872119903564453,25.872119903564453,0
2013-04-30,25.849660873413086,25.849660873413086,25.849660873413086,25.849660873413086,0
2013-05-02,25.376930236816406,25.376930236816406,25.376930236816406,25.376930236816406,0
2013-05-03,25.809280395507812,25.809280395507812,25.809280395507812,25.809280395507812,0
2013-05-06,25.806489944458008,25.806489944458008,25.806489944458008,25.806489944458008,0
2013-05-07,25.7308292388916,25.7308292388916,25.7308292388916,25.7308292388916,0
2013-05-08,25.531200408935547,25.531200408935547,25.531200408935547,25.531200408935547,0
2013-05-09,25.82015037536621,25.82015037536621,25.82015037536621,25.82015037536621,0
2013-05-10,25.61927032470703,25.61927032470703,25.61927032470703,25.61927032470703,0
2013-05-13,25.457569122314453,25.457569122314453,25.457569122314453,25.457569122314453,0
2013-05-14,25.443849563598633,25.443849563598633,25.443849563598633,25.443849563598633,0
2013-05-15,25.10957908630371,25.10957908630371,25.10957908630371,25.10957908630371,0
2013-05-16,24.485729217529297,24.485729217529297,24.485729217529297,24.485729217529297,0
2013-05-17,24.546199798583984,24.546199798583984,24.546199798583984,24.546199798583984,0
2013-05-20,24.22442054748535,24.22442054748535,24.22442054748535,24.22442054748535,0
2013-05-21,24.640520095825195,24.640520095825195,24.640520095825195,24.640520095825195,0
2013-05-22,24.866300582885742,24.866300582885742,24.866300582885742,24.866300582885742,0
2013-05-23,25.07486915588379,25.07486915588379,25.07486915588379,25.07486915588379,0
2013-05-24,24.900779724121094,24.900779724121094,24.900779724121094,24.900779724121094,0
2013-05-27,24.903879165649414,24.903879165649414,24.903879165649414,24.903879165649414,0
2013-05-28,24.8493595123291,24.8493595123291,24.8493595123291,24.8493595123291,0
2013-05-29,25.150890350341797,25.150890350341797,25.150890350341797,25.150890350341797,0
2013-05-30,25.458410263061523,25.458410263061523,25.458410263061523,25.458410263061523,0
2013-05-31,25.694469451904297,25.694469451904297,25.694469451904297,25.694469451904297,0
2013-06-03,25.556459426879883,25.556459426879883,25.556459426879883,25.556459426879883,0
2013-06-04,25.729869842529297,25.729869842529297,25.729869842529297,25.729869842529297,0
2013-06-05,25.48737907409668,25.48737907409668,25.48737907409668,25.48737907409668,0
2013-06-06,26.21915054321289,26.21915054321289,26.21915054321289,26.21915054321289,0
2013-06-07,26.400789260864258,26.400789260864258,26.400789260864258,26.400789260864258,0
2013-06-10,26.261240005493164,26.261240005493164,26.261240005493164,26.261240005493164,0
2013-06-11,26.607379913330078,26.607379913330078,26.607379913330078,26.607379913330078,0
2013-06-12,26.47323989868164,26.47323989868164,26.47323989868164,26.47323989868164,0
2013-06-13,26.689239501953125,26.689239501953125,26.689239501953125,26.689239501953125,0
2013-06-14,26.293609619140625,26.293609619140625,26.293609619140625,26.293609619140625,0
2013-06-17,26.356239318847656,26.356239318847656,26.356239318847656,26.356239318847656,0
2013-06-18,26.525070190429688,26.525070190429688,26.525070190429688,26.525070190429688,0
2013-06-19,26.424949645996094,26.424949645996094,26.424949645996094,26.424949645996094,0
2013-06-20,25.68899917602539,25.68899917602539,25.68899917602539,25.68899917602539,0
2013-06-21,25.40018081665039,25.40018081665039,25.40018081665039,25.40018081665039,0
2013-06-24,25.385499954223633,25.54800033569336,25.270999908447266,25.31049919128418,5956100
2013-06-25,25.268999099731445,25.39900016784668,25.18000030517578,25.39900016784668,7504900
2013-06-26,24.515499114990234,24.947999954223633,24.429000854492188,24.90999984741211,12497400
2013-06-27,24.576499938964844,24.88450050354004,24.520000457763672,24.61050033569336,7024300
2013-06-28,23.843000411987305,24.290000915527344,23.77199935913086,24.290000915527344,13770400
2013-07-01,24.44300079345703,24.49850082397461,24.06100082397461,24.06100082397461,5315800
2013-07-02,24.783000946044922,24.88800048828125,24.604000091552734,24.61050033569336,5635900
2013-07-03,24.836000442504883,24.909500122070312,24.600000381469727,24.725000381469727,4964800
2013-07-04,24.89150047302246,24.947999954223633,24.805500030517578,24.84950065612793,3837900
2013-07-05,24.822999954223633,24.8799991607666,24.662500381469727,24.786500930786133,3616900
2013-07-08,24.712499618530273,24.79949951171875,24.601499557495117,24.7549991607666,3982900
2013-07-09,24.859500885009766,24.979999542236328,24.770000457763672,24.799999237060547,3227000
2013-07-10,24.823999404907227,24.850000381469727,24.665000915527344,24.81999969482422,3163400
2013-07-11,25.261999130249023,25.40999984741211,25.02050018310547,25.024999618530273,5478500
2013-07-12,25.15049934387207,25.280000686645508,25.075000762939453,25.100000381469727,2604200
2013-07-15,25.306499481201172,25.479000091552734,25.14900016784668,25.14900016784668,4236900
2013-07-16,25.124000549316406,25.149999618530273,24.965499877929688,25.139999389648438,3048900
2013-07-17,25.208999633789062,25.242000579833984,25.140499114990234,25.152000427246094,3108500
2013-07-18,25.1875,25.209999084472656,25.059999465942383,25.14900016784668,2728500
2013-07-19,25.313499450683594,25.510000228881836,25.225000381469727,25.225000381469727,2900400
2013-07-22,25.774499893188477,25.802499771118164,25.521499633789062,25.521499633789062,6351400
2013-07-23,26.176000595092773,26.2549991607666,26.02050018310547,26.02050018310547,6801400
2013-07-24,25.898500442504883,26.290000915527344,25.854999542236328,26.18000030517578,7364500
2013-07-25,25.538000106811523,25.747499465942383,25.503000259399414,25.747499465942383,5333100
2013-07-26,25.829999923706055,25.958499908447266,25.764999389648438,25.851499557495117,5046500
2013-07-29,26.252500534057617,26.34000015258789,25.799999237060547,26.34000015258789,5568700
2013-07-30,26.482999801635742,26.639999389648438,26.3799991607666,26.410999298095703,8796500
2013-07-31,26.74049949645996,27.010499954223633,26.665000915527344,26.762500762939453,7370900
2013-08-01,26.33449935913086,26.545000076293945,26.313499450683594,26.5,2581400
2013-08-02,25.957500457763672,26.549999237060547,25.840999603271484,26.549999237060547,3429600
2013-08-05,26.506999969482422,26.60650062561035,26.21500015258789,26.36050033569336,3857400
2013-08-06,26.448999404907227,26.509000778198242,26.125499725341797,26.347999572753906,4938900
2013-08-07,26.06100082397461,26.297000885009766,25.910499572753906,26.0049991607666,2327900
2013-08-08,26.316999435424805,26.54800033569336,26.261499404907227,26.31049919128418,3685900
2013-08-12,27.07900047302246,27.149999618530273,26.709999084472656,26.8799991607666,6832000
2013-08-13,27.660499572753906,27.75,27.260499954223633,27.260499954223633,10969600
2013-08-14,27.570999145507812,27.648000717163086,27.410499572753906,27.59749984741211,5894500
2013-08-16,28.553499221801758,28.798500061035156,27.950000762939453,28.0625,14631700
2013-08-19,29.03499984741211,29.25,28.8799991607666,28.8799991607666,12838600
2013-08-20,29.077499389648438,29.420000076293945,28.43000030517578,29.212499618530273,9933600
2013-08-21,29.201000213623047,29.290000915527344,28.81999969482422,29.049999237060547,9472000
2013-08-22,29.241500854492188,29.55500030517578,29.104999542236328,29.362499237060547,10604400
2013-08-23,29.031999588012695,29.19849967956543,28.971500396728516,29.19849967956543,6140500
2013-08-26,29.431499481201172,29.53849983215332,29.210500717163086,29.329999923706055,9709200
2013-08-27,29.743499755859375,30.030000686645508,29.589500427246094,29.610000610351562,14431400
2013-08-28,30.16900062561035,30.488000869750977,29.902999877929688,30.200000762939453,22844700
2013-08-29,29.96649932861328,30.04800033569336,29.45050048828125,29.989999771118164,8424000
2013-08-30,29.118999481201172,30.010499954223633,29.049999237060547,29.850000381469727,8539100
2013-09-02,29.20949935913086,29.309999465942383,28.81599998474121,29.110000610351562,6108200
2013-09-03,29.969999313354492,30.09950065612793,29.270000457763672,29.5,8537800
2013-09-04,29.779499053955078,30.549999237060547,29.702999114990234,30.549999237060547,6859300
2013-09-05,29.247499465942383,29.389999389648438,28.920000076293945,29.389999389648438,5363000
2013-09-06,28.596500396728516,29.069000244140625,28.551000595092773,28.984500885009766,4384700
2013-09-10,28.24650001525879,28.600000381469727,28.0625,28.600000381469727,5318400
2013-09-11,28.139999389648438,28.375999450683594,27.959999084472656,28.0,6339900
2013-09-12,28.145000457763672,28.299999237060547,27.899999618530273,28.100500106811523,3807600
2013-09-13,27.69849967956543,28.139999389648438,27.65999984741211,28.139999389648438,3435400
2013-09-16,27.572999954223633,27.899999618530273,27.524999618530273,27.79949951171875,2809400
2013-09-17,27.8435001373291,27.969999313354492,27.5,27.5,2314500
2013-09-18,27.53350067138672,27.7450008392334,27.3799991607666,27.7450008392334,2865300
2013-09-19,28.24449920654297,28.5,28.01099967956543,28.011499404907227,4367800
2013-09-20,28.136499404907227,28.49799919128418,28.002500534057617,28.210500717163086,1721000
2013-09-23,27.89150047302246,27.940000534057617,27.72249984741211,27.940000534057617,978600
2013-09-24,27.761999130249023,28.19300079345703,27.709999084472656,27.979999542236328,1402400
2013-09-25,27.916500091552734,28.100000381469727,27.809999465942383,27.809999465942383,1068100
2013-09-26,27.9375,28.097000122070312,27.809999465942383,27.916500091552734,1094900
2013-09-27,28.011999130249023,28.089500427246094,27.600000381469727,27.752500534057617,1810100
2013-09-30,28.42300033569336,28.670000076293945,28.25149917602539,28.25149917602539,3330400
2013-10-01,28.07699966430664,28.398000717163086,28.030000686645508,28.398000717163086,1368500
2013-10-03,27.89699935913086,27.989999771118164,27.75,27.84000015258789,2060800
2013-10-04,27.88949966430664,28.089000701904297,27.812000274658203,28.00149917602539,1419200
2013-10-07,27.968000411987305,28.246000289916992,27.801000595092773,27.899999618530273,4479500
2013-10-08,28.721500396728516,29.13050079345703,27.968000411987305,27.968000411987305,5551500
2013-10-09,28.3799991607666,28.75,28.299999237060547,28.75,1076200
2013-10-10,28.410499572753906,28.500999450683594,28.223499298095703,28.38050079345703,1268800
2013-10-11,28.06450080871582,28.299999237060547,28.010000228881836,28.299999237060547,2297000
2013-10-14,28.3174991607666,28.450000762939453,27.850000381469727,27.850000381469727,2495600
2013-10-15,28.118000030517578,28.469499588012695,28.049999237060547,28.25,2474800
2013-10-17,28.68000030517578,28.7810001373291,28.20599937438965,28.350000381469727,4729200
2013-10-18,28.875,29.049999237060547,28.621999740600586,28.653499603271484,4032600
2013-10-21,29.07699966430664,29.200000762939453,28.700000762939453,28.700000762939453,4348800
2013-10-22,29.31999969482422,29.361000061035156,29.0,29.0,5302900
2013-10-23,29.739999771118164,29.827999114990234,29.403499603271484,29.440000534057617,5073600
2013-10-24,29.654499053955078,29.860000610351562,29.399999618530273,29.719999313354492,3469400
2013-10-25,29.753000259399414,29.899999618530273,29.620500564575195,29.660999298095703,3555000
2013-10-28,29.871000289916992,29.916500091552734,29.72100067138672,29.79949951171875,3472000
2013-10-29,29.163999557495117,29.989999771118164,29.011499404907227,29.875,4411100
2013-10-30,29.082500457763672,29.215999603271484,28.899999618530273,29.215499877929688,2506600
2013-10-31,28.658000946044922,29.048999786376953,28.58099937438965,29.048999786376953,3249300
2013-11-01,28.809499740600586,29.191499710083008,28.710500717163086,28.74799919128418,7420700
2013-11-05,28.47599983215332,28.879499435424805,28.426000595092773,28.879499435424805,2123600
2013-11-06,28.767000198364258,28.799999237060547,28.31999969482422,28.521499633789062,6473900
2013-11-07,28.582000732421875,28.895999908447266,28.479999542236328,28.479999542236328,1551200
2013-11-08,28.709999084472656,28.739999771118164,28.516000747680664,28.551000595092773,1956500
2013-11-11,28.66550064086914,28.739500045776367,28.45549964904785,28.577499389648438,3142600
2013-11-12,29.036500930786133,29.06999969482422,28.50550079345703,28.790000915527344,4722600
2013-11-13,28.95050048828125,29.295000076293945,28.774999618530273,29.0,2732700
2013-11-14,28.99049949645996,29.049999237060547,28.81049919128418,28.958499908447266,2217200
2013-11-18,29.035999298095703,29.15999984741211,28.81100082397461,28.99049949645996,2541700
2013-11-19,28.88249969482422,28.969999313354492,28.72249984741211,28.850000381469727,1932300
2013-11-20,28.896499633789062,29.089000701904297,28.81049919128418,28.92099952697754,1394300
2013-11-21,28.780000686645508,28.84000015258789,28.600000381469727,28.799999237060547,2169900
2013-11-22,28.801000595092773,28.88800048828125,28.714000701904297,28.780500411987305,1909800
2013-11-25,28.40399932861328,28.801000595092773,28.3700008392334,28.801000595092773,2590300
2013-11-26,28.71500015258789,28.8700008392334,28.510499954223633,28.600000381469727,3394400
2013-11-27,28.621000289916992,28.729999542236328,28.549999237060547,28.649999618530273,1220800
2013-11-28,28.470500946044922,28.558000564575195,28.399999618530273,28.558000564575195,1118900
2013-11-29,28.760000228881836,28.79949951171875,28.399999618530273,28.469999313354492,2290900
2013-12-02,28.60300064086914,28.739500045776367,28.490999221801758,28.738000869750977,3841700
2013-12-03,28.517499923706055,28.6200008392334,28.382999420166016,28.5,2438600
2013-12-04,28.60849952697754,28.70199966430664,28.52400016784668,28.700000762939453,2498000
2013-12-05,28.672000885009766,28.888999938964844,28.600000381469727,28.700000762939453,3501000
2013-12-06,28.45949935913086,28.597999572753906,28.430500030517578,28.597999572753906,1036100
2013-12-09,28.155500411987305,28.485000610351562,27.68000030517578,28.110000610351562,2450000
2013-12-10,28.299999237060547,28.5,28.200000762939453,28.200000762939453,2492900
2013-12-11,28.400999069213867,28.587499618530273,28.3700008392334,28.450000762939453,2044900
2013-12-12,28.219999313354492,28.47949981689453,28.18899917602539,28.40999984741211,1404700
2013-12-13,28.173500061035156,28.218000411987305,28.049999237060547,28.09000015258789,2250800
2013-12-16,28.10449981689453,28.368999481201172,28.0314998626709,28.210500717163086,3431700
2013-12-17,27.96150016784668,28.249000549316406,27.91200065612793,28.15049934387207,3017600
2013-12-18,27.930500030517578,27.985000610351562,27.77050018310547,27.899999618530273,2631000
2013-12-19,27.760499954223633,27.948999404907227,27.68000030517578,27.82900047302246,3293200
2013-12-20,27.59149932861328,27.760000228881836,27.520000457763672,27.760000228881836,5018900
2013-12-23,27.631999969482422,27.75,27.5,27.68000030517578,2116400
2013-12-24,27.517000198364258,27.6299991607666,27.43000030517578,27.549999237060547,2786100
2013-12-26,27.614999771118164,27.746000289916992,27.517000198364258,27.517000198364258,1715900
2013-12-27,27.433500289916992,27.75,27.399999618530273,27.6200008392334,1646600
2013-12-30,27.246000289916992,27.547500610351562,27.209999084472656,27.450000762939453,6092600
2013-12-31,27.174999237060547,27.24799919128418,27.079999923706055,27.18000030517578,4776500
2014-01-01,27.243000030517578,27.31999969482422,27.15049934387207,27.170000076293945,4664200
2014-01-02,27.460500717163086,27.49449920654297,27.30150032043457,27.34000015258789,2763000
2014-01-03,27.652999877929688,27.70050048828125,27.510000228881836,27.510000228881836,4163200
2014-01-06,27.62700080871582,27.79400062561035,27.56399917602539,27.701000213623047,4487300
2014-01-07,27.611499786376953,27.700000762939453,27.47100067138672,27.510000228881836,2001100
2014-01-08,27.40049934387207,27.540000915527344,27.336000442504883,27.5,2145200
2014-01-09,27.429500579833984,27.488000869750977,27.290000915527344,27.399999618530273,1886400
2014-01-10,27.52199935913086,29.40999984741211,27.440000534057617,28.231000900268555,1174500
2014-01-13,27.60449981689453,27.717500686645508,27.515499114990234,27.559999465942383,2145000
2014-01-14,27.70549964904785,27.790000915527344,27.5,27.790000915527344,1848900
2014-01-15,27.53499984741211,27.729000091552734,27.485000610351562,27.579999923706055,1654200
2014-01-16,27.583499908447266,27.628999710083008,27.520000457763672,27.549999237060547,1493600
2014-01-17,27.565500259399414,27.8799991607666,27.416000366210938,27.78350067138672,1128600
2014-01-20,27.73349952697754,27.800500869750977,27.601499557495117,27.799999237060547,2296800
2014-01-21,27.680999755859375,27.75,27.595500946044922,27.700000762939453,1381400
2014-01-22,27.558500289916992,27.719999313354492,27.50200080871582,27.700000762939453,1367100
2014-01-23,27.506000518798828,27.59000015258789,27.472000122070312,27.57900047302246,2512100
2014-01-24,27.662500381469727,27.799999237060547,27.549999237060547,27.75,1250800
2014-01-27,27.835500717163086,27.949499130249023,27.500499725341797,27.500499725341797,3200500
2014-01-28,27.75950050354004,28.0,27.500999450683594,27.899999618530273,3095000
2014-01-29,28.141000747680664,28.399999618530273,27.55150032043457,27.55150032043457,2328800
2014-01-30,27.795000076293945,28.299999237060547,27.760000228881836,28.210500717163086,2239300
2014-01-31,27.655000686645508,27.75,27.399999618530273,27.600000381469727,1427900
2014-02-03,27.60449981689453,27.899999618530273,27.59000015258789,27.899999618530273,1072800
2014-02-04,27.71150016784668,27.899999618530273,27.65999984741211,27.899999618530273,1550600
2014-02-05,27.706499099731445,27.735000610351562,27.510499954223633,27.600000381469727,1248400
2014-02-06,27.719499588012695,27.799999237060547,27.601499557495117,27.79800033569336,1331900
2014-02-07,27.74850082397461,27.839500427246094,27.61549949645996,27.799999237060547,2267300
2014-02-10,27.91200065612793,27.938499450683594,27.709999084472656,27.710500717163086,3358200
2014-02-11,28.01799964904785,28.097999572753906,27.93000030517578,27.959999084472656,2522100
2014-02-12,27.993499755859375,28.089500427246094,27.90399932861328,27.920000076293945,1187700
2014-02-13,27.952499389648438,28.040000915527344,27.924999237060547,27.924999237060547,859900
2014-02-14,28.101499557495117,28.138999938964844,28.010499954223633,28.011499404907227,1755400
2014-02-17,28.527000427246094,28.559999465942383,28.06999969482422,28.166000366210938,5250500
2014-02-18,28.591999053955078,28.6200008392334,28.460500717163086,28.540000915527344,5231500
2014-02-19,28.6299991607666,28.67799949645996,28.350000381469727,28.46500015258789,2527900
2014-02-20,28.56450080871582,28.649999618530273,28.364999771118164,28.6299991607666,1810500
2014-02-21,28.44099998474121,28.559999465942383,28.27899932861328,28.55900001525879,1093100
2014-02-24,28.57200050354004,28.600000381469727,28.370500564575195,28.58799934387207,1516000
2014-02-25,28.503000259399414,28.589000701904297,28.3799991607666,28.55150032043457,1596800
2014-02-26,28.552000045776367,28.600000381469727,28.420000076293945,28.50149917602539,3557300
2014-02-28,28.502500534057617,28.6200008392334,28.35300064086914,28.5,5810800
2014-03-03,28.61549949645996,28.788999557495117,28.510499954223633,28.608999252319336,4818100
2014-03-04,28.451499938964844,28.749000549316406,28.420000076293945,28.6200008392334,3378700
2014-03-05,28.357500076293945,28.520000457763672,28.30299949645996,28.468000411987305,1668600
2014-03-06,28.249500274658203,28.319499969482422,28.000999450683594,28.09000015258789,1390200
2014-03-07,28.21500015258789,28.48349952697754,28.16950035095215,28.329999923706055,2435100
2014-03-10,28.052499771118164,28.199499130249023,28.0,28.199499130249023,2979500
2014-03-11,28.097000122070312,28.13949966430664,27.75,27.75,5349500
2014-03-12,28.18000030517578,28.329999923706055,28.149499893188477,28.302499771118164,2409600
2014-03-13,28.219999313354492,28.299999237060547,28.163000106811523,28.299999237060547,1512500
2014-03-14,28.366500854492188,28.399999618530273,28.220500946044922,28.239999771118164,1472400
2014-03-18,28.128000259399414,28.34000015258789,28.010499954223633,28.010499954223633,2362800
2014-03-19,27.917499542236328,28.149999618530273,27.899999618530273,28.100000381469727,1087800
2014-03-20,27.54400062561035,27.899999618530273,27.5,27.899999618530273,1648800
2014-03-21,27.62700080871582,27.667999267578125,27.489999771118164,27.540000915527344,1191900
2014-03-24,27.309499740600586,27.59000015258789,26.780000686645508,27.59000015258789,1686800
2014-03-25,27.0314998626709,27.309999465942383,26.989999771118164,27.100000381469727,2302200
2014-03-26,27.006500244140625,27.118999481201172,26.950000762939453,27.0,1651100
2014-03-27,26.826000213623047,27.100000381469727,26.799999237060547,27.100000381469727,3121300
2014-03-28,26.861000061035156,26.989999771118164,26.770000457763672,26.989999771118164,2335600
2014-03-31,27.072500228881836,27.100000381469727,26.790000915527344,26.850000381469727,2170900
2014-04-01,26.77750015258789,27.096500396728516,26.75,26.999500274658203,2406200
2014-04-02,26.3700008392334,26.850000381469727,26.299999237060547,26.850000381469727,3991500
2014-04-03,26.614500045776367,26.687999725341797,26.40999984741211,26.40999984741211,2535700
2014-04-04,26.640499114990234,26.68950080871582,26.500499725341797,26.6200008392334,1133600
2014-04-07,26.679500579833984,26.828500747680664,26.640499114990234,26.674999237060547,1487500
2014-04-09,26.836000442504883,27.662500381469727,26.701499938964844,26.889999389648438,2627800
2014-04-10,27.098499298095703,27.139999389648438,26.625,26.625,2099300
2014-04-11,27.066499710083008,27.16950035095215,27.010499954223633,27.09000015258789,1764900
2014-04-15,27.32349967956543,27.350000381469727,27.059999465942383,27.06999969482422,2679700
2014-04-16,27.31800079345703,27.440000534057617,27.16200065612793,27.219999313354492,1813400
2014-04-17,27.406999588012695,27.510000228881836,27.2549991607666,27.309999465942383,2326500
2014-04-21,27.519500732421875,27.549999237060547,27.149999618530273,27.299999237060547,3618600
2014-04-22,27.7450008392334,27.790000915527344,27.461999893188477,27.499500274658203,3476700
2014-04-23,27.839500427246094,27.93400001525879,27.559999465942383,27.739999771118164,2061400
2014-04-25,27.993499755859375,28.049999237060547,27.719999313354492,27.719999313354492,3905700
2014-04-28,28.034000396728516,28.149999618530273,27.95050048828125,27.979999542236328,2413000
2014-04-29,27.956499099731445,28.06999969482422,27.83099937438965,28.034000396728516,6524800
2014-04-30,27.85849952697754,27.989999771118164,27.780000686645508,27.989999771118164,1094800
2014-05-02,27.84000015258789,28.020000457763672,27.75,27.934999465942383,9584400
2014-05-05,27.944499969482422,28.04400062561035,27.731000900268555,28.04400062561035,4860500
2014-05-06,27.97249984741211,28.097999572753906,27.799999237060547,27.999500274658203,2052200
2014-05-07,27.99799919128418,28.020000457763672,27.88599967956543,27.910499572753906,3275300
2014-05-08,27.77050018310547,27.8799991607666,27.510000228881836,27.510000228881836,2264400
2014-05-09,27.636499404907227,27.822999954223633,27.56100082397461,27.79949951171875,2728700
2014-05-12,27.583999633789062,27.699499130249023,27.26099967956543,27.510499954223633,5144500
2014-05-13,27.444000244140625,27.549999237060547,27.40049934387207,27.5,4182000
2014-05-14,27.409000396728516,27.43899917602539,27.250999450683594,27.420000076293945,2466200
2014-05-15,27.38050079345703,27.599000930786133,27.306499481201172,27.351499557495117,3654900
2014-05-16,27.014999389648438,27.299999237060547,26.916500091552734,27.209999084472656,5296400
2014-05-19,26.75749969482422,26.999500274658203,26.700000762939453,26.999500274658203,4207300
2014-05-20,26.641000747680664,26.75,26.479999542236328,26.75,3791400
2014-05-21,26.54050064086914,26.649999618530273,26.51650047302246,26.610000610351562,2894200
2014-05-22,25.597999572753906,26.450000762939453,25.55150032043457,26.450000762939453,11269900
2014-05-23,25.509000778198242,25.739999771118164,25.350500106811523,25.597999572753906,6566100
2014-05-26,25.590999603271484,25.629499435424805,25.35099983215332,25.509000778198242,5966300
2014-05-27,25.456499099731445,25.698999404907227,25.420499801635742,25.5,4726400
2014-05-28,25.254499435424805,25.350000381469727,25.15999984741211,25.301000595092773,3035000
2014-05-29,24.926000595092773,25.297000885009766,24.850000381469727,25.270000457763672,3426900
2014-05-30,24.92099952697754,25.048500061035156,24.809999465942383,24.950000762939453,3360600
2014-06-02,24.80150032043457,25.0,24.770000457763672,25.0,3003700
2014-06-03,24.813499450683594,24.8799991607666,24.690500259399414,24.799999237060547,3796200
2014-06-04,24.770999908447266,24.947999954223633,24.75,24.850000381469727,4206900
2014-06-05,24.714500427246094,24.766000747680664,24.649999618530273,24.75,2078300
2014-06-06,24.732999801635742,24.889999389648438,24.700000762939453,24.719999313354492,2605900
2014-06-09,24.64900016784668,24.889999389648438,24.521499633789062,24.889999389648438,5359000
2014-06-10,24.696500778198242,24.999500274658203,24.600000381469727,24.799999237060547,3639200
2014-06-11,24.844999313354492,24.88050079345703,24.710500717163086,24.80150032043457,2999900
2014-06-12,24.851499557495117,24.899999618530273,24.710500717163086,24.899999618530273,2599900
2014-06-13,25.122499465942383,25.149999618530273,24.450000762939453,24.852500915527344,4408000
2014-06-16,25.5939998626709,25.670000076293945,25.20050048828125,25.25149917602539,4650800
2014-06-17,25.335500717163086,25.600000381469727,25.18000030517578,25.59000015258789,2137200
2014-06-18,25.429500579833984,25.499500274658203,25.29949951171875,25.350000381469727,3199000
2014-06-19,25.53849983215332,25.627500534057617,25.219999313354492,25.219999313354492,2318700
2014-06-20,26.0939998626709,26.199499130249023,25.81049919128418,25.81049919128418,5276600
2014-06-23,26.07349967956543,26.2450008392334,26.0,26.020000457763672,2716200
2014-06-24,26.193500518798828,26.260499954223633,25.90999984741211,26.06999969482422,3554600
2014-06-25,26.041500091552734,26.148000717163086,26.020000457763672,26.148000717163086,1612200
2014-06-26,26.066999435424805,26.100000381469727,25.975500106811523,26.040000915527344,1621100
2014-06-27,26.008499145507812,26.15999984741211,25.979999542236328,26.101499557495117,1545600
2014-06-30,26.0674991607666,26.110000610351562,25.905000686645508,26.008499145507812,1765300
2014-07-01,26.077999114990234,26.25950050354004,26.020000457763672,26.15999984741211,1967800
2014-07-02,25.969499588012695,26.187999725341797,25.936500549316406,26.187999725341797,1265400
2014-07-03,25.799999237060547,25.959999084472656,25.72800064086914,25.959999084472656,1534700
2014-07-04,25.802000045776367,25.809999465942383,25.329999923706055,25.329999923706055,1414000
2014-07-07,25.65049934387207,25.850000381469727,25.6200008392334,25.850000381469727,1706700
2014-07-08,25.63050079345703,25.750499725341797,25.601999282836914,25.700000762939453,956600
2014-07-09,25.701000213623047,25.79949951171875,25.6299991607666,25.6299991607666,1908200
2014-07-10,26.33650016784668,26.399999618530273,25.60650062561035,25.700000762939453,4252300
2014-07-11,26.25149917602539,26.3799991607666,26.161500930786133,26.200000762939453,2641900
2014-07-14,26.092500686645508,26.25,26.0,26.25,2713000
2014-07-15,25.949499130249023,25.988000869750977,25.850000381469727,25.950000762939453,1238000
2014-07-16,25.782499313354492,25.850000381469727,25.710500717163086,25.850000381469727,841400
2014-07-17,25.850500106811523,25.97599983215332,25.710500717163086,25.84000015258789,971300
2014-07-18,25.957000732421875,26.200000762939453,25.91349983215332,26.000499725341797,1638300
2014-07-21,25.957000732421875,26.020000457763672,25.86050033569336,26.020000457763672,878600
2014-07-22,25.85650062561035,25.950000762939453,25.799999237060547,25.905000686645508,971800
2014-07-23,25.788000106811523,25.899499893188477,25.75550079345703,25.899499893188477,1346500
2014-07-24,25.67300033569336,25.75,25.451000213623047,25.719999313354492,838000
2014-07-25,25.516000747680664,25.649999618530273,25.500499725341797,25.641000747680664,1109800
2014-07-28,25.767499923706055,25.878999710083008,25.56100082397461,25.625,1662300
2014-07-30,25.68199920654297,25.75,25.561500549316406,25.75,1268500
2014-07-31,25.691499710083008,25.74799919128418,25.62350082397461,25.674999237060547,1037000
2014-08-01,25.787500381469727,25.799999237060547,25.600000381469727,25.649999618530273,2417200
2014-08-04,25.892000198364258,25.948999404907227,25.75550079345703,25.875,1581900
2014-08-05,25.846500396728516,25.892000198364258,25.725500106811523,25.892000198364258,1221300
2014-08-06,25.978500366210938,26.048999786376953,25.760000228881836,25.799999237060547,1859500
2014-08-07,26.179000854492188,26.280000686645508,26.149999618530273,26.200000762939453,3597700
2014-08-08,26.47949981689453,26.638500213623047,26.31049919128418,26.351499557495117,5700100
2014-08-11,26.196500778198242,26.350000381469727,26.1200008392334,26.350000381469727,1241600
2014-08-12,26.32349967956543,26.389999389648438,26.1200008392334,26.190000534057617,1566000
2014-08-13,26.259000778198242,26.360000610351562,26.209999084472656,26.360000610351562,1113400
2014-08-14,26.277999877929688,26.38800048828125,26.160499572753906,26.160499572753906,1549600
2014-08-18,26.024499893188477,26.159500122070312,26.0,26.097999572753906,1374400
2014-08-19,25.922500610351562,25.99799919128418,25.899999618530273,25.99799919128418,965800
2014-08-20,25.957000732421875,26.0,25.850500106811523,25.920000076293945,1170700
2014-08-21,25.694499969482422,26.809999465942383,25.666000366210938,26.809999465942383,1214600
2014-08-22,25.738000869750977,25.790000915527344,25.520000457763672,25.649999618530273,1461900
2014-08-25,25.532499313354492,25.777999877929688,25.460500717163086,25.729999542236328,1614800
2014-08-26,25.687999725341797,25.889999389648438,25.5,25.889999389648438,1337900
2014-08-27,25.601499557495117,25.74850082397461,25.579999923706055,25.74850082397461,779300
2014-08-28,25.707500457763672,25.799999237060547,25.513999938964844,25.520000457763672,1154900
2014-09-01,25.70949935913086,25.78499984741211,25.613000869750977,25.69849967956543,1132400
2014-09-02,25.562000274658203,25.698999404907227,25.549999237060547,25.698999404907227,1015000
2014-09-03,25.462499618530273,25.549999237060547,25.3125,25.549999237060547,1329300
2014-09-04,25.35650062561035,25.68000030517578,25.26799964904785,25.68000030517578,2518200
2014-09-05,25.281999588012695,25.346500396728516,25.209999084472656,25.339500427246094,1340200
2014-09-08,25.183500289916992,25.49850082397461,25.161500930786133,25.49850082397461,1841600
2014-09-09,25.098499298095703,25.178499221801758,25.042499542236328,25.149999618530273,2699400
2014-09-10,25.25149917602539,25.288999557495117,25.09000015258789,25.100000381469727,1839600
2014-09-11,25.109500885009766,25.200000762939453,25.059999465942383,25.200000762939453,1109900
2014-09-12,25.004499435424805,25.08799934387207,24.90999984741211,25.010499954223633,1810100
2014-09-15,24.987499237060547,25.09950065612793,24.899999618530273,25.09950065612793,1837600
2014-09-16,25.008499145507812,25.040000915527344,24.959999084472656,25.040000915527344,1308000
2014-09-17,24.854000091552734,25.030000686645508,24.829999923706055,25.030000686645508,1464000
2014-09-18,24.861000061035156,24.8799991607666,24.677499771118164,24.850000381469727,3401100
2014-09-19,24.798500061035156,24.850000381469727,24.601999282836914,24.850000381469727,2935900
2014-09-22,24.68950080871582,24.739999771118164,24.625,24.739999771118164,2084300
2014-09-23,24.788999557495117,24.81999969482422,24.68000030517578,24.79949951171875,1905000
2014-09-24,24.895000457763672,24.950000762939453,24.750499725341797,24.801000595092773,1887800
2014-09-25,24.76650047302246,24.87849998474121,24.739999771118164,24.860000610351562,1245600
2014-09-26,24.766000747680664,25.030000686645508,24.720500946044922,24.989999771118164,1894900
2014-09-29,24.80699920654297,24.8799991607666,24.701000213623047,24.8799991607666,1015200
2014-09-30,24.697999954223633,24.889999389648438,24.680500030517578,24.889999389648438,959400
2014-10-01,24.695999145507812,24.77899932861328,24.645000457763672,24.697999954223633,1159900
2014-10-07,24.590499877929688,24.799999237060547,24.555999755859375,24.68000030517578,3415400
2014-10-08,24.884000778198242,24.949499130249023,24.625,24.729000091552734,2299700
2014-10-09,24.90399932861328,24.950000762939453,24.770000457763672,24.89900016784668,1120400
2014-10-10,24.862499237060547,24.950000762939453,24.80150032043457,24.80150032043457,990500
2014-10-13,24.940000534057617,25.100000381469727,24.901500701904297,24.999000549316406,1778200
2014-10-14,24.98349952697754,25.069000244140625,24.8799991607666,24.950000762939453,1043400
2014-10-16,25.395999908447266,25.450000762939453,25.059999465942383,25.059999465942383,4679100
2014-10-17,25.12649917602539,25.389999389648438,25.111499786376953,25.3799991607666,1852900
2014-10-20,25.08099937438965,25.128999710083008,25.000499725341797,25.094999313354492,1940600
2014-10-21,25.612499237060547,25.618499755859375,25.170000076293945,25.170000076293945,11351600
2014-10-22,25.261499404907227,25.6299991607666,25.22949981689453,25.6299991607666,1616700
2014-10-27,24.911500930786133,25.260000228881836,24.81999969482422,25.238000869750977,2316000
2014-10-28,24.9060001373291,24.979999542236328,24.820499420166016,24.950000762939453,1513800
2014-10-29,24.86750030517578,24.93000030517578,24.81999969482422,24.920000076293945,1917600
2014-10-30,24.642000198364258,24.799999237060547,24.6200008392334,24.799999237060547,1955900
2014-10-31,24.270000457763672,24.639999389648438,24.190500259399414,24.6299991607666,5506500
2014-11-03,24.295000076293945,24.398000717163086,24.209999084472656,24.3799991607666,3530100
2014-11-05,24.063499450683594,24.299999237060547,24.0,24.299999237060547,6752300
2014-11-07,23.902000427246094,24.200000762939453,23.82900047302246,24.200000762939453,6348900
2014-11-10,24.121000289916992,24.5,24.079999923706055,24.149999618530273,2540900
2014-11-11,23.82200050354004,24.049999237060547,23.770000457763672,24.0,3856300
2014-11-12,23.9325008392334,24.03499984741211,23.910499572753906,23.950000762939453,1631200
2014-11-13,23.94300079345703,24.059999465942383,23.8700008392334,23.999500274658203,2122000
2014-11-14,23.904499053955078,23.94700050354004,23.846500396728516,23.94300079345703,1440600
2014-11-17,24.304000854492188,24.389999389648438,24.160499572753906,24.160499572753906,3469400
2014-11-18,24.407499313354492,24.440000534057617,24.210500717163086,24.210500717163086,2871400
2014-11-19,24.491500854492188,24.520000457763672,24.3075008392334,24.3075008392334,2155200
2014-11-20,24.378000259399414,24.5,24.200000762939453,24.399999618530273,2455300
2014-11-21,24.312000274658203,24.399999618530273,24.273000717163086,24.399999618530273,949400
2014-11-24,24.351499557495117,24.40999984741211,24.232500076293945,24.399999618530273,2471700
2014-11-25,24.499500274658203,24.530000686645508,24.342500686645508,24.399999618530273,1984000
2014-11-26,24.657499313354492,24.709999084472656,24.354999542236328,24.489999771118164,7744500
2014-11-27,24.446500778198242,24.639999389648438,24.399999618530273,24.639999389648438,2685500
2014-11-28,24.429000854492188,24.5,24.149999618530273,24.350500106811523,1501600
2014-12-01,23.91699981689453,24.194000244140625,23.809999465942383,24.100000381469727,5956900
2014-12-02,24.20549964904785,24.479999542236328,24.18000030517578,24.329999923706055,2388400
2014-12-03,24.417999267578125,24.470500946044922,24.22800064086914,24.22800064086914,1778400
2014-12-04,24.370500564575195,24.451499938964844,24.210500717163086,24.399999618530273,1410900
2014-12-05,24.27050018310547,24.3799991607666,24.239999771118164,24.3700008392334,1115400
2014-12-08,24.302499771118164,24.368000030517578,24.1200008392334,24.170499801635742,1652500
2014-12-09,24.374000549316406,24.440000534057617,24.2549991607666,24.299999237060547,1932400
2014-12-10,24.861499786376953,25.020000457763672,24.60099983215332,24.60099983215332,4068200
2014-12-11,24.676000595092773,24.920000076293945,24.649999618530273,24.899499893188477,2017700
2014-12-12,24.862499237060547,24.899999618530273,24.712499618530273,24.712499618530273,2345000
2014-12-15,24.812999725341797,24.909500122070312,24.663000106811523,24.8700008392334,1358300
2014-12-16,24.76300048828125,24.827499389648438,24.615999221801758,24.79949951171875,2295800
2014-12-17,24.753999710083008,24.959999084472656,24.625999450683594,24.75,3208700
2014-12-18,24.657499313354492,24.780000686645508,24.649999618530273,24.749000549316406,1326400
2014-12-19,24.616500854492188,24.684999465942383,24.516000747680664,24.638999938964844,6494500
2014-12-22,24.761999130249023,24.799999237060547,24.60099983215332,24.60099983215332,1353900
2014-12-23,24.472000122070312,24.8439998626709,24.25,24.648500442504883,2912900
2014-12-24,24.399499893188477,24.540000915527344,24.361000061035156,24.499500274658203,529100
2014-12-26,24.613500595092773,24.63949966430664,24.40999984741211,24.54599952697754,1110700
2014-12-29,24.707500457763672,24.829500198364258,24.611499786376953,24.65999984741211,1179300
2014-12-30,24.593000411987305,24.69700050354004,24.5,24.649499893188477,1126000
2014-12-31,24.64150047302246,24.81999969482422,24.610000610351562,24.760499954223633,1075000
2015-01-01,24.563499450683594,24.628999710083008,24.43000030517578,24.59950065612793,983500
2015-01-02,24.511999130249023,24.950000762939453,24.5,24.950000762939453,687400
2015-01-05,24.66200065612793,24.76799964904785,24.56999969482422,24.6299991607666,1520600
2015-01-06,24.979000091552734,25.010000228881836,24.728500366210938,24.760000228881836,3063100
2015-01-07,25.02199935913086,25.069000244140625,24.920499801635742,24.920499801635742,2309100
2015-01-08,24.68950080871582,24.93000030517578,24.642000198364258,24.93000030517578,971800
2015-01-09,24.563499450683594,24.719999313354492,24.530000686645508,24.69849967956543,870700
2015-01-12,24.788999557495117,24.90999984741211,24.649999618530273,24.719999313354492,1918000
2015-01-13,24.997499465942383,25.079999923706055,24.86549949645996,24.92099952697754,2222000
2015-01-14,24.85700035095215,24.899999618530273,24.750999450683594,24.899999618530273,1130500
2015-01-15,24.786500930786133,24.899999618530273,24.61050033569336,24.783000946044922,1569400
2015-01-16,25.321500778198242,25.4685001373291,25.100500106811523,25.100500106811523,3035100
2015-01-19,25.54450035095215,25.600000381469727,25.3799991607666,25.43000030517578,3817100
2015-01-20,25.8075008392334,25.889999389648438,25.41200065612793,25.48200035095215,4033800
2015-01-21,25.92650032043457,26.0,25.811500549316406,25.899999618530273,2952400
2015-01-22,25.70949935913086,25.834999084472656,25.572500228881836,25.711000442504883,2069800
2015-01-23,25.773000717163086,25.854000091552734,25.715999603271484,25.732500076293945,1562700
2015-01-27,25.56999969482422,25.6200008392334,25.17099952697754,25.360000610351562,1532900
2015-01-28,25.687999725341797,25.768999099731445,25.614999771118164,25.6299991607666,1057300
2015-01-29,25.520999908447266,25.64900016784668,25.45599937438965,25.600000381469727,1527900
2015-01-30,25.788000106811523,25.988000869750977,25.250999450683594,25.44849967956543,2007200
2015-02-02,25.697500228881836,25.899999618530273,25.66200065612793,25.8799991607666,1030700
2015-02-03,25.670000076293945,25.749000549316406,25.561500549316406,25.749000549316406,786800
2015-02-04,25.402000427246094,25.49799919128418,25.31999969482422,25.488000869750977,1029900
2015-02-05,25.495500564575195,25.600000381469727,25.43549919128418,25.5,1167600
2015-02-06,25.5,25.58799934387207,25.368000030517578,25.49799919128418,968700
2015-02-09,25.068500518798828,25.243999481201172,25.02199935913086,25.243999481201172,2085200
2015-02-10,25.072500228881836,25.204999923706055,25.020000457763672,25.049999237060547,1242600
2015-02-11,25.083999633789062,25.149499893188477,25.000499725341797,25.06999969482422,1052300
2015-02-12,24.8799991607666,24.99799919128418,24.8435001373291,24.979999542236328,1566300
2015-02-13,24.992000579833984,25.079999923706055,24.85650062561035,24.902000427246094,616700
2015-02-16,25.056499481201172,25.200000762939453,24.951499938964844,24.951499938964844,762400
2015-02-18,24.804000854492188,24.944000244140625,24.674999237060547,24.700000762939453,1551200
2015-02-19,24.728500366210938,24.999500274658203,24.709999084472656,24.999500274658203,1069900
2015-02-20,24.717500686645508,24.759000778198242,24.61050033569336,24.622499465942383,995300
2015-02-23,24.590999603271484,24.719999313354492,24.540000915527344,24.719999313354492,746100
2015-02-24,24.36199951171875,24.699499130249023,24.0,24.590999603271484,1450700
2015-02-25,24.434999465942383,24.7450008392334,24.402000427246094,24.635000228881836,768100
2015-02-26,24.409000396728516,24.52899932861328,24.399999618530273,24.430999755859375,673400
2015-02-27,24.365999221801758,24.483999252319336,24.350000381469727,24.483999252319336,760000
2015-03-02,24.62299919128418,24.769500732421875,24.410499572753906,24.450000762939453,1058100
2015-03-03,24.43950080871582,24.53849983215332,24.302499771118164,24.5,717200
2015-03-04,24.42650032043457,24.5,24.34000015258789,24.399999618530273,935300
2015-03-05,24.57349967956543,24.638999938964844,24.450000762939453,24.450000762939453,1073600
2015-03-09,24.349000930786133,24.398500442504883,24.220500946044922,24.349000930786133,1453800
2015-03-10,24.14150047302246,24.29400062561035,24.110000610351562,24.2450008392334,1341900
2015-03-11,24.02400016784668,24.249500274658203,24.0,24.200000762939453,1247600
2015-03-12,23.9685001373291,24.047500610351562,23.920000076293945,24.02549934387207,1538500
2015-03-13,23.91699981689453,24.073999404907227,23.899999618530273,24.0,1807300
2015-03-16,23.927000045776367,24.047000885009766,23.905000686645508,23.969999313354492,1042000
2015-03-17,23.809499740600586,23.999500274658203,23.799999237060547,23.93000030517578,970300
2015-03-18,23.743999481201172,23.850000381469727,23.712499618530273,23.799999237060547,1370800
2015-03-19,23.78499984741211,24.099000930786133,23.76099967956543,23.90999984741211,1411500
2015-03-20,23.812000274658203,23.931499481201172,23.780000686645508,23.899999618530273,1322100
2015-03-23,23.900999069213867,23.968000411987305,23.813499450683594,23.90999984741211,4498900
2015-03-24,24.047000885009766,24.05500030517578,23.881999969482422,23.999500274658203,1329300
2015-03-25,24.024499893188477,24.125999450683594,23.972000122070312,24.049999237060547,1390900
2015-03-26,24.550500869750977,24.700000762939453,24.1299991607666,24.1299991607666,2491600
2015-03-27,24.19499969482422,24.499000549316406,22.822999954223633,23.319000244140625,1094500
2015-03-30,24.111000061035156,24.273000717163086,24.06100082397461,24.19099998474121,960300
2015-03-31,23.989500045776367,24.110000610351562,23.959999084472656,24.110000610351562,985500
2015-04-01,24.13599967956543,24.197999954223633,23.989999771118164,24.09950065612793,1416500
2015-04-06,24.636999130249023,24.690000534057617,24.250499725341797,24.250499725341797,1974200
2015-04-07,24.538999557495117,24.700000762939453,24.50149917602539,24.699499130249023,2016800
2015-04-08,24.5575008392334,24.583999633789062,24.480499267578125,24.583999633789062,910100
2015-04-09,24.207000732421875,24.47800064086914,24.18000030517578,24.47800064086914,744800
2015-04-10,24.33650016784668,24.75,24.101499557495117,24.75,648500
2015-04-13,24.36050033569336,24.530000686645508,24.312000274658203,24.389999389648438,681200
2015-04-15,24.187999725341797,24.360000610351562,24.006000518798828,24.350000381469727,1849800
2015-04-16,24.403499603271484,24.530000686645508,24.274999618530273,24.350000381469727,1146600
2015-04-17,24.43600082397461,24.469999313354492,24.261999130249023,24.378000259399414,1371200
2015-04-20,24.611499786376953,24.695999145507812,24.459999084472656,24.459999084472656,1785400
2015-04-21,24.85700035095215,24.888999938964844,24.620500564575195,24.699499130249023,5124600
2015-04-22,24.60099983215332,24.799999237060547,24.47100067138672,24.79949951171875,1365700
2015-04-23,24.441499710083008,24.54400062561035,24.309999465942383,24.5,1370800
2015-04-24,24.59600067138672,24.638500213623047,24.451000213623047,24.5,2826900
2015-04-27,24.453500747680664,24.549999237060547,24.401500701904297,24.401500701904297,1178700
2015-04-28,24.63450050354004,24.770000457763672,24.55150032043457,24.55150032043457,1379600
2015-04-29,24.73550033569336,24.832000732421875,24.711999893188477,24.711999893188477,1299600
2015-04-30,24.842500686645508,24.899999618530273,24.71500015258789,24.798500061035156,2501100
2015-05-04,24.52750015258789,24.7450008392334,24.450000762939453,24.649999618530273,756600
2015-05-05,24.480499267578125,24.618000030517578,24.459999084472656,24.5,683000
2015-05-06,24.602500915527344,24.809999465942383,24.510499954223633,24.510499954223633,3245900
2015-05-07,24.68400001525879,24.72599983215332,24.553499221801758,24.610000610351562,1683700
2015-05-08,24.642499923706055,24.729999542236328,24.60099983215332,24.700000762939453,720400
2015-05-11,24.611000061035156,24.69849967956543,24.582000732421875,24.69849967956543,719300
2015-05-12,24.708999633789062,24.75,24.600000381469727,24.600000381469727,1217200
2015-05-13,24.843000411987305,24.950000762939453,24.750499725341797,24.750499725341797,1117100
2015-05-14,25.166000366210938,25.25,24.93000030517578,25.239999771118164,2160300
2015-05-15,25.065500259399414,25.178499221801758,25.049999237060547,25.110000610351562,821000
2015-05-18,25.315000534057617,25.350000381469727,25.075000762939453,25.075000762939453,2504300
2015-05-19,25.12849998474121,25.27899932861328,25.11050033569336,25.27899932861328,934900
2015-05-20,24.97450065612793,25.079999923706055,24.8700008392334,25.079999923706055,810500
2015-05-21,24.995500564575195,25.01300048828125,24.930999755859375,24.9424991607666,754100
2015-05-22,24.837499618530273,24.979999542236328,24.809999465942383,24.979999542236328,695100
2015-05-25,24.793500900268555,24.829999923706055,24.73550033569336,24.798500061035156,611200
2015-05-26,24.729999542236328,24.857500076293945,24.70549964904785,24.780000686645508,951700
2015-05-27,24.66200065612793,24.737499237060547,24.6200008392334,24.699499130249023,683700
2015-05-28,24.620500564575195,24.743999481201172,24.590499877929688,24.700000762939453,500800
2015-05-29,24.598499298095703,24.695999145507812,24.540000915527344,24.550500869750977,580400
2015-06-01,24.511499404907227,24.694000244140625,24.485000610351562,24.600000381469727,782500
2015-06-02,24.684999465942383,24.708999633789062,24.389999389648438,24.400999069213867,1134700
2015-06-03,24.66550064086914,24.729999542236328,24.575000762939453,24.597999572753906,1112100
2015-06-04,24.615999221801758,24.700000762939453,24.570499420166016,24.621999740600586,942100
2015-06-05,24.4424991607666,24.58799934387207,24.40999984741211,24.410499572753906,1226400
2015-06-08,24.479999542236328,24.59000015258789,24.365999221801758,24.59000015258789,1190800
2015-06-09,24.474000930786133,24.51849937438965,24.38050079345703,24.479999542236328,986500
2015-06-10,24.51799964904785,24.54949951171875,24.400999069213867,24.54949951171875,1254000
2015-06-11,24.284500122070312,24.597999572753906,24.243999481201172,24.51849937438965,4231600
2015-06-12,24.444499969482422,24.489999771118164,24.31100082397461,24.393999099731445,1445700
2015-06-15,24.411500930786133,24.549999237060547,24.316999435424805,24.451499938964844,2412300
2015-06-16,24.479999542236328,24.64299964904785,24.462499618530273,24.5,1228500
2015-06-17,24.438499450683594,24.524999618530273,24.37150001525879,24.479999542236328,815800
2015-06-18,24.597999572753906,24.62849998474121,24.440000534057617,24.45050048828125,1340800
2015-06-19,24.56999969482422,24.655000686645508,24.549999237060547,24.64900016784668,888200
2015-06-22,24.445999145507812,24.64699935913086,24.410499572753906,24.410499572753906,1053400
2015-06-23,24.249500274658203,24.39900016784668,24.210500717163086,24.39900016784668,1078500
2015-06-24,24.14349937438965,24.237499237060547,24.05699920654297,24.19849967956543,1160000
2015-06-25,24.23699951171875,24.280000686645508,24.100500106811523,24.139999389648438,1029300
2015-06-26,24.207000732421875,24.239999771118164,24.09000015258789,24.239999771118164,821500
2015-06-29,24.30699920654297,24.478500366210938,24.26799964904785,24.30150032043457,2634900
2015-06-30,24.19849967956543,24.358999252319336,24.149999618530273,24.349000930786133,647300
2015-07-01,24.177000045776367,24.290000915527344,24.1299991607666,24.290000915527344,713700
2015-07-02,24.026500701904297,24.19849967956543,23.979999542236328,24.149499893188477,1028400
2015-07-03,23.947999954223633,24.049999237060547,23.93000030517578,24.049999237060547,968500
2015-07-06,23.916500091552734,24.097999572753906,23.899999618530273,24.00200080871582,1340000
2015-07-07,23.996000289916992,24.020000457763672,23.899999618530273,23.997499465942383,1065400
2015-07-08,23.973499298095703,24.020000457763672,23.799999237060547,23.871000289916992,2057800
2015-07-09,24.1200008392334,24.170000076293945,23.933500289916992,24.038999557495117,1693900
2015-07-10,23.97800064086914,24.100000381469727,23.951499938964844,24.100000381469727,542600
2015-07-13,23.829999923706055,24.0,23.1200008392334,23.94099998474121,1239900
2015-07-14,23.779499053955078,24.850000381469727,23.760499954223633,23.829999923706055,785200
2015-07-15,23.791500091552734,23.920000076293945,23.75,23.770000457763672,1404300
2015-07-16,23.627500534057617,23.791500091552734,23.550500869750977,23.75,1434800
2015-07-17,23.60449981689453,23.709999084472656,23.581499099731445,23.649999618530273,1272500
2015-07-20,23.328500747680664,23.55150032043457,23.200000762939453,23.55150032043457,3431000
2015-07-21,23.38450050354004,23.399499893188477,23.200000762939453,23.228500366210938,2148900
2015-07-22,22.85099983215332,23.34950065612793,22.729999542236328,23.27899932861328,7019100
2015-07-23,22.928499221801758,23.09950065612793,22.8700008392334,23.09950065612793,3116800
2015-07-24,22.864999771118164,22.929000854492188,22.70949935913086,22.804000854492188,2166700
2015-07-27,22.93000030517578,23.109500885009766,22.88800048828125,22.979000091552734,2984200
2015-07-28,22.898000717163086,22.944499969482422,22.850500106811523,22.940000534057617,1272300
2015-07-29,22.799999237060547,22.989999771118164,22.739999771118164,22.979999542236328,1108300
2015-07-30,22.728500366210938,22.84600067138672,22.702499389648438,22.799999237060547,1250800
2015-07-31,22.697500228881836,22.79949951171875,22.65999984741211,22.761499404907227,1168100
2015-08-03,22.740999221801758,22.899999618530273,22.726999282836914,22.80150032043457,1601000
2015-08-04,22.687999725341797,22.7450008392334,22.61199951171875,22.738500595092773,1589600
2015-08-05,22.511999130249023,22.69849967956543,22.459999084472656,22.69849967956543,3468400
2015-08-06,22.48550033569336,22.589000701904297,22.471500396728516,22.589000701904297,1785700
2015-08-07,22.61050033569336,22.72949981689453,22.424999237060547,22.5,2538900
2015-08-10,22.70199966430664,22.788999557495117,22.570499420166016,22.749000549316406,1661100
2015-08-11,23.14299964904785,23.20050048828125,22.809999465942383,22.809999465942383,4757100
2015-08-12,23.459999084472656,23.547000885009766,23.165000915527344,23.208999633789062,2881100
2015-08-13,23.545000076293945,23.600000381469727,23.45050048828125,23.459999084472656,1751800
2015-08-14,23.503999710083008,23.59000015258789,23.402000427246094,23.59000015258789,1629900
2015-08-17,23.645000457763672,23.68000030517578,23.520000457763672,23.520000457763672,1314900
2015-08-18,23.75749969482422,23.774999618530273,20.75,22.46299934387207,1203800
2015-08-19,23.75550079345703,23.79800033569336,23.670000076293945,23.680999755859375,858200
2015-08-20,24.087499618530273,24.108999252319336,23.809999465942383,23.809999465942383,2152400
2015-08-21,24.4424991607666,24.795000076293945,24.118999481201172,24.118999481201172,3871200
2015-08-24,24.73900032043457,24.97800064086914,24.610000610351562,24.610000610351562,4158300
2015-08-25,24.446500778198242,24.719999313354492,24.361499786376953,24.510499954223633,2811800
2015-08-26,24.171499252319336,24.35099983215332,24.11050033569336,24.35099983215332,1101800
2015-08-27,23.961000442504883,24.14900016784668,23.829999923706055,24.14900016784668,788800
2015-08-28,24.132999420166016,24.20599937438965,23.962499618530273,23.962499618530273,929900
2015-08-31,24.312999725341797,24.32900047302246,24.15999984741211,24.2189998626709,1431900
2015-09-01,24.450000762939453,24.51099967956543,24.360000610351562,24.360000610351562,1670300
2015-09-02,24.27750015258789,24.43899917602539,24.25,24.420000076293945,1523100
2015-09-03,24.083999633789062,24.265499114990234,24.052000045776367,24.25,718900
2015-09-04,24.069000244140625,24.10449981689453,23.920000076293945,24.059999465942383,1161900
2015-09-07,24.118499755859375,24.238500595092773,24.08099937438965,24.100000381469727,2368400
2015-09-08,24.10300064086914,24.149999618530273,23.979999542236328,24.050500869750977,967300
2015-09-09,23.980499267578125,24.1299991607666,23.910499572753906,24.013500213623047,1841500
2015-09-10,23.765499114990234,23.8799991607666,23.730499267578125,23.8799991607666,1971000
2015-09-11,23.808000564575195,24.109500885009766,23.510000228881836,24.108999252319336,690000
2015-09-14,23.749000549316406,23.884000778198242,23.724000930786133,23.799999237060547,1553000
2015-09-15,23.73349952697754,23.8174991607666,23.701499938964844,23.70199966430664,1341800
2015-09-16,23.760000228881836,23.788999557495117,23.68000030517578,23.73900032043457,2041700
2015-09-18,24.107500076293945,24.160499572753906,23.910499572753906,23.912500381469727,1575400
2015-09-21,23.975500106811523,24.198999404907227,23.92099952697754,24.1200008392334,1659900
2015-09-22,23.947500228881836,24.04400062561035,23.860000610351562,23.99799919128418,1137200
2015-09-23,23.840999603271484,24.0,23.738000869750977,24.0,877800
2015-09-24,24.100500106811523,24.139999389648438,23.969999313354492,23.969999313354492,1027400
2015-09-28,24.072999954223633,24.44499969482422,24.0,24.210500717163086,1853700
2015-09-29,23.892499923706055,24.197999954223633,23.8700008392334,24.05150032043457,1429700
2015-09-30,23.8700008392334,23.999500274658203,23.770000457763672,23.999500274658203,1224000
2015-10-01,23.661500930786133,23.79800033569336,23.605499267578125,23.79800033569336,643900
2015-10-05,23.88450050354004,24.09950065612793,23.81049919128418,24.09950065612793,892900
2015-10-06,23.96299934387207,24.030000686645508,23.88050079345703,23.989500045776367,868800
2015-10-07,24.052000045776367,24.278499603271484,24.016000747680664,24.200000762939453,1218900
2015-10-08,23.962499618530273,24.020000457763672,23.906999588012695,23.971500396728516,533900
2015-10-09,24.125499725341797,24.170000076293945,23.910499572753906,23.999500274658203,914600
2015-10-12,24.32699966430664,24.368000030517578,24.149999618530273,24.15999984741211,1325800
2015-10-13,24.159500122070312,24.299999237060547,24.055999755859375,24.25,1628500
2015-10-14,24.425500869750977,24.639999389648438,24.25550079345703,24.350000381469727,1960500
2015-10-15,24.599000930786133,24.709999084472656,24.510499954223633,24.510499954223633,2116900
2015-10-16,24.486499786376953,24.59000015258789,24.430999755859375,24.56450080871582,1822100
2015-10-19,24.396499633789062,24.43950080871582,24.25200080871582,24.325000762939453,1118600
2015-10-20,24.481000900268555,24.489999771118164,24.309999465942383,24.309999465942383,850600
2015-10-21,24.569000244140625,24.634000778198242,24.541000366210938,24.549999237060547,873000
2015-10-23,24.42799949645996,24.479999542236328,24.350500106811523,24.479999542236328,648100
2015-10-26,24.326499938964844,24.398500442504883,24.27199935913086,24.398500442504883,705100
2015-10-27,24.451499938964844,24.5,24.256000518798828,24.31999969482422,742100
2015-10-28,24.538999557495117,24.558500289916992,24.41349983215332,24.5,805900
2015-10-29,24.44700050354004,24.468000411987305,24.270000457763672,24.31999969482422,1007200
2015-10-30,24.4064998626709,24.459999084472656,24.231000900268555,24.25149917602539,841900
2015-11-02,24.114999771118164,24.399999618530273,24.100000381469727,24.389999389648438,824100
2015-11-03,23.966999053955078,24.149999618530273,23.950000762939453,24.149999618530273,761100
2015-11-04,23.804500579833984,24.0,23.729999542236328,23.917999267578125,944200
2015-11-05,23.795000076293945,23.850000381469727,23.694000244140625,23.75,917900
2015-11-06,23.635000228881836,23.799999237060547,23.563499450683594,23.799999237060547,2234000
2015-11-09,23.77050018310547,24.048999786376953,23.5310001373291,23.600000381469727,5650700
2015-11-10,23.493999481201172,23.79800033569336,23.45599937438965,23.79800033569336,1322000
2015-11-13,23.212499618530273,23.339000701904297,23.15999984741211,23.290000915527344,2686800
2015-11-16,23.305999755859375,23.469499588012695,23.215499877929688,23.447999954223633,4428000
2015-11-17,23.11750030517578,23.243999481201172,23.049999237060547,23.243999481201172,1216500
2015-11-18,23.03350067138672,23.200000762939453,22.93000030517578,23.200000762939453,1065000
2015-11-19,23.053499221801758,23.149499893188477,23.00550079345703,23.00550079345703,1295800
2015-11-20,23.273500442504883,23.339500427246094,23.100000381469727,23.107999801635742,3315900
2015-11-23,23.101999282836914,23.16900062561035,23.01099967956543,23.16900062561035,1015800
2015-11-24,23.19099998474121,23.219999313354492,23.050500869750977,23.100000381469727,667700
2015-11-26,23.113000869750977,23.299999237060547,23.079999923706055,23.299999237060547,1061100
2015-11-27,23.102500915527344,23.179000854492188,23.061500549316406,23.08049964904785,729100
2015-11-30,22.924999237060547,23.084999084472656,22.9060001373291,22.988000869750977,1022800
2015-12-01,23.104999542236328,23.149999618530273,22.968000411987305,23.101499557495117,1188800
2015-12-02,23.0310001373291,23.190000534057617,22.965999603271484,23.190000534057617,893300
2015-12-03,22.861000061035156,22.92799949645996,22.81999969482422,22.88050079345703,1117700
2015-12-04,22.98150062561035,23.089000701904297,22.910499572753906,23.05150032043457,962500
2015-12-07,23.336000442504883,23.42799949645996,23.15999984741211,23.25,1620100
2015-12-08,23.13599967956543,23.264999389648438,23.100000381469727,23.264999389648438,903500
2015-12-09,23.284000396728516,23.299999237060547,23.15049934387207,23.25,1298100
2015-12-10,23.14550018310547,23.284000396728516,23.1299991607666,23.278499603271484,490200
2015-12-11,23.041500091552734,23.09950065612793,23.0,23.00550079345703,560600
2015-12-14,23.08650016784668,23.28700065612793,23.040000915527344,23.200000762939453,1092200
2015-12-15,22.976499557495117,23.074499130249023,22.951000213623047,23.029499053955078,668100
2015-12-16,22.9689998626709,23.200000762939453,22.93000030517578,23.200000762939453,936200
2015-12-17,22.9424991607666,23.01799964904785,22.81049919128418,22.899999618530273,2194500
2015-12-18,22.74250030517578,22.799999237060547,22.605499267578125,22.605499267578125,1738400
2015-12-21,22.95050048828125,22.989999771118164,22.801000595092773,22.815000534057617,1986700
2015-12-22,23.099000930786133,23.1200008392334,22.988000869750977,22.988000869750977,1911200
2015-12-23,22.94700050354004,23.200000762939453,22.920499801635742,23.200000762939453,646700
2015-12-24,22.93899917602539,23.0,22.86949920654297,22.95599937438965,420000
2015-12-28,22.93400001525879,23.0,22.8799991607666,23.0,451100
2015-12-29,22.991500854492188,23.04599952697754,22.90999984741211,22.93400001525879,813100
2015-12-30,22.9424991607666,23.01849937438965,22.911500930786133,22.979999542236328,1089700
2015-12-31,22.792499542236328,22.969999313354492,22.763500213623047,22.950000762939453,844400
2016-01-01,22.802000045776367,22.850000381469727,22.750999450683594,22.84950065612793,663400
2016-01-04,23.047000885009766,23.072500228881836,22.799999237060547,22.950000762939453,1318100
2016-01-05,23.196500778198242,23.22100067138672,23.051000595092773,23.094499588012695,1615900
2016-01-06,23.33099937438965,23.420000076293945,23.18000030517578,23.344999313354492,1129500
2016-01-07,23.667999267578125,23.84600067138672,23.460500717163086,23.55150032043457,2973500
2016-01-08,23.60700035095215,23.799999237060547,23.58099937438965,23.61050033569336,1040000
2016-01-11,23.680500030517578,23.88599967956543,23.6299991607666,23.710500717163086,1594700
2016-01-12,23.63249969482422,23.719999313354492,23.601499557495117,23.719999313354492,591700
2016-01-13,23.311500549316406,23.4950008392334,23.299999237060547,23.493999481201172,475600
2016-01-14,23.671499252319336,23.75,23.410499572753906,23.460500717163086,1476000
2016-01-15,23.704999923706055,23.74799919128418,23.45549964904785,23.459999084472656,1176200
2016-01-18,23.85099983215332,23.950000762939453,23.72100067138672,23.950000762939453,3503100
2016-01-19,23.764999389648438,23.839000701904297,23.68000030517578,23.772499084472656,1521500
2016-01-20,23.944000244140625,24.049999237060547,23.800500869750977,23.871000289916992,2587600
2016-01-21,23.983999252319336,24.15999984741211,23.899999618530273,24.00550079345703,2776000
2016-01-22,23.862499237060547,24.01849937438965,23.82200050354004,23.93000030517578,1344300
2016-01-25,24.0,24.04400062561035,23.851499557495117,23.851499557495117,1296800
2016-01-27,24.274499893188477,24.437000274658203,24.210500717163086,24.264999389648438,3457700
2016-01-28,24.299999237060547,24.395000457763672,24.26650047302246,24.31049919128418,1093100
2016-01-29,24.23349952697754,24.260000228881836,24.059999465942383,24.15049934387207,978100
2016-02-01,24.329999923706055,24.37299919128418,24.25550079345703,24.25550079345703,768100
2016-02-02,24.48550033569336,24.520999908447266,24.354999542236328,24.363000869750977,1520300
2016-02-03,24.530000686645508,24.608999252319336,24.490999221801758,24.510000228881836,2866800
2016-02-04,24.7185001373291,24.847999572753906,24.635000228881836,24.847999572753906,2940700
2016-02-05,24.85099983215332,24.926000595092773,24.7810001373291,24.826499938964844,4022400
2016-02-08,25.202499389648438,25.239500045776367,24.950000762939453,25.00149917602539,2575800
2016-02-09,25.663999557495117,25.739500045776367,25.502500534057617,25.56049919128418,5036800
2016-02-10,25.398500442504883,25.700000762939453,25.36549949645996,25.700000762939453,1931000
2016-02-11,25.954500198364258,26.049999237060547,25.651500701904297,25.660499572753906,4094200
2016-02-12,26.297000885009766,26.399999618530273,25.81049919128418,26.350000381469727,7467000
2016-02-15,25.874500274658203,26.148000717163086,25.812999725341797,26.148000717163086,2834600
2016-02-16,26.024499893188477,26.100000381469727,25.51799964904785,25.679000854492188,2081900
2016-02-17,25.853500366210938,26.049999237060547,25.81999969482422,26.020000457763672,2057200
2016-02-18,25.838499069213867,25.899999618530273,25.756000518798828,25.805500030517578,2825500
2016-02-19,26.125,26.280000686645508,26.030000686645508,26.151500701904297,4396900
2016-02-22,25.881999969482422,26.149999618530273,25.850000381469727,26.1200008392334,2107800
2016-02-23,26.16200065612793,26.200000762939453,26.02050018310547,26.04800033569336,2124500
2016-02-24,26.243000030517578,26.290000915527344,26.140499114990234,26.250499725341797,2775600
2016-02-25,26.39900016784668,26.429500579833984,26.183000564575195,26.260499954223633,2870300
2016-02-26,26.35650062561035,26.489999771118164,26.25550079345703,26.31800079345703,2147000
2016-02-29,26.489500045776367,26.512500762939453,26.11050033569336,26.274999618530273,2779300
2016-03-01,26.515499114990234,26.790000915527344,26.417499542236328,26.600000381469727,1729500
2016-03-02,26.111499786376953,26.29400062561035,26.065000534057617,26.29400062561035,1494400
2016-03-03,26.269500732421875,26.299999237060547,26.125,26.125,1792300
2016-03-04,26.67650032043457,26.729999542236328,26.460500717163086,26.460500717163086,2857100
2016-03-08,26.756500244140625,26.849000930786133,26.551000595092773,26.670000076293945,3413400
2016-03-09,26.482999801635742,26.565000534057617,26.36050033569336,26.545000076293945,3405500
2016-03-10,26.3125,26.450000762939453,26.23150062561035,26.450000762939453,1809300
2016-03-11,26.680500030517578,26.760000228881836,26.559499740600586,26.559499740600586,2743500
2016-03-14,26.60099983215332,26.648500442504883,26.162500381469727,26.59000015258789,1519800
2016-03-15,26.13050079345703,26.299999237060547,26.110000610351562,26.29400062561035,1944600
2016-03-16,26.06049919128418,26.25,26.049999237060547,26.25,1012700
2016-03-17,26.45549964904785,26.5,26.229999542236328,26.299999237060547,1849400
2016-03-18,26.18899917602539,26.426000595092773,26.149999618530273,26.351499557495117,907800
2016-03-21,26.04450035095215,26.178499221801758,25.961000442504883,26.055500030517578,876100
2016-03-22,26.047500610351562,26.165000915527344,26.006000518798828,26.04949951171875,1587600
2016-03-23,25.743000030517578,25.999500274658203,25.709999084472656,25.999500274658203,859600
2016-03-28,25.337499618530273,25.496999740600586,25.21649932861328,25.479000091552734,3227600
2016-03-29,25.430999755859375,25.488000869750977,25.320499420166016,25.40999984741211,1683300
2016-03-30,25.694499969482422,25.809999465942383,25.562000274658203,25.651500701904297,864800
2016-03-31,25.637500762939453,25.986000061035156,25.451499938964844,25.451499938964844,716500
2016-04-01,25.78849983215332,25.819499969482422,25.530000686645508,25.550500869750977,1179800
2016-04-04,25.475500106811523,25.83799934387207,25.401500701904297,25.83799934387207,1072800
2016-04-05,25.90399932861328,25.962499618530273,25.572999954223633,25.572999954223633,1559400
2016-04-06,25.9060001373291,25.989999771118164,25.77050018310547,25.989999771118164,899100
2016-04-07,26.155500411987305,26.198999404907227,25.81800079345703,25.864999771118164,1881100
2016-04-08,26.257999420166016,26.299999237060547,26.149999618530273,26.15999984741211,1981700
2016-04-11,26.282499313354492,26.472999572753906,26.26099967956543,26.305500030517578,1135300
2016-04-12,26.549999237060547,26.600000381469727,26.315000534057617,26.315000534057617,2046700
2016-04-13,26.34600067138672,26.447999954223633,26.25,26.447500228881836,1623100
2016-04-18,26.49250030517578,26.530000686645508,26.149999618530273,26.249000549316406,1286300
2016-04-20,26.56100082397461,26.68899917602539,26.50550079345703,26.56999969482422,1379600
2016-04-21,26.843000411987305,26.899999618530273,26.559999465942383,26.559999465942383,2477300
2016-04-22,26.697999954223633,26.809999465942383,26.550500869750977,26.700000762939453,1127900
2016-04-25,26.440500259399414,26.67799949645996,26.40049934387207,26.67799949645996,552600
2016-04-26,26.45599937438965,26.599000930786133,26.402999877929688,26.510000228881836,917500
2016-04-27,26.617000579833984,26.709999084472656,26.52199935913086,26.52199935913086,991800
2016-04-28,26.875,26.920000076293945,26.600000381469727,26.600000381469727,1786900
2016-04-29,27.17099952697754,27.200000762939453,26.799999237060547,26.799999237060547,3315200
2016-05-02,27.47599983215332,27.5,27.25,27.260000228881836,2491600
2016-05-03,27.479999542236328,27.531999588012695,27.26099967956543,27.300500869750977,2563200
2016-05-04,27.202499389648438,27.489999771118164,27.121000289916992,27.489999771118164,1744400
2016-05-05,27.12649917602539,27.3125,27.111000061035156,27.218000411987305,998300
2016-05-06,27.282499313354492,27.31399917602539,27.149999618530273,27.149999618530273,1334100
2016-05-09,27.270000457763672,27.5,27.100000381469727,27.399999618530273,5643300
2016-05-10,27.172000885009766,27.200000762939453,26.969999313354492,27.132999420166016,1679900
2016-05-11,27.166500091552734,27.299999237060547,27.150999069213867,27.299999237060547,929200
2016-05-12,27.01650047302246,27.199499130249023,27.0,27.11050033569336,788300
2016-05-13,27.19300079345703,28.0,27.010499954223633,28.0,1012600
2016-05-16,27.322500228881836,27.399999618530273,27.209999084472656,27.209999084472656,1122900
2016-05-17,27.274499893188477,27.325000762939453,27.207500457763672,27.315000534057617,891000
2016-05-18,27.312999725341797,27.38800048828125,27.24049949645996,27.299999237060547,717500
2016-05-19,27.285499572753906,27.319499969482422,27.15049934387207,27.247499465942383,720500
2016-05-20,27.225500106811523,27.342500686645508,27.200000762939453,27.342500686645508,498100
2016-05-23,27.187000274658203,27.225500106811523,27.063499450683594,27.149999618530273,767600
2016-05-24,27.020999908447266,27.190000534057617,27.000999450683594,27.114999771118164,487600
2016-05-25,26.70949935913086,26.899999618530273,26.6560001373291,26.897499084472656,711100
2016-05-26,26.86549949645996,26.90999984741211,26.75550079345703,26.75550079345703,846400
2016-05-27,26.81100082397461,27.25,26.520000457763672,26.687999725341797,1207100
2016-05-30,26.41900062561035,26.81999969482422,26.362499237060547,26.81999969482422,1063300
2016-05-31,26.45599937438965,26.6200008392334,26.440000534057617,26.440000534057617,474000
2016-06-01,26.50149917602539,26.565000534057617,26.440000534057617,26.485000610351562,545700
2016-06-02,26.289499282836914,26.5,26.260000228881836,26.5,525100
2016-06-03,26.27199935913086,26.29949951171875,26.131000518798828,26.29949951171875,444700
2016-06-06,26.720500946044922,26.749000549316406,26.510499954223633,26.510499954223633,1088500
2016-06-07,26.512500762939453,26.746000289916992,26.46649932861328,26.698999404907227,861700
2016-06-08,26.500999450683594,26.649999618530273,26.399999618530273,26.514999389648438,2186500
2016-06-09,26.63050079345703,26.7189998626709,26.551000595092773,26.700000762939453,892800
2016-06-10,26.78350067138672,26.84000015258789,26.097999572753906,26.097999572753906,1059200
2016-06-13,27.058500289916992,27.11750030517578,26.811500549316406,26.860000610351562,1520400
2016-06-14,27.059499740600586,27.11050033569336,26.934999465942383,26.934999465942383,1287600
2016-06-15,27.002500534057617,27.190000534057617,26.95050048828125,27.125,1279100
2016-06-16,27.46500015258789,27.59950065612793,27.171499252319336,27.25950050354004,4471100
2016-06-17,27.13599967956543,27.261999130249023,26.9950008392334,27.261999130249023,1895100
2016-06-20,27.102500915527344,27.243000030517578,27.020000457763672,27.158000946044922,1231100
2016-06-21,27.13050079345703,27.246000289916992,26.905500411987305,26.905500411987305,922000
2016-06-22,26.89900016784668,27.03499984741211,26.851499557495117,26.969999313354492,791500
2016-06-23,26.78849983215332,26.92799949645996,26.68000030517578,26.899999618530273,2004400
2016-06-24,27.743499755859375,28.239999771118164,27.600000381469727,27.760499954223633,10377400
2016-06-27,28.027000427246094,28.100000381469727,27.775999069213867,27.800500869750977,4598400
2016-06-28,28.090499877929688,28.18899917602539,27.829999923706055,27.8799991607666,2881600
2016-06-29,27.854000091552734,28.100000381469727,27.801000595092773,28.010499954223633,2026400
2016-06-30,27.773000717163086,27.84000015258789,27.58099937438965,27.620500564575195,2507600
2016-07-01,28.01849937438965,28.100000381469727,27.903499603271484,28.059999465942383,2747300
2016-07-04,28.159500122070312,28.26849937438965,28.055500030517578,28.055500030517578,2289300
2016-07-05,28.076499938964844,28.1200008392334,27.660499572753906,27.90049934387207,1273600
2016-07-07,28.368999481201172,28.499500274658203,28.256000518798828,28.260000228881836,2758600
2016-07-08,28.339500427246094,28.389999389648438,28.16550064086914,28.344999313354492,1651500
2016-07-11,28.407499313354492,28.479999542236328,28.260499954223633,28.410999298095703,1988300
2016-07-12,28.173999786376953,28.35700035095215,28.149999618530273,28.350000381469727,1511200
2016-07-13,28.055999755859375,28.290000915527344,27.850000381469727,27.979999542236328,1164000
2016-07-14,27.986499786376953,28.149499893188477,27.930500030517578,28.049999237060547,714700
2016-07-15,27.963499069213867,28.08799934387207,27.868999481201172,27.868999481201172,1078100
2016-07-18,27.836000442504883,27.97599983215332,27.809999465942383,27.950000762939453,2042200
2016-07-19,27.90049934387207,27.968000411987305,27.829999923706055,27.850000381469727,3243500
2016-07-20,27.84749984741211,28.0,27.81999969482422,27.899999618530273,1654400
2016-07-21,27.831499099731445,27.899999618530273,27.6299991607666,27.809999465942383,2681400
2016-07-22,27.854999542236328,27.950000762939453,27.815000534057617,27.8700008392334,2084400
2016-07-25,27.777000427246094,27.850000381469727,27.701000213623047,27.75,1040300
2016-07-26,27.918500900268555,28.0,27.761499404907227,27.770000457763672,982600
2016-07-27,27.844499588012695,27.985000610351562,27.795499801635742,27.985000610351562,660300
2016-07-28,28.037500381469727,28.197999954223633,27.92799949645996,28.010000228881836,1896000
2016-07-29,27.96299934387207,28.062000274658203,27.8125,27.93000030517578,1313800
2016-08-01,28.45549964904785,28.49449920654297,28.075000762939453,28.125499725341797,2548300
2016-08-02,28.791500091552734,28.809999465942383,28.270000457763672,28.520000457763672,2597100
2016-08-03,28.867000579833984,29.138999938964844,28.799999237060547,28.999000549316406,6989000
2016-08-04,28.77199935913086,28.850000381469727,28.53849983215332,28.738000869750977,854800
2016-08-05,29.101499557495117,29.187999725341797,28.826000213623047,28.881000518798828,1561500
2016-08-08,28.357500076293945,28.790000915527344,28.312000274658203,28.77899932861328,1356600
2016-08-09,28.539499282836914,28.59000015258789,28.361000061035156,28.368000030517578,603000
2016-08-10,28.79050064086914,28.93899917602539,28.711999893188477,28.761499404907227,1098100
2016-08-11,28.66550064086914,28.7189998626709,28.510499954223633,28.551000595092773,1207700
2016-08-12,28.702499389648438,28.739999771118164,28.5,28.542999267578125,623200
2016-08-16,28.52050018310547,28.850000381469727,28.426000595092773,28.809999465942383,1310900
2016-08-17,28.477500915527344,28.600000381469727,28.45599937438965,28.499500274658203,537300
2016-08-18,28.64299964904785,28.739999771118164,28.512500762939453,28.512500762939453,829900
2016-08-19,28.659500122070312,28.75,28.562000274658203,28.648500442504883,1110500
2016-08-22,28.549999237060547,28.600000381469727,28.426000595092773,28.559999465942383,932500
2016-08-23,28.484500885009766,28.63800048828125,28.451000213623047,28.549999237060547,661500
2016-08-24,28.520000457763672,28.549999237060547,28.425500869750977,28.481000900268555,447200
2016-08-25,28.3174991607666,28.398500442504883,28.2549991607666,28.350000381469727,595800
2016-08-26,28.41550064086914,28.547000885009766,28.25349998474121,28.360000610351562,826400
2016-08-29,28.16200065612793,28.3799991607666,28.1200008392334,28.31100082397461,765000
2016-08-30,28.141000747680664,28.329999923706055,28.100000381469727,28.29949951171875,421100
2016-08-31,28.120500564575195,28.190000534057617,28.069000244140625,28.09950065612793,743100
2016-09-01,27.823999404907227,28.200000762939453,27.799999237060547,28.200000762939453,1782600
2016-09-02,27.88050079345703,28.029499053955078,27.81599998474121,27.999000549316406,882400
2016-09-06,28.042499542236328,28.100500106811523,27.98150062561035,28.021499633789062,1684900
2016-09-07,28.324499130249023,28.420000076293945,28.201000213623047,28.209999084472656,1592400
2016-09-08,28.320499420166016,28.379499435424805,28.214000701904297,28.215499877929688,928800
2016-09-09,28.14150047302246,28.269500732421875,28.059999465942383,28.249500274658203,1834800
2016-09-12,28.39550018310547,28.43400001525879,28.08799934387207,28.149999618530273,1375100
2016-09-14,28.273500442504883,28.399999618530273,28.050500869750977,28.389999389648438,648100
2016-09-15,28.149999618530273,28.295000076293945,28.100500106811523,28.219999313354492,574200
2016-09-16,28.100500106811523,28.149999618530273,28.049999237060547,28.079999923706055,608300
2016-09-19,28.250499725341797,28.329999923706055,28.100000381469727,28.14699935913086,995100
2016-09-20,28.295499801635742,28.32699966430664,28.170000076293945,28.25,1259800
2016-09-21,28.35099983215332,28.389999389648438,28.200000762939453,28.299999237060547,589000
2016-09-22,28.381000518798828,28.50149917602539,28.364999771118164,28.364999771118164,1041900
2016-09-23,28.40250015258789,28.510000228881836,28.36050033569336,28.48699951171875,1233500
2016-09-26,28.420499801635742,28.486000061035156,28.326000213623047,28.403499603271484,2275200
2016-09-27,28.338499069213867,28.420499801635742,28.29050064086914,28.325000762939453,696700
2016-09-28,28.10300064086914,28.29949951171875,28.0625,28.29949951171875,646900
2016-09-29,28.499000549316406,28.600000381469727,28.024999618530273,28.024999618530273,2397100
2016-09-30,28.25200080871582,28.5,28.166000366210938,28.5,809100
2016-10-03,28.179000854492188,28.200000762939453,28.06999969482422,28.197500228881836,1065600
2016-10-04,28.15399932861328,28.200000762939453,28.111000061035156,28.170000076293945,819700
2016-10-05,27.89900016784668,27.940000534057617,27.601999282836914,27.8439998626709,2342000
2016-10-06,27.717500686645508,27.999000549316406,27.65049934387207,27.999000549316406,1194500
2016-10-07,27.617000579833984,27.734500885009766,27.549999237060547,27.719999313354492,3485900
2016-10-10,27.96150016784668,29.00950050354004,27.63800048828125,29.00950050354004,3052400
2016-10-13,27.56399917602539,28.0,27.510499954223633,28.0,1808300
2016-10-14,27.492000579833984,27.559999465942383,27.3799991607666,27.559999465942383,634900
2016-10-17,27.474000930786133,28.440000534057617,27.399999618530273,27.899999618530273,1158800
2016-10-18,27.554000854492188,27.618999481201172,27.465999603271484,27.469999313354492,513800
2016-10-19,27.45549964904785,27.59950065612793,27.399999618530273,27.54050064086914,865400
2016-10-20,27.503000259399414,27.559499740600586,27.464000701904297,27.5,635100
2016-10-21,27.44700050354004,27.527000427246094,27.410999298095703,27.499500274658203,476400
2016-10-24,27.351499557495117,27.540000915527344,27.302000045776367,27.540000915527344,1216100
2016-10-25,27.268999099731445,27.368000030517578,27.211999893188477,27.350000381469727,1404600
2016-10-26,27.280000686645508,27.350000381469727,27.25,27.280000686645508,1843200
2016-10-27,27.243999481201172,27.366500854492188,27.190000534057617,27.270000457763672,1511700
2016-10-28,27.35700035095215,28.59600067138672,27.299999237060547,28.59600067138672,5806100
2016-11-01,27.405000686645508,27.899999618530273,27.32200050354004,27.889999389648438,1825400
2016-11-02,27.66900062561035,27.74799919128418,27.479999542236328,27.5,2334500
2016-11-03,27.6564998626709,27.84000015258789,27.6299991607666,27.760000228881836,1640100
2016-11-04,27.719999313354492,27.760000228881836,27.56599998474121,27.61050033569336,1955100
2016-11-07,27.629499435424805,27.731000900268555,27.500499725341797,27.731000900268555,2107900
2016-11-08,27.708499908447266,27.883499145507812,27.480499267578125,27.5,1403300
2016-11-09,28.138999938964844,29.0,27.513500213623047,28.049999237060547,10606500
2016-11-10,28.011499404907227,28.149999618530273,27.625999450683594,28.09000015258789,1972700
2016-11-11,27.541500091552734,27.88949966430664,27.5,27.88949966430664,2800600
2016-11-15,27.410499572753906,27.600000381469727,27.0,27.499500274658203,2479200
2016-11-16,27.374500274658203,27.496999740600586,27.215499877929688,27.399999618530273,1199800
2016-11-17,27.048999786376953,27.3700008392334,26.739999771118164,27.3700008392334,1845300
2016-11-18,26.48200035095215,26.90999984741211,26.40999984741211,26.90999984741211,1236900
2016-11-21,26.603500366210938,26.69700050354004,26.399999618530273,26.500499725341797,2916300
2016-11-22,26.70949935913086,26.79949951171875,26.450000762939453,26.599000930786133,1052300
2016-11-23,26.739999771118164,26.79949951171875,26.525999069213867,26.525999069213867,725600
2016-11-24,26.6560001373291,26.704999923706055,26.29400062561035,26.50950050354004,1144300
2016-11-25,26.343000411987305,26.499500274658203,26.25,26.350000381469727,927700
2016-11-28,26.559499740600586,26.649999618530273,26.360000610351562,26.5,1693400
2016-11-29,26.543500900268555,26.58799934387207,26.450000762939453,26.5,805400
2016-11-30,26.456499099731445,26.649499893188477,26.40999984741211,26.510000228881836,387200
2016-12-01,26.16200065612793,26.388999938964844,26.149999618530273,26.388999938964844,1168000
2016-12-02,25.940000534057617,26.23349952697754,25.90049934387207,26.049999237060547,1118300
2016-12-05,25.83449935913086,26.100000381469727,25.799999237060547,26.055500030517578,1348200
2016-12-06,25.916000366210938,25.989999771118164,25.822500228881836,25.989999771118164,810600
2016-12-07,25.82200050354004,25.922500610351562,25.770000457763672,25.850000381469727,446300
2016-12-08,25.9060001373291,26.854999542236328,25.829999923706055,25.989999771118164,706600
2016-12-09,25.733999252319336,25.889999389648438,25.68000030517578,25.8799991607666,701800
2016-12-12,25.660999298095703,25.85849952697754,25.549999237060547,25.699499130249023,726900
2016-12-13,25.57900047302246,25.797000885009766,25.48150062561035,25.645000457763672,1118100
2016-12-14,25.52549934387207,26.34600067138672,25.489999771118164,26.090999603271484,1420000
2016-12-15,25.295000076293945,25.440000534057617,25.22249984741211,25.440000534057617,994500
2016-12-16,25.007999420166016,25.31800079345703,24.950000762939453,25.299999237060547,3048200
2016-12-19,25.086999893188477,25.200000762939453,25.000499725341797,25.007999420166016,2212800
2016-12-20,25.02750015258789,25.14900016784668,24.949499130249023,25.100000381469727,1057900
2016-12-21,25.016000747680664,25.110000610351562,24.951000213623047,25.010000228881836,723700
2016-12-22,24.87700080871582,24.989500045776367,24.84000015258789,24.951499938964844,819800
2016-12-23,24.863000869750977,25.299999237060547,24.790000915527344,24.87700080871582,901400
2016-12-26,25.0,25.360000610351562,24.780000686645508,25.360000610351562,1123200
2016-12-27,25.25149917602539,25.3799991607666,24.91349983215332,25.0,1046600
2016-12-28,25.4689998626709,25.507999420166016,25.170000076293945,25.299999237060547,937100
2016-12-29,25.46649932861328,25.59000015258789,25.420000076293945,25.4689998626709,402300
2016-12-30,25.645999908447266,25.698999404907227,25.51099967956543,25.51099967956543,549300
2017-01-02,25.583499908447266,25.688499450683594,25.410999298095703,25.59950065612793,786000
2017-01-03,25.46150016784668,25.649999618530273,25.43000030517578,25.649999618530273,627900
2017-01-04,25.832500457763672,25.888999938964844,25.510000228881836,25.55150032043457,819200
2017-01-05,25.982500076293945,26.049999237060547,25.660499572753906,25.75550079345703,647000
2017-01-06,25.983999252319336,26.100000381469727,25.288000106811523,26.049999237060547,2514400
2017-01-09,26.045000076293945,26.100000381469727,25.899999618530273,25.979999542236328,1386200
2017-01-10,26.148000717163086,26.249500274658203,26.052000045776367,26.05500030517578,738900
2017-01-11,26.336999893188477,26.399999618530273,26.10099983215332,26.149999618530273,928400
2017-01-12,26.513500213623047,26.579999923706055,26.26300048828125,26.399999618530273,891400
2017-01-13,26.45050048828125,26.5,26.31599998474121,26.399999618530273,455600
2017-01-16,26.591999053955078,26.670000076293945,26.260499954223633,26.459999084472656,1051800
2017-01-17,26.798999786376953,26.88599967956543,26.54949951171875,26.610000610351562,1203700
2017-01-18,26.85650062561035,27.100000381469727,26.611000061035156,26.700000762939453,708200
2017-01-19,26.663000106811523,26.847999572753906,26.601999282836914,26.847999572753906,1003500
2017-01-20,26.687999725341797,26.788999557495117,26.611000061035156,26.67099952697754,697900
2017-01-23,26.664499282836914,26.84000015258789,26.650999069213867,26.75,418500
2017-01-24,26.662500381469727,26.760000228881836,26.651500701904297,26.680500030517578,889800
2017-01-25,26.520999908447266,26.662500381469727,26.489999771118164,26.662500381469727,651200
2017-01-27,26.21500015258789,26.450000762939453,26.170499801635742,26.270000457763672,725800
2017-01-30,26.06999969482422,26.5,26.000999450683594,26.5,1910800
2017-01-31,26.30699920654297,26.387500762939453,26.20400047302246,26.28849983215332,1619100
2017-02-01,26.433500289916992,26.597000122070312,26.27549934387207,26.299999237060547,858300
2017-02-02,26.545000076293945,26.679500579833984,26.342500686645508,26.448999404907227,1360200
2017-02-03,26.444000244140625,26.545499801635742,26.400999069213867,26.540000915527344,470600
2017-02-06,26.53700065612793,26.742000579833984,26.450000762939453,26.450000762939453,841700
2017-02-07,26.881500244140625,26.929000854492188,26.600500106811523,26.610000610351562,1008100
2017-02-08,26.9424991607666,27.0,26.72599983215332,26.760499954223633,1913500
2017-02-09,26.836999893188477,26.950000762939453,26.770000457763672,26.9424991607666,587400
2017-02-10,26.5310001373291,26.638500213623047,26.4060001373291,26.61199951171875,1183200
2017-02-13,26.456499099731445,26.649499893188477,26.426000595092773,26.565500259399414,770500
2017-02-14,26.583999633789062,26.65049934387207,26.401500701904297,26.44849967956543,1317400
2017-02-15,26.483999252319336,26.649999618530273,26.31049919128418,26.649999618530273,786900
2017-02-16,26.683500289916992,26.77400016784668,26.524999618530273,26.55150032043457,1350900
2017-02-17,26.86400032043457,26.889999389648438,26.621999740600586,26.621999740600586,1099200
2017-02-20,26.774499893188477,26.84950065612793,26.670499801635742,26.84950065612793,582800
2017-02-21,26.590499877929688,26.770000457763672,26.56800079345703,26.700000762939453,1092300
2017-02-22,26.87700080871582,26.920000076293945,26.575000762939453,26.700000762939453,2511700
2017-02-23,26.866500854492188,26.89699935913086,26.672000885009766,26.84950065612793,1246000
2017-02-27,27.077999114990234,27.15999984741211,26.95050048828125,27.00149917602539,2074200
2017-02-28,27.021499633789062,27.10700035095215,26.86050033569336,27.000499725341797,1043800
2017-03-01,26.93199920654297,27.079999923706055,26.38800048828125,27.079999923706055,1409600
2017-03-02,26.867000579833984,26.97949981689453,26.766000747680664,26.940000534057617,1416500
2017-03-03,26.618499755859375,26.829999923706055,26.583999633789062,26.829999923706055,773900
2017-03-06,26.736499786376953,26.793500900268555,26.600000381469727,26.700000762939453,963500
2017-03-07,26.561500549316406,26.700000762939453,26.550500869750977,26.700000762939453,610900
2017-03-08,26.292499542236328,26.56100082397461,26.25,26.52199935913086,2080100
2017-03-09,26.246000289916992,26.299999237060547,26.110000610351562,26.299999237060547,1030100
2017-03-10,26.113000869750977,26.188499450683594,26.04199981689453,26.187999725341797,1217200
2017-03-14,25.958499908447266,26.148000717163086,25.854999542236328,26.148000717163086,1162700
2017-03-15,25.62849998474121,25.950000762939453,25.600000381469727,25.940000534057617,1901700
2017-03-16,25.962499618530273,26.04450035095215,25.774999618530273,26.0,860100
2017-03-17,25.989500045776367,26.09600067138672,25.92099952697754,26.048500061035156,1144700
2017-03-20,26.049999237060547,26.128999710083008,25.950000762939453,26.100000381469727,808500
2017-03-21,26.061500549316406,26.079999923706055,25.92099952697754,26.020000457763672,1725700
2017-03-22,26.347999572753906,26.5,26.190000534057617,26.5,1909300
2017-03-23,26.382999420166016,26.449499130249023,26.249500274658203,26.34000015258789,925300
2017-03-24,26.336000442504883,26.36750030517578,26.220500946044922,26.299999237060547,2154800
2017-03-27,26.427000045776367,26.479999542236328,26.359500885009766,26.451499938964844,2338100
2017-03-28,26.332000732421875,26.447999954223633,26.299999237060547,26.447999954223633,1622400
2017-03-29,26.288000106811523,26.5,26.166000366210938,26.5,1353100
2017-03-30,26.268999099731445,26.349000930786133,26.184999465942383,26.299999237060547,610000
2017-03-31,26.12849998474121,26.239999771118164,26.10099983215332,26.239999771118164,473400
2017-04-03,26.082500457763672,26.278499603271484,26.055999755859375,26.200000762939453,1037500
2017-04-05,26.371000289916992,26.75,26.25,26.75,2622200
2017-04-06,26.392499923706055,26.450000762939453,26.229999542236328,26.351499557495117,2308200
2017-04-07,26.513999938964844,26.64699935913086,26.422000885009766,26.55150032043457,1341100
2017-04-10,26.210500717163086,26.438499450683594,26.170499801635742,26.398500442504883,1246400
2017-04-11,26.260499954223633,26.39699935913086,26.15999984741211,26.20050048828125,2342600
2017-04-12,26.600500106811523,26.699499130249023,26.399999618530273,26.5,2395100
2017-04-13,26.77899932861328,26.81999969482422,26.650999069213867,26.651500701904297,1725200
2017-04-17,26.804500579833984,26.94700050354004,26.70599937438965,26.899499893188477,2538200
2017-04-18,26.79450035095215,26.846500396728516,26.600000381469727,26.780000686645508,3206800
2017-04-19,26.681499481201172,27.0,26.639999389648438,27.0,3296400
2017-04-20,26.684499740600586,26.738000869750977,26.481000900268555,26.640499114990234,3260700
2017-04-21,26.76849937438965,26.8439998626709,26.562000274658203,26.700000762939453,1825900
2017-04-24,26.548999786376953,26.74850082397461,26.520000457763672,26.74850082397461,864000
2017-04-25,26.49250030517578,26.639999389648438,26.416000366210938,26.639999389648438,2644600
2017-04-26,26.339500427246094,26.600000381469727,26.229999542236328,26.600000381469727,1914400
2017-04-27,26.33300018310547,26.39900016784668,26.260499954223633,26.329500198364258,2169100
2017-04-28,26.40999984741211,26.548999786376953,26.329999923706055,26.329999923706055,4292500
2017-05-02,26.178499221801758,26.399499893188477,26.13599967956543,26.399499893188477,1587300
2017-05-03,26.11050033569336,26.2185001373291,26.056499481201172,26.19849967956543,2600500
2017-05-04,25.804500579833984,26.040000915527344,25.756000518798828,25.999500274658203,1478300
2017-05-05,25.923999786376953,26.094999313354492,25.635000228881836,25.790000915527344,1867300
2017-05-08,25.720500946044922,26.530500411987305,25.63249969482422,26.530500411987305,1614000
2017-05-09,25.70549964904785,25.788000106811523,25.65999984741211,25.660499572753906,2195900
2017-05-10,25.67449951171875,25.717500686645508,25.601999282836914,25.700000762939453,1053400
2017-05-11,25.518999099731445,25.778499603271484,25.49049949645996,25.670000076293945,2519500
2017-05-12,25.555500030517578,25.600500106811523,25.506000518798828,25.520000457763672,846800
2017-05-15,25.585500717163086,25.648000717163086,25.51099967956543,25.540000915527344,1473200
2017-05-16,25.61750030517578,25.639999389648438,25.569000244140625,25.584999084472656,1795900
2017-05-17,25.79800033569336,25.816499710083008,25.650999069213867,25.700000762939453,1825700
2017-05-18,26.325000762939453,26.374500274658203,25.979999542236328,25.979999542236328,3133900
2017-05-19,26.227500915527344,26.24850082397461,26.020000457763672,26.20549964904785,1197800
2017-05-22,26.186500549316406,26.226999282836914,26.045000076293945,26.045000076293945,936200
2017-05-23,26.38599967956543,26.43000030517578,26.22599983215332,26.26099967956543,1521600
2017-05-24,26.239999771118164,26.3799991607666,26.138999938964844,26.3799991607666,1662400
2017-05-25,26.116500854492188,26.29949951171875,26.100000381469727,26.201499938964844,920400
2017-05-26,26.308500289916992,26.350000381469727,26.12299919128418,26.12299919128418,1284000
2017-05-29,26.29599952697754,26.34000015258789,26.23200035095215,26.280000686645508,1001600
2017-05-30,26.293500900268555,26.414499282836914,26.25,26.30150032043457,1719700
2017-05-31,26.184499740600586,26.28499984741211,26.100000381469727,26.28499984741211,963600
2017-06-01,26.291500091552734,26.389999389648438,26.176000595092773,26.299999237060547,1902800
2017-06-02,26.179500579833984,26.258499145507812,26.075000762939453,26.249500274658203,803300
2017-06-05,26.535499572753906,26.579500198364258,26.302499771118164,26.311500549316406,2739700
2017-06-06,26.672000885009766,26.7189998626709,26.500499725341797,26.540000915527344,3742500
2017-06-07,26.629499435424805,26.749000549316406,26.600000381469727,26.68000030517578,4054300
2017-06-08,26.559499740600586,26.599000930786133,26.479999542236328,26.599000930786133,1189700
2017-06-09,26.35650062561035,26.399999618530273,26.27199935913086,26.399999618530273,1630800
2017-06-12,26.311500549316406,26.344999313354492,26.220500946044922,26.344999313354492,1807800
2017-06-13,26.22450065612793,26.33300018310547,26.149999618530273,26.31999969482422,1599800
2017-06-14,26.212499618530273,26.5,26.190000534057617,26.5,1426600
2017-06-15,26.16699981689453,26.199499130249023,26.10099983215332,26.18000030517578,716000
2017-06-16,26.10650062561035,26.170000076293945,26.063499450683594,26.13050079345703,950800
2017-06-19,26.01650047302246,26.098499298095703,25.92099952697754,26.098499298095703,1205300
2017-06-20,25.98150062561035,26.020000457763672,25.903499603271484,25.996999740600586,978400
2017-06-21,26.06800079345703,26.190000534057617,25.95599937438965,26.100000381469727,733800
2017-06-22,26.10449981689453,26.148000717163086,26.022499084472656,26.110000610351562,593900
2017-06-23,26.12299919128418,26.149999618530273,26.040000915527344,26.100000381469727,1960000
2017-06-27,26.07550048828125,26.139999389648438,25.760499954223633,26.06999969482422,2183200
2017-06-28,25.992000579833984,26.200000762939453,25.957500457763672,26.200000762939453,1233800
2017-06-29,25.836000442504883,26.059499740600586,25.809999465942383,25.969999313354492,589200
2017-06-30,25.768999099731445,25.969999313354492,25.709999084472656,25.899999618530273,580500
2017-07-03,25.679000854492188,25.83449935913086,25.658000946044922,25.749500274658203,607300
2017-07-04,25.43950080871582,25.648000717163086,25.399999618530273,25.599000930786133,1953800
2017-07-05,25.414499282836914,25.600000381469727,25.390499114990234,25.600000381469727,903400
2017-07-06,25.476499557495117,25.54400062561035,25.450000762939453,25.450000762939453,808700
2017-07-07,25.388999938964844,25.479999542236328,25.329999923706055,25.479999542236328,800200
2017-07-10,25.099000930786133,25.170000076293945,24.7549991607666,24.7549991607666,812300
2017-07-11,25.155000686645508,25.235000610351562,25.09000015258789,25.110000610351562,838800
2017-07-12,25.20949935913086,25.339500427246094,25.149999618530273,25.25,1951600
2017-07-13,25.221500396728516,25.29450035095215,25.15999984741211,25.20050048828125,759600
2017-07-14,25.18000030517578,25.21500015258789,25.125499725341797,25.200000762939453,688200
2017-07-17,25.372499465942383,25.41900062561035,25.260000228881836,25.2814998626709,1492700
2017-07-18,25.453500747680664,25.51799964904785,25.401500701904297,25.401500701904297,1921200
2017-07-19,25.503000259399414,25.600000381469727,25.46299934387207,25.600000381469727,1307100
2017-07-20,25.47249984741211,25.512500762939453,25.469999313354492,25.503000259399414,577300
2017-07-21,25.61199951171875,25.65999984741211,25.475000381469727,25.4950008392334,1581500
2017-07-24,25.7814998626709,25.815000534057617,25.6299991607666,25.719999313354492,1224800
2017-07-25,25.67650032043457,25.792499542236328,25.649999618530273,25.777999877929688,882300
2017-07-26,25.565000534057617,25.799999237060547,25.511499404907227,25.799999237060547,2319900
2017-07-27,25.773000717163086,25.839000701904297,25.684999465942383,25.684999465942383,1459800
2017-07-28,25.654499053955078,25.771499633789062,25.60300064086914,25.771499633789062,1473400
2017-07-31,25.709999084472656,25.789499282836914,25.680999755859375,25.75,1142100
2017-08-01,25.656999588012695,25.799999237060547,25.615999221801758,25.799999237060547,715400
2017-08-02,25.609500885009766,25.75,25.58099937438965,25.75,663700
2017-08-03,25.54599952697754,25.576000213623047,25.5,25.549999237060547,1240700
2017-08-04,25.809999465942383,25.84000015258789,25.566499710083008,25.566499710083008,1886800
2017-08-07,25.553499221801758,25.7549991607666,25.512500762939453,25.7549991607666,743600
2017-08-08,25.587499618530273,25.64900016784668,25.51799964904785,25.562999725341797,2080800
2017-08-09,25.771499633789062,25.81999969482422,25.582000732421875,25.809999465942383,1289100
2017-08-10,25.963499069213867,26.077999114990234,25.825000762939453,25.85300064086914,2341300
2017-08-11,26.2189998626709,26.264999389648438,26.06800079345703,26.08799934387207,2568000
2017-08-14,26.033000946044922,26.25,26.000499725341797,26.25,1357000
2017-08-16,25.7814998626709,26.100000381469727,25.75,26.010000228881836,1212000
2017-08-17,26.145000457763672,26.187000274658203,25.979999542236328,26.010000228881836,1524400
2017-08-18,26.23200035095215,26.299999237060547,26.11199951171875,26.145000457763672,1812800
2017-08-21,26.012500762939453,26.23200035095215,25.934999465942383,26.23200035095215,1311700
2017-08-22,25.96500015258789,26.118000030517578,25.90049934387207,25.969999313354492,1144800
2017-08-23,25.992000579833984,26.045000076293945,25.885000228881836,26.045000076293945,1785900
2017-08-24,26.006999969482422,26.045499801635742,25.960500717163086,25.992000579833984,734400
2017-08-28,26.292499542236328,26.328500747680664,26.022499084472656,26.024999618530273,2407800
2017-08-29,26.827499389648438,26.929000854492188,26.461000442504883,26.500499725341797,4226300
2017-08-30,26.625,26.697999954223633,26.500999450683594,26.68000030517578,1148300
2017-08-31,26.525999069213867,26.57900047302246,26.45199966430664,26.45199966430664,1641400
2017-09-01,26.818500518798828,26.847999572753906,26.655000686645508,26.690000534057617,1848500
2017-09-04,27.128000259399414,27.25,26.90999984741211,26.90999984741211,2682500
2017-09-05,27.047500610351562,27.749000549316406,27.0,27.499000549316406,2163900
2017-09-06,27.2814998626709,27.309999465942383,27.065500259399414,27.299999237060547,1607000
2017-09-07,27.16950035095215,27.200000762939453,27.049999237060547,27.100500106811523,1729800
2017-09-08,27.31599998474121,27.411500930786133,27.235000610351562,27.25,2665200
2017-09-11,27.08650016784668,27.329999923706055,27.0,27.329999923706055,1521200
2017-09-12,26.947500228881836,26.999000549316406,26.899999618530273,26.979999542236328,2211800
2017-09-13,27.070499420166016,27.25,26.968000411987305,27.25,1590200
2017-09-14,26.90049934387207,26.99799919128418,26.861000061035156,26.993499755859375,755300
2017-09-15,26.98349952697754,27.118999481201172,26.940500259399414,26.969999313354492,1121200
2017-09-18,26.759000778198242,26.979999542236328,26.709999084472656,26.979999542236328,1850900
2017-09-19,26.736000061035156,26.75,26.555500030517578,26.700000762939453,2399700
2017-09-20,26.850000381469727,26.879499435424805,26.743000030517578,26.799999237060547,827400
2017-09-21,26.704999923706055,26.739999771118164,26.603500366210938,26.69700050354004,1860300
2017-09-22,26.721500396728516,26.93000030517578,26.670000076293945,26.78499984741211,2241100
2017-09-25,26.75950050354004,26.819000244140625,26.60300064086914,26.75,1074900
2017-09-26,27.058000564575195,27.29949951171875,27.000499725341797,27.000499725341797,3304500
2017-09-27,26.868999481201172,26.985000610351562,26.844999313354492,26.985000610351562,1048100
2017-09-28,26.719499588012695,27.0,26.655000686645508,26.885000228881836,773700
2017-09-29,26.662500381469727,26.764999389648438,26.649999618530273,26.719999313354492,458900
2017-10-03,26.583499908447266,26.700000762939453,26.506500244140625,26.700000762939453,745900
2017-10-04,26.531999588012695,26.700000762939453,26.514999389648438,26.700000762939453,1069400
2017-10-05,26.476999282836914,26.539499282836914,26.42300033569336,26.510000228881836,918700
2017-10-06,26.409000396728516,26.479999542236328,26.340999603271484,26.476999282836914,1489700
2017-10-09,26.69300079345703,26.78849983215332,26.409000396728516,26.56800079345703,1901900
2017-10-10,26.76300048828125,26.799999237060547,26.635000228881836,26.635000228881836,1301200
2017-10-11,26.84149932861328,26.889999389648438,26.710500717163086,26.75,2057800
2017-10-12,26.95050048828125,26.979999542236328,26.75,26.851499557495117,1356900
2017-10-13,26.965499877929688,27.029499053955078,26.87299919128418,27.0,2028000
2017-10-16,26.89349937438965,27.048999786376953,26.850500106811523,26.959999084472656,2836200
2017-10-17,26.79050064086914,26.889999389648438,26.73200035095215,26.889999389648438,4911400
2017-10-18,26.603500366210938,26.899999618530273,26.56999969482422,26.899999618530273,1846200
2017-10-19,26.87350082397461,27.0,26.660999298095703,26.850000381469727,1072600
2017-10-23,26.554500579833984,26.864999771118164,26.520000457763672,26.864999771118164,1531600
2017-10-24,26.51650047302246,26.649499893188477,26.5049991607666,26.600000381469727,829300
2017-10-25,26.467500686645508,26.547000885009766,26.424999237060547,26.545000076293945,1897900
2017-10-26,26.431499481201172,26.530000686645508,26.40049934387207,26.40049934387207,1753000
2017-10-27,26.276500701904297,26.399999618530273,26.222999572753906,26.360000610351562,1548900
2017-10-30,26.27899932861328,26.36750030517578,26.22100067138672,26.270999908447266,1321100
2017-10-31,26.37150001525879,26.443500518798828,26.290000915527344,26.30500030517578,1159200
2017-11-01,26.335500717163086,26.5,26.200000762939453,26.5,1723900
2017-11-02,26.279499053955078,26.37700080871582,26.257999420166016,26.329999923706055,1256500
2017-11-03,26.270999908447266,26.315000534057617,26.211000442504883,26.299999237060547,768500
2017-11-06,26.15049934387207,26.239999771118164,26.133499145507812,26.23900032043457,1445900
2017-11-07,26.390499114990234,26.444000244140625,26.270000457763672,26.270999908447266,2627100
2017-11-08,26.416500091552734,26.5,26.374500274658203,26.5,1264200
2017-11-09,26.437000274658203,26.48900032043457,26.381000518798828,26.458499908447266,1469300
2017-11-10,26.529499053955078,26.54949951171875,26.45050048828125,26.45050048828125,1340300
2017-11-13,26.50749969482422,26.54800033569336,26.350500106811523,26.5049991607666,2182300
2017-11-14,26.431499481201172,26.54949951171875,26.401500701904297,26.5,1921300
2017-11-15,26.576000213623047,26.629499435424805,26.434999465942383,26.600000381469727,2614600
2017-11-16,26.412500381469727,26.538999557495117,26.3799991607666,26.50149917602539,1311400
2017-11-17,26.464500427246094,26.499500274658203,26.362499237060547,26.399999618530273,2016900
2017-11-20,26.676000595092773,26.700000762939453,26.51799964904785,26.51799964904785,1730800
2017-11-21,26.44499969482422,26.527999877929688,26.430999755859375,26.527999877929688,551100
2017-11-22,26.45949935913086,26.5,26.386499404907227,26.440000534057617,1048000
2017-11-23,26.499000549316406,26.600000381469727,26.410499572753906,26.600000381469727,1903800
2017-11-24,26.534000396728516,26.57900047302246,26.48349952697754,26.5,1104600
2017-11-27,26.493499755859375,26.649499893188477,26.46500015258789,26.649499893188477,2207400
2017-11-28,26.482500076293945,26.538999557495117,26.450000762939453,26.50149917602539,1171100
2017-11-29,26.5,26.700000762939453,26.46649932861328,26.700000762939453,839200
2017-11-30,26.300500869750977,26.459999084472656,26.275999069213867,26.440000534057617,1337200
2017-12-01,26.24650001525879,26.269500732421875,26.15999984741211,26.25,1005300
2017-12-04,26.118499755859375,26.579999923706055,26.09000015258789,26.579999923706055,1164600
2017-12-05,26.173999786376953,26.200000762939453,26.100000381469727,26.1200008392334,1768000
2017-12-06,26.056499481201172,26.170000076293945,26.0,26.170000076293945,1252200
2017-12-07,25.88949966430664,26.04400062561035,25.83099937438965,26.000499725341797,1429200
2017-12-08,25.631999969482422,25.8799991607666,25.600000381469727,25.798500061035156,1481800
2017-12-11,25.64550018310547,25.70949935913086,25.58049964904785,25.631999969482422,1319300
2017-12-12,25.63800048828125,25.684999465942383,25.5310001373291,25.598499298095703,1083000
2017-12-13,25.53499984741211,25.69849967956543,25.50149917602539,25.69849967956543,616200
2017-12-14,25.745500564575195,25.877500534057617,25.600500106811523,25.618000030517578,2067300
2017-12-15,25.643999099731445,25.73900032043457,25.600500106811523,25.738500595092773,2187000
2017-12-18,25.63249969482422,25.739500045776367,25.562000274658203,25.649999618530273,1349700
2017-12-19,25.721500396728516,25.77899932861328,25.6560001373291,25.6560001373291,2320100
2017-12-20,25.739999771118164,25.790000915527344,25.652000427246094,25.790000915527344,1034100
2017-12-21,25.754499435424805,25.84000015258789,25.667499542236328,25.75,3690200
2017-12-22,25.79450035095215,25.81999969482422,25.709999084472656,25.790000915527344,2134300
2017-12-26,26.003000259399414,26.09000015258789,25.809999465942383,25.825000762939453,1630200
2017-12-27,26.16550064086914,26.190000534057617,25.95050048828125,26.100000381469727,4088400
2017-12-28,26.372499465942383,26.40999984741211,26.190000534057617,26.201499938964844,2225500
2017-12-29,26.26799964904785,26.398000717163086,26.224000930786133,26.398000717163086,1220000
2018-01-01,26.43600082397461,26.496999740600586,26.308000564575195,26.308000564575195,1036000
2018-01-02,26.46150016784668,26.517000198364258,26.430999755859375,26.489999771118164,1362700
2018-01-03,26.46299934387207,26.600000381469727,26.41550064086914,26.600000381469727,832700
2018-01-04,26.39699935913086,26.43000030517578,26.309999465942383,26.399999618530273,526900
2018-01-05,26.43950080871582,26.518999099731445,26.424999237060547,26.44300079345703,1585000
2018-01-08,26.470500946044922,26.50950050354004,26.361000061035156,26.50950050354004,1546800
2018-01-09,26.538999557495117,26.59950065612793,26.43000030517578,26.43000030517578,2040100
2018-01-10,26.519500732421875,26.700000762939453,26.441499710083008,26.700000762939453,2373100
2018-01-11,26.618000030517578,26.655000686645508,26.552000045776367,26.552000045776367,868900
2018-01-12,26.782499313354492,26.809999465942383,26.6299991607666,26.6299991607666,1622300
2018-01-15,26.948999404907227,26.982500076293945,26.735000610351562,26.83799934387207,2457900
2018-01-16,27.05150032043457,27.139999389648438,26.899999618530273,26.899999618530273,3050900
2018-01-17,27.01449966430664,27.200000762939453,26.964000701904297,27.200000762939453,1750200
2018-01-18,26.82900047302246,26.950000762939453,26.799999237060547,26.94849967956543,1725900
2018-01-19,26.94700050354004,26.97800064086914,26.750499725341797,26.799999237060547,1000600
2018-01-22,26.900999069213867,27.0,26.88050079345703,26.950000762939453,2386800
2018-01-23,26.995500564575195,27.020000457763672,26.940000534057617,26.95400047302246,3040100
2018-01-24,27.134000778198242,27.25,26.959999084472656,27.25,1930900
2018-01-25,27.33300018310547,27.45050048828125,27.209999084472656,27.209999084472656,2519600
2018-01-29,27.14550018310547,27.228500366210938,27.066999435424805,27.181499481201172,2124700
2018-01-30,27.147499084472656,27.200000762939453,26.953500747680664,27.0,1270500
2018-01-31,27.089000701904297,27.200000762939453,27.045000076293945,27.200000762939453,1795200
2018-02-01,27.142499923706055,27.22949981689453,26.97249984741211,27.089000701904297,3051500
2018-02-02,27.354999542236328,27.493999481201172,27.25,27.250999450683594,3263400
2018-02-05,27.184499740600586,27.24850082397461,27.09000015258789,27.23900032043457,1939900
2018-02-06,27.36549949645996,27.4950008392334,27.270000457763672,27.31049919128418,3929800
2018-02-07,27.100500106811523,27.289499282836914,27.061500549316406,27.289499282836914,4538300
2018-02-08,26.78350067138672,26.99850082397461,26.760000228881836,26.99850082397461,1671400
2018-02-09,26.941499710083008,27.037500381469727,26.905000686645508,26.950000762939453,1464600
2018-02-12,27.0,27.114500045776367,26.98150062561035,27.0,1283100
2018-02-14,27.131000518798828,27.238000869750977,27.061500549316406,27.200000762939453,1164700
2018-02-15,27.47249984741211,27.499000549316406,27.329999923706055,27.350000381469727,3518000
2018-02-16,27.634000778198242,27.65999984741211,27.420000076293945,27.469999313354492,2631200
2018-02-19,27.568500518798828,27.609500885009766,27.45199966430664,27.599000930786133,1562600
2018-02-20,27.503000259399414,27.559999465942383,27.399999618530273,27.559999465942383,1125200
2018-02-21,27.31450080871582,27.399999618530273,27.27199935913086,27.399999618530273,1074200
2018-02-22,27.292499542236328,27.31999969482422,27.232500076293945,27.318500518798828,1567600
2018-02-23,27.315000534057617,27.398000717163086,27.295499801635742,27.334999084472656,1884500
2018-02-26,27.46150016784668,27.47949981689453,27.31999969482422,27.346500396728516,1287700
2018-02-27,27.433500289916992,27.457500457763672,27.34000015258789,27.449499130249023,1170500
2018-02-28,27.302499771118164,27.5,27.19300079345703,27.5,2333800
2018-03-01,27.184999465942383,27.299999237060547,27.149999618530273,27.277999877929688,982600
2018-03-05,27.399999618530273,27.458999633789062,27.26099967956543,27.299999237060547,1229000
2018-03-06,27.298999786376953,27.36949920654297,27.252500534057617,27.2549991607666,1147500
2018-03-07,27.440500259399414,27.528499603271484,27.37150001525879,27.40999984741211,2680200
2018-03-08,27.34749984741211,27.42099952697754,27.308000564575195,27.42099952697754,1779100
2018-03-09,27.25200080871582,27.290000915527344,27.166500091552734,27.278499603271484,1732100
2018-03-12,27.202499389648438,27.289499282836914,27.181499481201172,27.239999771118164,2910300
2018-03-13,27.1560001373291,27.23900032043457,27.139999389648438,27.207000732421875,1922900
2018-03-14,27.25950050354004,27.386499404907227,27.201000213623047,27.25,2635500
2018-03-15,27.203500747680664,27.347999572753906,27.163999557495117,27.274499893188477,1349100
2018-03-16,27.165000915527344,27.220500946044922,27.083499908447266,27.220500946044922,1610600
2018-03-19,27.035499572753906,27.128999710083008,26.962499618530273,27.128999710083008,1723500
2018-03-20,27.158000946044922,27.219499588012695,27.035499572753906,27.035499572753906,1807500
2018-03-21,27.173999786376953,27.25,27.084999084472656,27.25,1252800
2018-03-22,27.35099983215332,27.417999267578125,27.2810001373291,27.2810001373291,2745500
2018-03-23,27.524999618530273,27.61549949645996,27.456499099731445,27.456499099731445,3248400
2018-03-26,27.54400062561035,27.649999618530273,27.489500045776367,27.558000564575195,5235100
2018-03-27,27.590499877929688,27.63800048828125,27.520999908447266,27.556499481201172,2075900
2018-03-28,27.45800018310547,27.75,27.427000045776367,27.75,1618300
2018-04-02,27.452499389648438,27.4689998626709,27.25550079345703,27.434999465942383,1135800
2018-04-03,27.51449966430664,27.645000457763672,27.506500244140625,27.6200008392334,1343200
2018-04-04,27.722000122070312,27.819499969482422,27.440000534057617,27.47949981689453,1956000
2018-04-05,27.331499099731445,27.700000762939453,27.31999969482422,27.700000762939453,1230900
2018-04-06,27.23150062561035,27.450000762939453,27.190000534057617,27.447999954223633,5052600
2018-04-09,27.375499725341797,27.42799949645996,27.229999542236328,27.23550033569336,1785400
2018-04-10,27.527999877929688,27.559999465942383,27.351999282836914,27.401500701904297,1681300
2018-04-11,27.765499114990234,27.799999237060547,27.562000274658203,27.799999237060547,1250900
2018-04-12,27.858999252319336,28.29949951171875,27.825000762939453,27.855499267578125,1744000
2018-04-13,27.70050048828125,27.825000762939453,27.573999404907227,27.825000762939453,1141600
2018-04-16,27.977500915527344,28.018999099731445,27.700000762939453,27.74799919128418,3046600
2018-04-17,28.016000747680664,28.100000381469727,27.950000762939453,27.950000762939453,1942300
2018-04-18,28.170499801635742,28.200000762939453,28.016000747680664,28.149999618530273,4404800
2018-04-19,28.106000900268555,28.25,28.04199981689453,28.25,1571000
2018-04-20,28.047000885009766,28.187999725341797,28.010499954223633,28.187999725341797,771800
2018-04-23,28.01300048828125,28.046499252319336,27.944000244140625,28.040000915527344,1277800
2018-04-24,27.906999588012695,27.99049949645996,27.845500946044922,27.950000762939453,1222100
2018-04-25,28.029499053955078,28.0674991607666,27.906999588012695,27.906999588012695,1554900
2018-04-26,27.95549964904785,28.06999969482422,27.930500030517578,28.00550079345703,834200
2018-04-27,27.900999069213867,27.91900062561035,27.781999588012695,27.82550048828125,961400
2018-04-30,27.749000549316406,27.913000106811523,27.690000534057617,27.913000106811523,1100200
2018-05-02,27.704500198364258,28.0,27.657499313354492,28.0,934900
2018-05-03,27.667499542236328,27.699499130249023,27.600000381469727,27.697999954223633,932900
2018-05-04,27.749500274658203,27.808500289916992,27.680500030517578,27.74799919128418,1156900
2018-05-07,27.91200065612793,27.999000549316406,27.750499725341797,27.809999465942383,1266000
2018-05-08,27.78849983215332,27.969499588012695,27.756000518798828,27.90999984741211,1096900
2018-05-09,27.844999313354492,27.948999404907227,27.835500717163086,27.92099952697754,1084100
2018-05-10,28.13599967956543,28.25,27.920000076293945,27.920000076293945,1575200
2018-05-11,28.16950035095215,28.799999237060547,28.020999908447266,28.5,1404800
2018-05-14,28.17300033569336,28.196500778198242,28.02050018310547,28.16900062561035,1012100
2018-05-15,28.070499420166016,28.150999069213867,27.981000900268555,28.150999069213867,1205500
2018-05-16,27.66900062561035,27.867000579833984,27.639999389648438,27.841999053955078,3452200
2018-05-17,27.56100082397461,27.670000076293945,27.550500869750977,27.670000076293945,1398200
2018-05-18,27.70400047302246,27.79949951171875,27.649999618530273,27.75,905700
2018-05-21,27.61199951171875,27.847999572753906,27.57349967956543,27.71500015258789,542000
2018-05-22,27.77400016784668,27.809999465942383,27.632999420166016,27.655500411987305,677500
2018-05-23,27.882999420166016,27.969999313354492,27.760000228881836,27.81999969482422,905000
2018-05-24,27.908000946044922,27.9685001373291,27.791500091552734,27.882999420166016,1084200
2018-05-25,27.80900001525879,28.049999237060547,27.761999130249023,27.899999618530273,890200
2018-05-28,27.621000289916992,27.739999771118164,27.56049919128418,27.739999771118164,1012100
2018-05-29,27.909500122070312,28.0,27.6200008392334,27.739999771118164,967700
2018-05-30,27.743499755859375,27.899499893188477,27.680999755859375,27.76099967956543,1816500
2018-05-31,27.781999588012695,27.847000122070312,27.720500946044922,27.799999237060547,784400
2018-06-01,27.64550018310547,27.799999237060547,27.600000381469727,27.799999237060547,652400
2018-06-04,27.52750015258789,27.549999237060547,27.422500610351562,27.548500061035156,755100
2018-06-05,27.428499221801758,27.518999099731445,27.38949966430664,27.518999099731445,2907500
2018-06-06,27.437000274658203,27.548999786376953,27.420000076293945,27.5,860500
2018-06-07,27.541000366210938,27.576000213623047,27.451000213623047,27.459999084472656,718000
2018-06-08,27.719499588012695,27.760000228881836,27.559999465942383,27.559999465942383,1526400
2018-06-11,27.56999969482422,27.75,27.549999237060547,27.729999542236328,1058700
2018-06-12,27.537500381469727,27.610000610351562,27.479999542236328,27.55500030517578,2215600
2018-06-13,27.58300018310547,27.599000930786133,27.5,27.530000686645508,928400
2018-06-14,27.72599983215332,27.770000457763672,27.55299949645996,27.600000381469727,1069100
2018-06-15,27.749500274658203,27.83449935913086,27.655000686645508,27.729999542236328,3209900
2018-06-18,27.45199966430664,27.59950065612793,27.340999603271484,27.548500061035156,1460900
2018-06-19,27.550500869750977,27.579500198364258,27.46150016784668,27.548500061035156,1062700
2018-06-20,27.40250015258789,27.479999542236328,27.362499237060547,27.445999145507812,752900
2018-06-21,27.225000381469727,27.33799934387207,27.208999633789062,27.30299949645996,978600
2018-06-22,27.229999542236328,27.27899932861328,27.16200065612793,27.229999542236328,779700
2018-06-25,27.339000701904297,27.3700008392334,27.219999313354492,27.2810001373291,1556400
2018-06-26,27.155000686645508,27.329999923706055,27.149999618530273,27.329999923706055,630300
2018-06-27,27.31450080871582,27.398500442504883,27.12299919128418,27.150999069213867,1223100
2018-06-28,27.257999420166016,27.36949920654297,27.22100067138672,27.344999313354492,478700
2018-06-29,27.13050079345703,27.225000381469727,27.079999923706055,27.225000381469727,340400
2018-07-02,27.144500732421875,27.172000885009766,27.110000610351562,27.13050079345703,788300
2018-07-03,27.201000213623047,27.97949981689453,27.079999923706055,27.079999923706055,1611800
2018-07-04,27.25200080871582,27.389999389648438,27.219999313354492,27.309999465942383,822700
2018-07-05,27.256000518798828,27.3799991607666,27.18000030517578,27.350000381469727,970900
2018-07-06,27.326499938964844,27.398500442504883,27.24250030517578,27.350000381469727,665000
2018-07-09,27.35650062561035,27.3799991607666,27.270999908447266,27.34000015258789,728800
2018-07-10,27.23699951171875,27.38949966430664,27.201499938964844,27.354999542236328,1026500
2018-07-11,27.211999893188477,27.350000381469727,27.14349937438965,27.350000381469727,819500
2018-07-12,26.957500457763672,27.129499435424805,26.920000076293945,27.100000381469727,751900
2018-07-13,26.863500595092773,26.999500274658203,26.85099983215332,26.999500274658203,897200
2018-07-16,27.00149917602539,27.037500381469727,26.825000762939453,26.825000762939453,764600
2018-07-17,26.865999221801758,26.938499450683594,26.843000411987305,26.938499450683594,680900
2018-07-18,26.56800079345703,26.825000762939453,26.516000747680664,26.700000762939453,661300
2018-07-19,26.602500915527344,26.68950080871582,26.51099967956543,26.600000381469727,1250600
2018-07-20,26.642000198364258,26.719999313354492,26.601499557495117,26.649999618530273,550500
2018-07-23,26.827999114990234,26.947999954223633,26.6564998626709,26.6564998626709,675800
2018-07-24,26.73150062561035,26.899999618530273,26.69300079345703,26.79949951171875,1365500
2018-07-25,26.750999450683594,26.847999572753906,26.65049934387207,26.700000762939453,1173600
2018-07-26,26.666000366210938,26.889999389648438,26.65399932861328,26.889999389648438,734400
2018-07-27,26.54050064086914,26.729000091552734,26.5,26.600000381469727,1129300
2018-07-30,26.603500366210938,26.624000549316406,26.5049991607666,26.54050064086914,679800
2018-07-31,26.503999710083008,26.649999618530273,26.480499267578125,26.604000091552734,709500
2018-08-01,26.520999908447266,26.700000762939453,26.450000762939453,26.700000762939453,1023800
2018-08-02,26.44849967956543,26.49449920654297,26.382999420166016,26.485000610351562,957900
2018-08-03,26.340999603271484,26.454999923706055,26.299999237060547,26.454999923706055,764300
2018-08-06,26.359500885009766,26.449499130249023,26.300500869750977,26.354999542236328,1517100
2018-08-07,26.38450050354004,26.420000076293945,26.340499877929688,26.350000381469727,1164400
2018-08-08,26.344499588012695,26.5,26.305500030517578,26.5,753400
2018-08-09,26.331499099731445,26.398000717163086,26.302000045776367,26.344499588012695,789000
2018-08-10,26.37299919128418,26.450000762939453,26.299999237060547,26.299999237060547,1160100
2018-08-13,26.56399917602539,26.719999313354492,26.45199966430664,26.50149917602539,683300
2018-08-14,26.440000534057617,26.48900032043457,26.350500106811523,26.450000762939453,1120800
2018-08-16,26.288999557495117,26.399999618530273,26.17300033569336,26.30299949645996,1237300
2018-08-17,26.21150016784668,26.258499145507812,26.111000061035156,26.249500274658203,760900
2018-08-20,26.21649932861328,26.29949951171875,26.190000534057617,26.25,2114900
2018-08-21,26.38249969482422,26.399499893188477,26.25200080871582,26.252500534057617,1692600
2018-08-23,26.35099983215332,26.479000091552734,26.326499938964844,26.39150047302246,1793500
2018-08-24,26.420000076293945,26.5,26.309999465942383,26.5,1649100
2018-08-27,26.688499450683594,26.729999542236328,26.500999450683594,26.500999450683594,1216900
2018-08-28,26.940500259399414,26.959999084472656,26.700000762939453,26.712499618530273,2493200
2018-08-29,26.903499603271484,27.200000762939453,26.75149917602539,27.200000762939453,750800
2018-08-30,26.983999252319336,27.04949951171875,26.899499893188477,26.951499938964844,1436600
2018-08-31,27.047500610351562,27.19700050354004,26.979999542236328,26.98150062561035,1270300
2018-09-03,26.88249969482422,27.0,26.6560001373291,27.0,1427800
2018-09-04,26.93400001525879,27.06999969482422,26.812999725341797,26.950000762939453,1326100
2018-09-05,26.988500595092773,27.1200008392334,26.851499557495117,27.09000015258789,1054400
2018-09-06,27.24449920654297,27.268999099731445,26.9950008392334,26.9950008392334,1495500
2018-09-07,27.09149932861328,27.278499603271484,27.06049919128418,27.278499603271484,3086000
2018-09-10,27.183000564575195,27.299999237060547,27.00200080871582,27.09950065612793,2049000
2018-09-11,27.297500610351562,27.350000381469727,27.12649917602539,27.151500701904297,1107800
2018-09-12,27.2810001373291,27.396499633789062,27.250999450683594,27.350000381469727,1508300
2018-09-14,27.18549919128418,27.318500518798828,27.15049934387207,27.280000686645508,1050700
2018-09-17,27.316499710083008,27.40999984741211,27.18000030517578,27.18000030517578,1551000
2018-09-18,27.464000701904297,27.48900032043457,27.33049964904785,27.360000610351562,812700
2018-09-19,27.49850082397461,27.540000915527344,27.351999282836914,27.464000701904297,2047500
2018-09-21,27.398000717163086,27.600000381469727,27.287500381469727,27.600000381469727,2065100
2018-09-24,27.3439998626709,27.399499893188477,27.170000076293945,27.399499893188477,2068300
2018-09-25,27.347999572753906,27.48900032043457,27.31049919128418,27.399999618530273,1766600
2018-09-26,27.296499252319336,27.5,27.256500244140625,27.5,1725800
2018-09-27,27.24850082397461,27.316999435424805,27.18000030517578,27.209999084472656,1336800
2018-09-28,27.027999877929688,27.106000900268555,26.927000045776367,27.100000381469727,1859500
2018-10-01,27.16699981689453,27.247499465942383,26.950000762939453,26.950000762939453,1964800
2018-10-03,27.993499755859375,28.209999084472656,27.45050048828125,27.500499725341797,5693600
2018-10-04,27.787500381469727,28.200000762939453,27.756500244140625,28.149499893188477,1225900
2018-10-05,27.881500244140625,27.929000854492188,27.631999969482422,27.888999938964844,2424400
2018-10-08,27.736000061035156,27.84950065612793,27.703500747680664,27.84000015258789,1091900
2018-10-09,27.661500930786133,27.736000061035156,27.514999389648438,27.736000061035156,1068600
2018-10-10,27.72450065612793,27.799999237060547,27.61199951171875,27.799999237060547,1374900
2018-10-11,27.968000411987305,28.04400062561035,27.76099967956543,27.800500869750977,1776600
2018-10-12,28.142000198364258,28.200000762939453,28.070499420166016,28.151500701904297,1676100
2018-10-15,28.50149917602539,28.543500900268555,28.15049934387207,28.200000762939453,2050600
2018-10-16,28.29450035095215,28.489999771118164,24.10099983215332,28.40049934387207,1143100
2018-10-17,28.351999282836914,28.449499130249023,28.030000686645508,28.399999618530273,3234800
2018-10-19,28.565500259399414,28.799999237060547,28.311500549316406,28.399999618530273,1614900
2018-10-22,28.357999801635742,28.884000778198242,28.26650047302246,28.549999237060547,2150100
2018-10-23,28.491500854492188,28.589000701904297,28.3075008392334,28.360000610351562,2337800
2018-10-24,28.350500106811523,28.75,28.306499481201172,28.75,1051400
2018-10-25,28.368999481201172,28.579999923706055,28.350000381469727,28.451499938964844,917600
2018-10-26,28.50200080871582,28.549999237060547,28.350500106811523,28.411500930786133,881900
2018-10-29,28.350500106811523,28.5,28.250499725341797,28.472999572753906,845900
2018-10-30,28.240999221801758,28.399999618530273,28.200000762939453,28.399999618530273,1190800
2018-10-31,28.370500564575195,28.530000686645508,28.20050048828125,28.489999771118164,850800
2018-11-01,28.431499481201172,28.450000762939453,28.306499481201172,28.398500442504883,452900
2018-11-02,28.204999923706055,28.451499938964844,28.1564998626709,28.451499938964844,1559500
2018-11-05,28.44099998474121,28.48900032043457,28.250499725341797,28.288000106811523,5376500
2018-11-06,28.3174991607666,28.499000549316406,28.231000900268555,28.438499450683594,888300
2018-11-07,28.30299949645996,28.5,28.200000762939453,28.5,1117200
2018-11-09,28.00749969482422,28.274999618530273,27.965499877929688,28.200000762939453,1161700
2018-11-12,27.70400047302246,28.00749969482422,27.671499252319336,28.00749969482422,1426600
2018-11-13,27.690000534057617,27.770000457763672,27.561500549316406,27.649999618530273,1072600
2018-11-14,27.700000762939453,27.73900032043457,27.5314998626709,27.59950065612793,792800
2018-11-15,27.614999771118164,27.849000930786133,27.572500228881836,27.799999237060547,567300
2018-11-16,27.511499404907227,27.679500579833984,27.5,27.625999450683594,559000
2018-11-19,27.533000946044922,27.797500610351562,27.5,27.570999145507812,1106300
2018-11-20,27.5310001373291,27.600000381469727,27.40999984741211,27.459999084472656,348900
2018-11-21,27.513500213623047,27.6299991607666,27.301000595092773,27.6299991607666,282000
2018-11-22,27.50200080871582,27.545000076293945,27.40999984741211,27.510000228881836,287600
2018-11-26,27.292999267578125,27.448999404907227,27.1875,27.350500106811523,593900
2018-11-27,27.24799919128418,27.38949966430664,27.201000213623047,27.30150032043457,1453600
2018-11-28,27.010499954223633,27.350000381469727,27.0,27.350000381469727,2274300
2018-11-29,27.111000061035156,27.148500442504883,27.014999389648438,27.059499740600586,523100
2018-11-30,26.98550033569336,27.110000610351562,26.950000762939453,27.109500885009766,945600
2018-12-03,27.263500213623047,27.309499740600586,26.969999313354492,27.00149917602539,715400
2018-12-04,27.545499801635742,27.628999710083008,27.352500915527344,27.352500915527344,712400
2018-12-05,27.387500762939453,27.700000762939453,27.350500106811523,27.700000762939453,519300
2018-12-06,27.631999969482422,27.770000457763672,27.500499725341797,27.500499725341797,983000
2018-12-07,27.526500701904297,27.749000549316406,27.463499069213867,27.64900016784668,730500
2018-12-10,28.10099983215332,28.145000457763672,27.809999465942383,27.809999465942383,2258100
2018-12-11,28.18199920654297,28.530000686645508,28.15999984741211,28.28499984741211,4081100
2018-12-12,28.045499801635742,28.300500869750977,28.020000457763672,28.299999237060547,2250700
2018-12-13,27.933000564575195,28.17449951171875,27.885000228881836,28.010000228881836,1738700
2018-12-14,27.865999221801758,27.967500686645508,27.808500289916992,27.954500198364258,1442300
2018-12-17,27.82200050354004,27.940000534057617,27.768999099731445,27.899999618530273,627300
2018-12-18,27.716999053955078,28.0,27.681499481201172,27.864999771118164,801500
2018-12-19,27.57349967956543,27.799999237060547,27.469999313354492,27.799999237060547,645500
2018-12-20,27.58449935913086,27.647499084472656,27.500499725341797,27.56999969482422,535400
2018-12-21,27.732500076293945,27.850000381469727,27.613500595092773,27.639999389648438,1225400
2018-12-24,27.87700080871582,27.92799949645996,27.750499725341797,27.750999450683594,3454900
2018-12-26,27.98550033569336,28.992000579833984,27.6560001373291,28.0,2388300
2018-12-27,28.045499801635742,28.100000381469727,27.916000366210938,28.0,700300
2018-12-28,28.149499893188477,28.179000854492188,28.012500762939453,28.024999618530273,1577300
2018-12-31,28.02050018310547,28.25,27.951499938964844,27.951499938964844,1251800
2019-01-01,28.17799949645996,28.29949951171875,27.92099952697754,28.020000457763672,897800
2019-01-02,28.28849983215332,28.30500030517578,28.06599998474121,28.25,1030500
2019-01-03,28.470500946044922,28.499500274658203,28.31049919128418,28.311500549316406,1521200
2019-01-04,28.29800033569336,28.589000701904297,28.260000228881836,28.449499130249023,1355000
2019-01-07,28.22450065612793,28.277000427246094,27.90999984741211,28.105499267578125,1115600
2019-01-08,28.163999557495117,28.303499221801758,28.143999099731445,28.219499588012695,651700
2019-01-09,28.336000442504883,28.38800048828125,28.160999298095703,28.174999237060547,1054800
2019-01-10,28.57900047302246,28.618999481201172,28.475000381469727,28.500999450683594,1526800
2019-01-11,28.534000396728516,28.56450080871582,28.424999237060547,28.56450080871582,1307100
2019-01-14,28.610000610351562,28.621999740600586,28.500499725341797,28.530500411987305,1434800
2019-01-15,28.621000289916992,28.65999984741211,28.5310001373291,28.610000610351562,1635600
2019-01-16,28.713499069213867,28.757999420166016,28.601999282836914,28.700000762939453,1540200
2019-01-17,28.812999725341797,28.86750030517578,28.719999313354492,28.719999313354492,1560600
2019-01-18,28.648000717163086,28.859500885009766,28.635499954223633,28.812999725341797,655500
2019-01-21,28.582500457763672,28.69499969482422,28.200000762939453,28.200000762939453,1385700
2019-01-22,28.726999282836914,28.743999481201172,28.520999908447266,28.59000015258789,1223900
2019-01-23,28.73150062561035,29.0,28.651500701904297,29.0,823900
2019-01-24,28.58650016784668,28.700000762939453,28.562999725341797,28.700000762939453,520200
2019-01-25,28.66950035095215,28.732500076293945,28.5575008392334,28.67799949645996,889000
2019-01-28,28.982500076293945,29.020000457763672,28.802000045776367,28.859500885009766,2306000
2019-01-29,29.16699981689453,29.200000762939453,29.0,29.020999908447266,1661700
2019-01-30,29.236000061035156,29.447999954223633,29.166000366210938,29.264999389648438,1805100
2019-01-31,29.348499298095703,29.389999389648438,29.25149917602539,29.25149917602539,1033200
2019-02-01,29.467500686645508,29.510000228881836,29.20050048828125,29.30150032043457,1760600
2019-02-04,29.465499877929688,29.63949966430664,29.43600082397461,29.565000534057617,1801600
2019-02-05,29.5049991607666,29.598499298095703,29.479999542236328,29.479999542236328,1012600
2019-02-06,29.639999389648438,29.739999771118164,29.43400001525879,29.5,9528800
2019-02-07,29.29400062561035,29.549999237060547,29.256000518798828,29.549999237060547,955500
2019-02-08,29.214000701904297,29.397499084472656,29.166000366210938,29.290000915527344,761900
2019-02-11,29.301000595092773,29.43000030517578,29.15250015258789,29.270000457763672,1069100
2019-02-12,29.20549964904785,29.299999237060547,29.174999237060547,29.299999237060547,718800
2019-02-14,29.20549964904785,29.22800064086914,29.09149932861328,29.125,579100
2019-02-15,29.466999053955078,29.514999389648438,29.2549991607666,29.2549991607666,1196300
2019-02-18,29.69499969482422,29.796499252319336,29.612499237060547,29.631999969482422,1044500
2019-02-19,29.771499633789062,29.798999786376953,29.65250015258789,29.72100067138672,730100
2019-02-20,29.920499801635742,30.014999389648438,29.853500366210938,30.0,2199600
2019-02-21,29.68600082397461,29.847999572753906,29.510499954223633,29.819499969482422,735800
2019-02-22,29.5049991607666,29.618999481201172,29.470500946044922,29.548999786376953,859000
2019-02-25,29.569000244140625,29.68600082397461,29.530000686645508,29.581499099731445,1038800
2019-02-26,29.536500930786133,29.75,29.502500534057617,29.620500564575195,1147700
2019-02-27,29.59600067138672,29.75,29.511499404907227,29.700000762939453,1065900
2019-02-28,29.502500534057617,29.549999237060547,29.361000061035156,29.549999237060547,889800
2019-03-01,29.073999404907227,29.24850082397461,28.32200050354004,28.91200065612793,1245600
2019-03-05,28.475500106811523,29.25,28.40250015258789,29.25,1600900
2019-03-06,28.520999908447266,28.75,28.469999313354492,28.75,1158500
2019-03-07,28.324499130249023,28.448999404907227,28.261999130249023,28.40999984741211,1226400
2019-03-08,28.4685001373291,28.54800033569336,28.319499969482422,28.34149932861328,839900
2019-03-11,28.50200080871582,28.57699966430664,28.450000762939453,28.52050018310547,962800
2019-03-12,28.35849952697754,28.600000381469727,28.29199981689453,28.5,5945300
2019-03-13,28.595500946044922,28.649499893188477,28.459999084472656,28.5,945400
2019-03-14,28.359500885009766,28.579999923706055,28.301000595092773,28.550500869750977,883300
2019-03-15,28.349000930786133,28.437000274658203,28.183000564575195,28.350000381469727,721400
2019-03-18,28.114500045776367,28.239500045776367,28.0625,28.209999084472656,1223200
2019-03-19,28.345500946044922,28.3799991607666,28.15999984741211,28.15999984741211,1043700
2019-03-20,28.132999420166016,28.420000076293945,28.102500915527344,28.351499557495117,1225300
2019-03-22,28.391000747680664,28.416500091552734,28.143999099731445,28.19849967956543,1432600
2019-03-25,28.39349937438965,28.57900047302246,28.299999237060547,28.549999237060547,1963800
2019-03-26,28.34600067138672,28.528499603271484,27.8799991607666,28.401500701904297,1034100
2019-03-27,28.381999969482422,28.5,28.323999404907227,28.5,1024700
2019-03-28,28.25149917602539,28.3799991607666,28.18000030517578,28.338499069213867,1005200
2019-04-01,28.092500686645508,28.219999313354492,28.06999969482422,28.149999618530273,1411700
2019-04-02,27.996000289916992,28.155000686645508,27.920000076293945,28.155000686645508,1246600
2019-04-03,27.882999420166016,28.25,27.854999542236328,28.25,1379100
2019-04-04,28.039499282836914,28.1200008392334,27.909000396728516,27.945999145507812,1346500
2019-04-05,28.03499984741211,28.087499618530273,27.901500701904297,27.960500717163086,745000
2019-04-08,28.297500610351562,28.347000122070312,28.171499252319336,28.202499389648438,826700
2019-04-09,28.2549991607666,28.489999771118164,28.210500717163086,28.331499099731445,1007700
2019-04-10,28.27899932861328,28.399999618530273,28.190000534057617,28.399999618530273,631500
2019-04-11,28.21649932861328,28.34950065612793,28.15049934387207,28.298500061035156,687600
2019-04-12,28.173999786376953,28.198999404907227,28.000499725341797,28.09950065612793,671800
2019-04-15,28.019500732421875,28.145000457763672,27.981000900268555,28.048500061035156,832900
2019-04-16,28.039499282836914,28.149999618530273,27.985000610351562,28.149999618530273,903900
2019-04-18,27.930500030517578,28.25,27.798500061035156,28.25,1175900
2019-04-22,28.000499725341797,28.149999618530273,27.94499969482422,27.94499969482422,554900
2019-04-23,27.96649932861328,28.0,27.88050079345703,28.0,642400
2019-04-24,27.957000732421875,28.100000381469727,27.89299964904785,28.100000381469727,617300
2019-04-25,28.194499969482422,28.235000610351562,28.000499725341797,28.17449951171875,956100
2019-04-26,28.1564998626709,28.279499053955078,28.110000610351562,28.161500930786133,1285700
2019-04-30,28.15250015258789,28.197999954223633,28.076000213623047,28.101499557495117,800700
2019-05-02,27.811500549316406,28.100000381469727,27.760000228881836,28.100000381469727,1155900
2019-05-03,27.7810001373291,27.866500854492188,27.740999221801758,27.844999313354492,662600
2019-05-06,28.00749969482422,28.100000381469727,27.961000442504883,28.100000381469727,1467900
2019-05-07,28.022499084472656,28.200000762939453,27.947500228881836,28.112499237060547,5259700
2019-05-08,28.062999725341797,28.249000549316406,28.0,28.249000549316406,1212800
2019-05-09,28.114999771118164,28.18000030517578,28.000999450683594,28.000999450683594,1645200
2019-05-10,28.109500885009766,28.229000091552734,28.08049964904785,28.149999618530273,683500
2019-05-13,28.261499404907227,28.309499740600586,28.1200008392334,28.121000289916992,1083400
2019-05-14,28.554000854492188,28.65999984741211,28.469999313354492,28.551000595092773,2511900
2019-05-15,28.570999145507812,28.66900062561035,28.42099952697754,28.53499984741211,1382800
2019-05-16,28.36750030517578,28.57900047302246,28.326000213623047,28.5,1859400
2019-05-17,28.26449966430664,28.348499298095703,28.224000930786133,28.301000595092773,1013600
2019-05-20,27.895000457763672,28.099000930786133,27.854999542236328,27.854999542236328,781200
2019-05-21,27.92449951171875,27.98699951171875,27.8700008392334,27.90999984741211,955000
2019-05-22,27.895000457763672,27.96500015258789,27.844999313354492,27.96500015258789,595900
2019-05-23,28.014999389648438,28.149999618530273,27.75,27.81100082397461,1817400
2019-05-24,27.99250030517578,28.14900016784668,27.95599937438965,28.101499557495117,591600
2019-05-27,28.09600067138672,28.239999771118164,27.979999542236328,28.0,938500
2019-05-28,28.10099983215332,28.149999618530273,28.06049919128418,28.098499298095703,499600
2019-05-29,28.20199966430664,28.34000015258789,28.059999465942383,28.25,1092100
2019-05-30,28.040000915527344,28.138999938964844,28.0,28.055500030517578,820600
2019-05-31,28.381999969482422,28.40999984741211,28.179500579833984,28.179500579833984,1626200
2019-06-03,28.534500122070312,28.697500228881836,28.50200080871582,28.50200080871582,1390900
2019-06-04,28.644500732421875,28.81399917602539,28.582000732421875,28.698999404907227,2160600
2019-06-06,28.951499938964844,29.079999923706055,28.770999908447266,28.800500869750977,3702300
2019-06-07,28.9064998626709,28.988000869750977,28.805999755859375,28.94849967956543,1034000
2019-06-10,28.795499801635742,28.989999771118164,28.770000457763672,28.829500198364258,1758800
2019-06-11,28.600500106811523,28.82900047302246,28.56049919128418,28.756500244140625,1020100
2019-06-12,28.783000946044922,28.91550064086914,28.700000762939453,28.750499725341797,2072600
2019-06-13,28.826000213623047,28.8799991607666,28.70050048828125,28.70800018310547,929000
2019-06-14,29.242000579833984,29.350000381469727,28.902000427246094,28.95199966430664,2383800
2019-06-17,28.9375,29.18899917602539,28.900999069213867,29.18899917602539,1254100
2019-06-18,29.047500610351562,29.170000076293945,28.973499298095703,28.991500854492188,1981700
2019-06-19,29.017000198364258,29.107999801635742,28.915000915527344,29.04450035095215,1367400
2019-06-20,29.759000778198242,29.795000076293945,29.352500915527344,29.503000259399414,2396100
2019-06-21,29.764999389648438,30.485000610351562,29.700000762939453,30.020999908447266,2338600
2019-06-24,30.006999969482422,30.200000762939453,29.950000762939453,30.148000717163086,2149500
2019-06-25,30.41699981689453,30.600000381469727,30.271499633789062,30.32200050354004,3138900
2019-06-26,29.84749984741211,30.325000762939453,29.801000595092773,30.325000762939453,2104300
2019-06-27,29.78350067138672,30.04800033569336,29.699499130249023,29.699499130249023,2320500
2019-06-28,29.97949981689453,30.127500534057617,29.812000274658203,29.95199966430664,2010200
2019-07-01,29.586000442504883,29.735000610351562,29.499500274658203,29.69849967956543,2187100
2019-07-02,29.628000259399414,29.684499740600586,29.465999603271484,29.644500732421875,1424200
2019-07-03,30.15049934387207,30.24449920654297,30.000499725341797,30.000499725341797,1951500
2019-07-04,29.94499969482422,30.13800048828125,29.902000427246094,30.13800048828125,836000
2019-07-05,30.246000289916992,30.479999542236328,29.982500076293945,30.04450035095215,4518700
2019-07-08,30.293500900268555,30.3700008392334,30.020000457763672,30.020000457763672,2021200
2019-07-09,30.02199935913086,30.299999237060547,30.0,30.24799919128418,1245100
2019-07-10,30.16200065612793,30.20050048828125,30.059999465942383,30.20050048828125,580400
2019-07-11,30.587499618530273,30.659000396728516,30.415000915527344,30.415000915527344,2053400
2019-07-12,30.327999114990234,30.479000091552734,30.300500869750977,30.416500091552734,1482900
2019-07-15,30.514999389648438,30.579500198364258,30.35099983215332,30.398000717163086,1263700
2019-07-16,30.546499252319336,30.594499588012695,30.443500518798828,30.582000732421875,878500
2019-07-17,30.486499786376953,30.54599952697754,30.411500930786133,30.500999450683594,974200
2019-07-18,30.962499618530273,31.0310001373291,30.701499938964844,30.70199966430664,4956500
2019-07-19,31.183500289916992,31.638999938964844,31.065000534057617,31.30500030517578,2992300
2019-07-22,30.864500045776367,31.149999618530273,30.849000930786133,31.052000045776367,2283500
2019-07-23,30.78350067138672,31.200000762939453,30.72599983215332,30.8700008392334,1702000
2019-07-24,30.826000213623047,31.0,30.795000076293945,30.90399932861328,1319700
2019-07-25,30.835500717163086,30.9064998626709,30.767000198364258,30.848499298095703,763100
2019-07-26,30.684499740600586,30.79450035095215,30.653499603271484,30.79450035095215,742700
2019-07-29,30.66900062561035,30.74799919128418,30.610000610351562,30.74799919128418,610600
2019-07-30,30.789499282836914,30.83799934387207,30.641000747680664,30.697999954223633,959500
2019-07-31,30.6564998626709,30.743499755859375,30.600000381469727,30.735000610351562,1122400
2019-08-01,30.45549964904785,30.6200008392334,30.399999618530273,30.597999572753906,1937100
2019-08-02,31.270000457763672,31.320499420166016,30.85099983215332,30.902000427246094,3676200
2019-08-05,31.97100067138672,32.39899826049805,31.809999465942383,31.999500274658203,6467700
2019-08-06,32.17100143432617,32.39849853515625,31.589500427246094,31.589500427246094,3719800
2019-08-07,32.6510009765625,32.813499450683594,32.5004997253418,32.5004997253418,3415800
2019-08-08,32.60449981689453,32.99850082397461,32.50600051879883,32.75149917602539,6442400
2019-08-09,32.72549819946289,32.89849853515625,32.60049819946289,32.89849853515625,3821000
2019-08-13,33.30550003051758,33.3489990234375,32.9005012512207,32.9005012512207,3582000
2019-08-14,32.777000427246094,33.5,32.51100158691406,33.5,3841900
2019-08-16,32.90299987792969,33.20050048828125,32.83300018310547,32.95199966430664,2853900
2019-08-19,32.94300079345703,33.0,32.82500076293945,32.99800109863281,1723600
2019-08-20,33.18550109863281,33.21950149536133,32.810001373291016,33.09000015258789,2155600
2019-08-21,32.949501037597656,33.29999923706055,32.91999816894531,33.29999923706055,3907700
2019-08-22,33.199501037597656,33.2495002746582,33.0,33.087501525878906,1977500
2019-08-23,33.09149932861328,33.29949951171875,33.051998138427734,33.1515007019043,2298000
2019-08-26,33.96049880981445,34.20899963378906,33.099998474121094,33.6510009765625,4581200
2019-08-27,33.94900131225586,34.138999938964844,33.701499938964844,33.948001861572266,3498800
2019-08-28,34.21149826049805,34.247501373291016,33.923500061035156,34.150001525878906,2756600
2019-08-29,34.22249984741211,34.46900177001953,34.18000030517578,34.30149841308594,3659100
2019-08-30,33.79949951171875,34.7400016784668,33.75,34.7400016784668,2849300
2019-09-03,34.45199966430664,34.4900016784668,33.8849983215332,34.428001403808594,2834400
2019-09-04,34.576499938964844,35.0,34.5099983215332,35.0,5414100
2019-09-05,34.513999938964844,34.78799819946289,34.499000549316406,34.6515007019043,2864700
2019-09-06,33.52450180053711,34.0989990234375,33.5,34.0989990234375,4107100
2019-09-09,33.6870002746582,33.900001525878906,33.25,33.25,3163600
2019-09-11,33.33150100708008,33.849998474121094,33.26599884033203,33.849998474121094,2685500
2019-09-12,33.14799880981445,33.255001068115234,32.9630012512207,33.2495002746582,1834800
2019-09-13,33.12350082397461,33.16999816894531,32.86000061035156,33.0984992980957,1565200
2019-09-16,33.25,33.64400100708008,33.154998779296875,33.196998596191406,2676400
2019-09-17,33.36399841308594,33.470001220703125,33.25,33.43000030517578,1122400
2019-09-18,33.11949920654297,33.347999572753906,33.07749938964844,33.20199966430664,1505400
2019-09-19,32.79800033569336,32.99800109863281,32.709999084472656,32.997501373291016,4806900
2019-09-20,32.81800079345703,32.88850021362305,32.599998474121094,32.75149917602539,3606900
2019-09-23,33.08250045776367,33.13999938964844,32.846500396728516,33.0,7162400
2019-09-24,33.08649826049805,33.14699935913086,33.02399826049805,33.03099822998047,2336800
2019-09-25,33.345001220703125,33.41999816894531,32.9995002746582,33.25,2845300
2019-09-26,32.98649978637695,33.189998626708984,32.834999084472656,33.189998626708984,2035600
2019-09-27,33.02149963378906,33.189998626708984,32.97999954223633,33.0255012512207,1942800
2019-09-30,32.97249984741211,33.04949951171875,32.81549835205078,33.019500732421875,1982500
2019-10-01,32.640499114990234,32.95000076293945,32.2504997253418,32.95000076293945,1493100
2019-10-03,33.354000091552734,33.480499267578125,33.06050109863281,33.06050109863281,4240900
2019-10-04,33.640499114990234,33.68000030517578,33.30099868774414,33.39799880981445,1547100
2019-10-07,33.60350036621094,33.775001525878906,33.50600051879883,33.6349983215332,1703200
2019-10-09,33.72249984741211,33.93899917602539,33.566001892089844,33.849998474121094,2143900
2019-10-10,33.827999114990234,33.94300079345703,33.779998779296875,33.88999938964844,989900
2019-10-11,33.6614990234375,33.766998291015625,33.415000915527344,33.56100082397461,1954000
2019-10-14,33.746498107910156,33.81999969482422,33.32149887084961,33.49800109863281,2669500
2019-10-15,33.92499923706055,33.96900177001953,33.71099853515625,33.89849853515625,939300
2019-10-16,33.734500885009766,34.150001525878906,33.670501708984375,34.150001525878906,899400
2019-10-17,33.787498474121094,33.95000076293945,33.70100021362305,33.95000076293945,959400
2019-10-18,33.76300048828125,33.939998626708984,33.75,33.939998626708984,821600
2019-10-22,33.665000915527344,33.882999420166016,33.57149887084961,33.882999420166016,1294700
2019-10-23,33.792999267578125,33.887001037597656,33.70500183105469,33.75,6504000
2019-10-24,33.701499938964844,33.89799880981445,33.6614990234375,33.8484992980957,1964800
2019-10-25,34.28150177001953,34.310001373291016,33.7495002746582,33.86199951171875,7035400
2019-10-27,34.13399887084961,34.79999923706055,34.0,34.349998474121094,1558100
2019-10-29,33.71049880981445,34.13999938964844,33.59049987792969,34.13999938964844,4651800
2019-10-30,33.65999984741211,33.79999923706055,33.560001373291016,33.79999923706055,1434300
2019-10-31,34.06549835205078,34.150001525878906,32.5,33.70199966430664,1470500
2019-11-01,34.18000030517578,34.290000915527344,34.0,34.0,1489900
2019-11-04,34.1870002746582,34.27000045776367,34.0260009765625,34.16999816894531,1405300
2019-11-05,34.09149932861328,34.21950149536133,34.08100128173828,34.16999816894531,1541400
2019-11-06,33.86199951171875,34.04349899291992,33.73249816894531,34.04349899291992,1497700
2019-11-07,33.7869987487793,35.54999923706055,33.75149917602539,33.95000076293945,1123500
2019-11-08,33.50450134277344,33.7140007019043,33.47549819946289,33.50550079345703,2103100
2019-11-11,33.553001403808594,33.64899826049805,32.84349822998047,32.84400177001953,1100600
2019-11-13,33.82550048828125,33.95000076293945,33.50550079345703,33.95000076293945,1411700
2019-11-14,33.84149932861328,33.900001525878906,33.715999603271484,33.89799880981445,1036600
2019-11-15,33.53850173950195,33.8390007019043,33.5,33.60049819946289,1231600
2019-11-18,33.43000030517578,33.59749984741211,33.400001525878906,33.52949905395508,1190400
2019-11-19,33.708499908447266,33.949501037597656,33.609500885009766,33.61000061035156,1139600
2019-11-20,33.85300064086914,33.89849853515625,33.70000076293945,33.89500045776367,1424800
2019-11-21,33.702999114990234,33.95000076293945,33.67150115966797,33.95000076293945,1666600
2019-11-22,33.707000732421875,33.74800109863281,33.5260009765625,33.599998474121094,703500
2019-11-25,33.38850021362305,33.602500915527344,33.349998474121094,33.60049819946289,1275900
2019-11-26,33.32149887084961,33.359500885009766,33.255001068115234,33.34700012207031,950000
2019-11-27,33.2869987487793,33.49449920654297,33.19150161743164,33.49449920654297,826000
2019-11-28,33.33649826049805,33.369998931884766,33.21549987792969,33.29750061035156,835300
2019-11-29,33.41350173950195,33.489498138427734,33.35200119018555,33.369998931884766,963200
2019-12-02,33.40850067138672,33.519500732421875,33.38100051879883,33.519500732421875,819600
2019-12-03,33.484500885009766,33.54249954223633,33.454498291015625,33.49599838256836,564200
2019-12-04,33.756500244140625,34.14899826049805,33.47999954223633,33.75,2137100
2019-12-05,33.66550064086914,33.875,33.62300109863281,33.71149826049805,1031800
2019-12-06,33.62200164794922,33.69900131225586,33.57149887084961,33.65999984741211,644200
2019-12-09,33.23550033569336,33.535499572753906,33.201499938964844,33.535499572753906,1110700
2019-12-10,33.20650100708008,33.23899841308594,33.1510009765625,33.229000091552734,784200
2019-12-11,33.27199935913086,33.402000427246094,33.16999816894531,33.402000427246094,664500
2019-12-12,33.287498474121094,33.41350173950195,33.25,33.313499450683594,616000
2019-12-13,33.22050094604492,33.29949951171875,33.119998931884766,33.1875,551200
2019-12-16,33.44300079345703,33.489498138427734,33.27199935913086,33.479000091552734,792800
2019-12-17,33.50299835205078,33.54800033569336,33.330501556396484,33.44300079345703,698200
2019-12-18,33.59600067138672,33.70100021362305,33.51100158691406,33.70100021362305,438600
2019-12-19,0.33550000190734863,0.3630000054836273,0.3009999990463257,0.3019999861717224,166442200
2019-12-20,0.33649998903274536,0.33899998664855957,0.33550000190734863,0.33799999952316284,48357200
2019-12-23,33.650001525878906,33.70000076293945,33.54999923706055,33.70000076293945,909544
2019-12-24,33.75,33.849998474121094,33.650001525878906,33.75,730093
2019-12-26,34.0,34.349998474121094,33.79999923706055,34.04999923706055,2032537
2019-12-27,34.150001525878906,34.349998474121094,34.04999923706055,34.099998474121094,1074987
2019-12-30,34.29999923706055,34.400001525878906,34.099998474121094,34.349998474121094,893791
2019-12-31,34.45000076293945,34.5,34.29999923706055,34.400001525878906,909421
2020-01-01,34.349998474121094,34.79999923706055,34.25,34.79999923706055,847673
2020-01-02,34.349998474121094,34.5,34.349998474121094,34.45000076293945,710354
2020-01-03,35.400001525878906,35.79999923706055,34.54999923706055,34.54999923706055,2322978
2020-01-06,36.150001525878906,36.75,35.400001525878906,35.400001525878906,8276750
2020-01-07,35.5,35.900001525878906,35.349998474121094,35.900001525878906,2634222
2020-01-08,36.099998474121094,36.900001525878906,35.95000076293945,36.150001525878906,5032103
2020-01-09,35.04999923706055,35.95000076293945,34.849998474121094,35.95000076293945,2183753
2020-01-10,34.95000076293945,35.25,34.75,35.099998474121094,1219529
2020-01-13,34.75,35.25,34.75,35.20000076293945,3557668
2020-01-14,34.75,34.849998474121094,34.0,34.150001525878906,1336531
2020-01-15,35.04999923706055,35.099998474121094,34.900001525878906,35.0,1080717
2020-01-16,35.0,35.79999923706055,34.900001525878906,35.79999923706055,1260631
2020-01-17,34.95000076293945,35.650001525878906,34.900001525878906,35.0,820973
2020-01-20,35.22999954223633,35.290000915527344,35.0,35.0,925057
2020-01-21,35.130001068115234,35.54999923706055,35.060001373291016,35.5,1407302
2020-01-22,35.290000915527344,35.310001373291016,34.95000076293945,35.29999923706055,1583074
2020-01-23,35.209999084472656,35.43000030517578,35.060001373291016,35.34000015258789,968621
2020-01-24,35.400001525878906,35.5,35.29999923706055,35.29999923706055,1927549
2020-01-27,35.849998474121094,35.88999938964844,35.599998474121094,35.70000076293945,1306403
2020-01-28,35.720001220703125,35.93000030517578,35.65999984741211,35.83000183105469,744755
2020-01-29,35.61000061035156,36.0,35.0,36.0,598669
2020-01-30,35.93000030517578,36.040000915527344,35.77000045776367,35.849998474121094,1246645
2020-01-31,35.869998931884766,36.0,35.79999923706055,36.0,1330339
2020-02-03,35.90999984741211,36.79999923706055,35.880001068115234,36.79999923706055,2151872
2020-02-04,35.58000183105469,35.84000015258789,35.52000045776367,35.79999923706055,1300422
2020-02-05,35.310001373291016,36.0,35.18000030517578,36.0,1744465
2020-02-06,35.58000183105469,35.68000030517578,35.33000183105469,35.5,673255
2020-02-07,35.70000076293945,35.91999816894531,35.56999969482422,35.91999816894531,855832
2020-02-10,35.95000076293945,37.400001525878906,35.75,35.84000015258789,997613
2020-02-11,35.81999969482422,35.869998931884766,35.70000076293945,35.790000915527344,538313
2020-02-12,35.7599983215332,35.849998474121094,35.720001220703125,35.84000015258789,754076
2020-02-13,35.95000076293945,36.02000045776367,35.81999969482422,35.95000076293945,777100
2020-02-14,35.849998474121094,35.970001220703125,35.25,35.25,607034
2020-02-17,35.93000030517578,37.29999923706055,35.869998931884766,36.25,1117666
2020-02-18,36.13999938964844,36.18000030517578,36.04999923706055,36.13999938964844,864267
2020-02-19,36.709999084472656,36.900001525878906,36.20000076293945,36.900001525878906,1416101
2020-02-20,36.81999969482422,37.0,36.650001525878906,36.75,1950317
2020-02-24,38.58000183105469,39.0,37.79999923706055,37.810001373291016,11623173
2020-02-25,37.439998626708984,38.599998474121094,37.220001220703125,38.599998474121094,3518558
2020-02-26,37.52000045776367,37.650001525878906,37.20000076293945,37.4900016784668,2451716
2020-02-27,37.380001068115234,37.9900016784668,37.209999084472656,37.400001525878906,1974132
2020-02-28,37.369998931884766,37.88999938964844,37.119998931884766,37.810001373291016,4492262
2020-03-02,37.029998779296875,37.11000061035156,36.310001373291016,36.939998626708984,5738746
2020-03-03,37.119998931884766,37.45000076293945,36.849998474121094,37.45000076293945,1974229
2020-03-04,38.099998474121094,38.599998474121094,37.90999984741211,38.0,5213172
2020-03-05,38.040000915527344,38.290000915527344,37.93000030517578,38.099998474121094,2939616
2020-03-06,39.04999923706055,39.2400016784668,38.41999816894531,38.75,5247298
2020-03-09,38.459999084472656,43.70000076293945,38.369998931884766,41.79999923706055,7071815
2020-03-11,38.18000030517578,38.79999923706055,38.0099983215332,38.0099983215332,3035045
2020-03-12,37.959999084472656,38.09000015258789,37.560001373291016,38.09000015258789,6534641
2020-03-13,36.619998931884766,37.29999923706055,34.5,37.29999923706055,5230638
2020-03-16,35.66999816894531,37.349998474121094,35.54999923706055,37.349998474121094,5151567
2020-03-17,34.83000183105469,35.189998626708984,34.63999938964844,35.189998626708984,5183689
2020-03-18,35.439998626708984,36.380001068115234,35.130001068115234,36.04999923706055,5425946
2020-03-19,35.209999084472656,35.70000076293945,34.459999084472656,35.400001525878906,9473342
2020-03-20,36.11000061035156,36.349998474121094,35.11000061035156,35.209999084472656,4056061
2020-03-23,35.02000045776367,40.900001525878906,34.79999923706055,36.209999084472656,6150889
2020-03-24,36.38999938964844,37.20000076293945,35.95000076293945,36.02000045776367,2820437
2020-03-25,36.9900016784668,37.63999938964844,36.11000061035156,36.939998626708984,2961433
2020-03-26,36.720001220703125,37.38999938964844,36.31999969482422,36.900001525878906,1561408
2020-03-27,38.16999816894531,38.29999923706055,36.11000061035156,36.310001373291016,2869165
2020-03-30,39.7400016784668,40.0,38.0,38.400001525878906,5715512
2020-03-31,38.209999084472656,40.5,38.0,39.7400016784668,6297696
2020-04-01,38.2400016784668,38.4900016784668,37.31999969482422,38.209999084472656,4212139
2020-04-03,38.790000915527344,39.400001525878906,38.349998474121094,38.349998474121094,3007540
2020-04-07,39.66999816894531,40.13999938964844,39.5099983215332,39.61000061035156,5852867
2020-04-08,39.790000915527344,39.900001525878906,39.209999084472656,39.66999816894531,2555063
2020-04-09,40.790000915527344,41.150001525878906,39.65999984741211,39.88999938964844,4632820
2020-04-13,42.4900016784668,43.09000015258789,40.90999984741211,41.2400016784668,14075705
2020-04-15,42.66999816894531,44.45000076293945,41.79999923706055,44.0,14911018
2020-04-16,43.2599983215332,43.43000030517578,42.099998474121094,42.81999969482422,6369582
2020-04-17,42.470001220703125,43.2400016784668,42.209999084472656,43.119998931884766,7653079
2020-04-20,41.54999923706055,45.04999923706055,41.25,45.04999923706055,8873604
2020-04-21,42.04999923706055,42.689998626708984,41.61000061035156,41.810001373291016,10579322
2020-04-22,42.61000061035156,42.9900016784668,41.63999938964844,41.79999923706055,12788706
2020-04-23,42.61000061035156,43.099998474121094,42.310001373291016,42.790000915527344,8551819
2020-04-24,42.689998626708984,42.790000915527344,42.11000061035156,42.70000076293945,10678444
2020-04-27,42.560001373291016,43.09000015258789,42.25,43.09000015258789,9709362
2020-04-28,42.68000030517578,42.75,42.02000045776367,42.45000076293945,8072517
2020-04-29,42.369998931884766,42.779998779296875,42.20000076293945,42.650001525878906,9462485
2020-04-30,42.56999969482422,42.7599983215332,42.15999984741211,42.5,8171964
2020-05-04,42.72999954223633,43.939998626708984,42.209999084472656,42.56999969482422,11703023
2020-05-05,41.540000915527344,42.70000076293945,41.38999938964844,42.70000076293945,18040087
2020-05-06,41.36000061035156,42.15999984741211,41.25,41.75,8367423
2020-05-07,41.060001373291016,41.93000030517578,40.939998626708984,41.88999938964844,5742999
2020-05-08,41.5099983215332,41.880001068115234,41.15999984741211,41.84000015258789,7390061
2020-05-11,41.16999816894531,41.9900016784668,39.599998474121094,41.58000183105469,3811118
2020-05-12,41.2400016784668,41.45000076293945,41.150001525878906,41.439998626708984,5082199
2020-05-13,40.970001220703125,41.27000045776367,40.810001373291016,41.189998626708984,5547979
2020-05-14,41.4900016784668,41.77000045776367,41.15999984741211,41.15999984741211,4380966
2020-05-15,41.79999923706055,42.189998626708984,41.709999084472656,41.81999969482422,8820023
2020-05-18,42.540000915527344,42.95000076293945,42.209999084472656,42.900001525878906,9740587
2020-05-19,41.369998931884766,42.45000076293945,41.25,42.150001525878906,12342885
2020-05-20,41.880001068115234,42.119998931884766,41.61000061035156,42.0,5203224
2020-05-21,41.43000030517578,41.88999938964844,41.310001373291016,41.810001373291016,4088417
2020-05-22,41.650001525878906,41.86000061035156,41.15999984741211,41.47999954223633,5020238
2020-05-26,41.20000076293945,41.970001220703125,41.150001525878906,41.790000915527344,4392509
2020-05-27,40.650001525878906,42.0,40.54999923706055,42.0,4750842
2020-05-28,41.189998626708984,41.5,40.5,41.5,3871821
2020-05-29,40.9900016784668,41.20000076293945,40.779998779296875,41.20000076293945,3922287
2020-06-01,41.209999084472656,41.4900016784668,40.810001373291016,41.369998931884766,3418850
2020-06-02,41.18000030517578,41.54999923706055,41.0099983215332,41.15999984741211,2170976
2020-06-03,40.880001068115234,41.13999938964844,40.650001525878906,40.9900016784668,4911477
2020-06-04,40.810001373291016,40.84000015258789,40.5099983215332,40.720001220703125,3356069
2020-06-05,41.189998626708984,41.22999954223633,40.709999084472656,41.189998626708984,6175913
2020-06-08,40.650001525878906,40.88999938964844,40.5,40.88999938964844,4777835
2020-06-09,41.0,41.08000183105469,40.5099983215332,40.9900016784668,3136127
2020-06-10,41.209999084472656,41.5,41.060001373291016,41.5,2834185
2020-06-11,41.72999954223633,41.84000015258789,41.2400016784668,41.2400016784668,3837691
2020-06-12,41.79999923706055,41.9900016784668,41.5099983215332,41.9900016784668,4973091
2020-06-15,41.40999984741211,41.9900016784668,41.36000061035156,41.52000045776367,4984858
2020-06-16,41.849998474121094,42.0,41.470001220703125,41.81999969482422,4033697
2020-06-17,41.650001525878906,42.0,41.5099983215332,41.5099983215332,2610533
2020-06-18,41.84000015258789,41.9900016784668,41.560001373291016,41.650001525878906,1965875
2020-06-19,41.7400016784668,42.45000076293945,41.70000076293945,41.9900016784668,2827909
2020-06-22,42.290000915527344,42.779998779296875,42.04999923706055,42.779998779296875,2700068
2020-06-23,42.220001220703125,43.06999969482422,42.0099983215332,43.06999969482422,3277348
2020-06-24,42.70000076293945,42.779998779296875,42.220001220703125,42.220001220703125,3645433
2020-06-25,42.310001373291016,42.689998626708984,42.11000061035156,42.63999938964844,4227768
2020-06-26,42.33000183105469,42.68000030517578,42.18000030517578,42.4900016784668,3155433
2020-06-29,42.4900016784668,42.84000015258789,42.33000183105469,42.33000183105469,4710173
2020-06-30,42.61000061035156,42.88999938964844,42.41999816894531,42.4900016784668,4643078
2020-07-01,43.0,43.439998626708984,42.810001373291016,43.25,5122878
2020-07-02,42.2400016784668,42.75,42.08000183105469,42.75,9372143
2020-07-03,42.20000076293945,42.4900016784668,42.150001525878906,42.290000915527344,5033262
2020-07-06,42.27000045776367,42.400001525878906,42.0,42.22999954223633,4200837
2020-07-07,42.41999816894531,42.70000076293945,42.369998931884766,42.439998626708984,4575743
2020-07-08,43.0099983215332,43.08000183105469,42.70000076293945,42.70000076293945,3921852
2020-07-09,43.33000183105469,43.470001220703125,43.0099983215332,43.0099983215332,8012371
2020-07-10,43.20000076293945,43.349998474121094,42.93000030517578,43.349998474121094,5042313
2020-07-13,43.2599983215332,43.45000076293945,43.04999923706055,43.13999938964844,6116073
2020-07-14,43.119998931884766,43.369998931884766,42.97999954223633,43.29999923706055,4056093
2020-07-15,43.220001220703125,43.400001525878906,43.189998626708984,43.189998626708984,4185282
2020-07-16,43.119998931884766,43.380001068115234,43.08000183105469,43.220001220703125,2666756
2020-07-17,42.880001068115234,43.099998474121094,42.849998474121094,43.099998474121094,2576273
2020-07-20,43.06999969482422,43.2400016784668,42.86000061035156,43.11000061035156,3563045
2020-07-21,43.2599983215332,43.45000076293945,43.099998474121094,43.13999938964844,4043974
2020-07-22,43.880001068115234,44.060001373291016,43.7400016784668,43.810001373291016,6064181
2020-07-23,44.5,44.56999969482422,43.900001525878906,44.099998474121094,7020665
2020-07-24,44.91999816894531,44.97999954223633,44.61000061035156,44.65999984741211,5814893
2020-07-27,46.45000076293945,46.7400016784668,45.25,45.25,12586380
2020-07-28,46.0099983215332,47.0099983215332,45.650001525878906,47.0099983215332,13068766
2020-07-29,46.52000045776367,46.91999816894531,46.0,46.0,10039533
2020-07-30,46.54999923706055,46.970001220703125,46.40999984741211,46.7400016784668,9145840
2020-07-31,47.13999938964844,47.25,46.7599983215332,47.0,10546068
2020-08-03,47.290000915527344,47.400001525878906,47.13999938964844,47.13999938964844,9004685
2020-08-04,47.2599983215332,47.5,47.20000076293945,47.349998474121094,7100222
2020-08-05,48.5099983215332,49.0,47.86000061035156,49.0,13044772
2020-08-06,48.900001525878906,48.95000076293945,48.459999084472656,48.459999084472656,13141425
2020-08-07,49.16999816894531,49.599998474121094,48.959999084472656,49.209999084472656,13869052
2020-08-10,48.400001525878906,48.70000076293945,48.29999923706055,48.70000076293945,8048968
2020-08-11,47.29999923706055,48.29999923706055,47.20000076293945,48.2400016784668,10757180
2020-08-12,45.68000030517578,47.04999923706055,43.15999984741211,47.04999923706055,24729976
2020-08-13,45.9900016784668,46.290000915527344,45.68000030517578,46.09000015258789,5994190
2020-08-14,46.31999969482422,46.54999923706055,46.029998779296875,46.38999938964844,9799980
2020-08-17,46.150001525878906,46.45000076293945,45.959999084472656,46.31999969482422,5561159
2020-08-18,47.310001373291016,47.38999938964844,46.689998626708984,46.689998626708984,5533905
2020-08-19,46.880001068115234,48.0,46.54999923706055,48.0,8588663
2020-08-20,45.68000030517578,46.220001220703125,45.59000015258789,46.189998626708984,9339545
2020-08-21,45.720001220703125,46.439998626708984,45.560001373291016,46.04999923706055,4681163
2020-08-24,45.5,46.45000076293945,45.40999984741211,46.45000076293945,6267983
2020-08-25,44.93000030517578,46.20000076293945,44.900001525878906,46.20000076293945,5565496
2020-08-26,44.79999923706055,45.25,44.65999984741211,45.25,4307525
2020-08-27,45.04999923706055,51.5,44.939998626708984,51.5,4856293
2020-08-28,45.099998474121094,45.45000076293945,44.599998474121094,45.45000076293945,5272331
2020-08-31,45.34000015258789,45.95000076293945,45.11000061035156,45.95000076293945,6393016
2020-09-01,45.459999084472656,45.97999954223633,45.31999969482422,45.70000076293945,3643259
2020-09-02,45.0,45.45000076293945,44.77000045776367,45.209999084472656,8118495
2020-09-03,44.439998626708984,48.13999938964844,44.279998779296875,44.95000076293945,6577335
2020-09-04,44.720001220703125,45.45000076293945,38.70000076293945,38.70000076293945,5851028
2020-09-07,44.75,45.25,44.52000045776367,45.25,3982936
2020-09-08,44.81999969482422,45.0,44.599998474121094,44.95000076293945,3822328
2020-09-09,44.939998626708984,45.45000076293945,44.880001068115234,45.45000076293945,5055324
2020-09-10,45.220001220703125,45.650001525878906,45.060001373291016,45.650001525878906,4369712
2020-09-11,45.16999816894531,45.45000076293945,44.83000183105469,45.45000076293945,3962996
2020-09-14,45.029998779296875,45.45000076293945,44.91999816894531,45.45000076293945,4020075
2020-09-15,45.560001373291016,45.95000076293945,45.310001373291016,45.95000076293945,2858344
2020-09-16,45.380001068115234,45.88999938964844,45.349998474121094,45.88999938964844,3333331
2020-09-17,44.97999954223633,45.29999923706055,39.5,39.5,2308252
2020-09-18,45.31999969482422,45.439998626708984,45.04999923706055,45.439998626708984,3443941
2020-09-21,45.0,45.599998474121094,44.95000076293945,45.47999954223633,4295068
2020-09-22,44.2599983215332,44.95000076293945,39.20000076293945,44.849998474121094,7158365
2020-09-23,43.97999954223633,44.95000076293945,43.68000030517578,44.95000076293945,6836271
2020-09-24,43.36000061035156,43.88999938964844,43.0,43.880001068115234,5425456
2020-09-25,43.619998931884766,43.9900016784668,43.5,43.88999938964844,5203699
2020-09-28,43.310001373291016,43.88999938964844,43.2599983215332,43.88999938964844,3906194
2020-09-29,44.150001525878906,44.20000076293945,43.79999923706055,43.9900016784668,3979664
2020-09-30,44.18000030517578,44.810001373291016,44.099998474121094,44.810001373291016,5802994
2020-10-01,44.099998474121094,44.810001373291016,44.0,44.810001373291016,4381951
2020-10-05,44.18000030517578,44.650001525878906,43.689998626708984,44.650001525878906,4960687
2020-10-06,44.61000061035156,44.650001525878906,39.0,39.0,2970842
2020-10-07,43.95000076293945,44.34000015258789,43.810001373291016,44.130001068115234,4934680
2020-10-08,44.0,44.150001525878906,38.20000076293945,38.20000076293945,1594669
2020-10-09,44.400001525878906,44.95000076293945,44.220001220703125,44.95000076293945,1980716
2020-10-12,44.790000915527344,49.25,44.5,49.25,3312196
2020-10-13,44.720001220703125,49.0,39.0,39.0,3094599
2020-10-14,44.150001525878906,44.400001525878906,44.0099983215332,44.400001525878906,2952255
2020-10-15,44.29999923706055,44.43000030517578,44.06999969482422,44.38999938964844,3026256
2020-10-16,44.4900016784668,46.099998474121094,44.36000061035156,45.0,2096785
2020-10-19,44.52000045776367,44.54999923706055,44.2599983215332,44.470001220703125,2453501
2020-10-20,44.439998626708984,44.5,44.220001220703125,44.5,2818985
2020-10-21,44.790000915527344,45.0,44.560001373291016,45.0,2445966
2020-10-22,44.790000915527344,44.869998931884766,44.61000061035156,44.86000061035156,1835410
2020-10-23,44.650001525878906,44.70000076293945,44.41999816894531,44.689998626708984,2500476
2020-10-26,44.54999923706055,45.5,42.0,45.5,2261156
2020-10-27,44.52000045776367,51.20000076293945,44.459999084472656,51.20000076293945,1832090
2020-10-28,44.61000061035156,48.900001525878906,41.79999923706055,48.900001525878906,2206030
2020-10-29,44.349998474121094,44.45000076293945,40.599998474121094,44.45000076293945,4175962
2020-10-30,44.31999969482422,44.38999938964844,44.189998626708984,44.38999938964844,1912076
2020-11-02,44.619998931884766,47.97999954223633,44.369998931884766,47.97999954223633,2848516
2020-11-03,44.79999923706055,49.25,44.209999084472656,46.0,5326172
2020-11-04,44.84000015258789,49.5,44.0,49.5,4364365
2020-11-05,44.91999816894531,49.29999923706055,44.689998626708984,49.29999923706055,2819171
2020-11-06,45.61000061035156,46.0,44.880001068115234,46.0,3202288
2020-11-09,45.83000183105469,47.66999816894531,45.5099983215332,47.66999816894531,3518485
2020-11-10,43.97999954223633,44.81999969482422,43.41999816894531,44.81999969482422,11794287
2020-11-11,44.20000076293945,44.900001525878906,43.91999816894531,44.290000915527344,3524110
2020-11-12,44.2599983215332,46.70000076293945,44.0,46.70000076293945,3078130
2020-11-13,44.34000015258789,49.25,44.04999923706055,45.0,4466594
2020-11-14,44.709999084472656,48.97999954223633,44.5,48.97999954223633,2313625
2020-11-17,44.5099983215332,44.790000915527344,44.400001525878906,44.790000915527344,2602544
2020-11-18,44.18000030517578,44.38999938964844,44.11000061035156,44.38999938964844,3494778
2020-11-19,43.83000183105469,46.25,38.400001525878906,38.400001525878906,4572421
2020-11-20,43.810001373291016,46.599998474121094,43.68000030517578,45.349998474121094,5091485
2020-11-23,43.880001068115234,47.0,38.099998474121094,45.9900016784668,3165036
2020-11-24,42.779998779296875,44.0,41.599998474121094,44.0,8487572
2020-11-25,42.68000030517578,42.79999923706055,42.279998779296875,42.529998779296875,5574852
2020-11-26,42.939998626708984,43.09000015258789,42.54999923706055,42.7599983215332,2563377
2020-11-27,42.84000015258789,42.93000030517578,37.400001525878906,37.400001525878906,3683922
2020-12-01,42.290000915527344,44.27000045776367,41.95000076293945,44.27000045776367,5968664
2020-12-02,42.83000183105469,44.79999923706055,42.38999938964844,44.79999923706055,4879683
2020-12-03,43.06999969482422,43.4900016784668,42.90999984741211,43.4900016784668,3578183
2020-12-04,43.060001373291016,43.439998626708984,43.0,43.439998626708984,3567691
2020-12-07,42.7599983215332,43.13999938964844,42.63999938964844,43.08000183105469,4737949
2020-12-08,43.34000015258789,43.68000030517578,43.15999984741211,43.68000030517578,4706278
2020-12-09,43.18000030517578,45.0,43.04999923706055,43.9900016784668,3956870
2020-12-10,42.650001525878906,44.79999923706055,42.599998474121094,44.79999923706055,4359914
2020-12-11,42.709999084472656,43.79999923706055,42.66999816894531,43.79999923706055,1898856
2020-12-14,42.560001373291016,42.79999923706055,42.540000915527344,42.77000045776367,2268861
2020-12-15,42.81999969482422,42.88999938964844,42.619998931884766,42.779998779296875,3368073
2020-12-16,43.33000183105469,43.41999816894531,42.959999084472656,43.09000015258789,2952775
2020-12-17,43.66999816894531,43.709999084472656,43.209999084472656,43.459999084472656,3768893
2020-12-18,43.72999954223633,44.79999923706055,43.56999969482422,44.79999923706055,4453272
2020-12-21,44.15999984741211,44.380001068115234,43.900001525878906,44.13999938964844,9504211
2020-12-22,43.70000076293945,49.959999084472656,43.61000061035156,49.959999084472656,4000397
2020-12-23,43.58000183105469,43.709999084472656,43.470001220703125,43.68000030517578,3560474
2020-12-24,43.72999954223633,48.97999954223633,43.58000183105469,48.97999954223633,3703880
2020-12-28,43.849998474121094,48.97999954223633,43.810001373291016,48.97999954223633,4403792
2020-12-29,43.68000030517578,43.79999923706055,38.099998474121094,43.779998779296875,3912949
2020-12-30,43.58000183105469,43.79999923706055,43.529998779296875,43.779998779296875,3364504
2020-12-31,43.75,47.97999954223633,43.650001525878906,47.97999954223633,1519545
2021-01-01,43.810001373291016,47.97999954223633,43.75,47.97999954223633,2875668
2021-01-04,44.52000045776367,46.95000076293945,44.0099983215332,46.95000076293945,4911333
2021-01-05,44.970001220703125,46.849998474121094,44.619998931884766,46.849998474121094,5469238
2021-01-06,45.15999984741211,45.189998626708984,44.79999923706055,44.97999954223633,5091194
2021-01-07,44.40999984741211,46.97999954223633,44.189998626708984,46.97999954223633,9845065
2021-01-08,43.83000183105469,44.38999938964844,43.779998779296875,44.34000015258789,8779381
2021-01-11,43.029998779296875,46.79999923706055,42.36000061035156,45.400001525878906,13419826
2021-01-12,43.22999954223633,43.290000915527344,42.959999084472656,43.22999954223633,3547419
2021-01-13,43.06999969482422,46.79999923706055,43.02000045776367,46.79999923706055,3966236
2021-01-14,42.70000076293945,46.79999923706055,42.61000061035156,46.79999923706055,9185531
2021-01-15,43.029998779296875,46.79999923706055,42.79999923706055,45.29999923706055,5807562
2021-01-18,42.540000915527344,45.849998474121094,42.459999084472656,45.849998474121094,8491065
2021-01-19,42.790000915527344,44.97999954223633,42.560001373291016,44.97999954223633,2109996
2021-01-20,42.9900016784668,44.79999923706055,42.83000183105469,44.79999923706055,2558480
2021-01-21,43.220001220703125,44.79999923706055,43.119998931884766,44.79999923706055,3075733
2021-01-22,43.040000915527344,45.0,42.95000076293945,45.0,3102034
2021-01-25,42.790000915527344,44.79999923706055,40.02000045776367,44.79999923706055,2358217
2021-01-27,42.560001373291016,43.849998474121094,42.5,43.70000076293945,3112304
2021-01-28,42.540000915527344,43.400001525878906,40.099998474121094,40.099998474121094,2445781
2021-01-29,42.650001525878906,43.79999923706055,42.45000076293945,43.79999923706055,2414855
2021-02-01,42.34000015258789,43.970001220703125,41.58000183105469,43.970001220703125,10138974
2021-02-02,41.91999816894531,43.45000076293945,41.869998931884766,43.45000076293945,6815030
2021-02-03,41.689998626708984,43.20000076293945,41.310001373291016,43.20000076293945,5486293
2021-02-04,41.33000183105469,42.79999923706055,41.20000076293945,42.79999923706055,9897244
2021-02-05,41.130001068115234,42.70000076293945,40.81999969482422,42.70000076293945,8879165
2021-02-08,41.279998779296875,42.599998474121094,35.79999923706055,42.599998474121094,5109925
2021-02-09,41.849998474121094,43.0,41.689998626708984,43.0,4290402
2021-02-10,41.7599983215332,43.79999923706055,41.709999084472656,42.95000076293945,3116867
2021-02-11,41.7599983215332,42.599998474121094,41.52000045776367,42.599998474121094,2571728
2021-02-12,41.20000076293945,41.45000076293945,41.06999969482422,41.380001068115234,6723676
2021-02-15,41.189998626708984,42.4900016784668,41.099998474121094,42.4900016784668,3252294
2021-02-16,41.349998474121094,41.400001525878906,41.20000076293945,41.380001068115234,2565549
2021-02-17,40.52000045776367,40.97999954223633,40.4900016784668,40.97999954223633,9489746
2021-02-18,40.470001220703125,40.68000030517578,40.369998931884766,40.68000030517578,11697400
2021-02-19,40.099998474121094,41.97999954223633,39.9900016784668,41.97999954223633,11195987
2021-02-22,40.43000030517578,41.599998474121094,40.25,41.599998474121094,5546089
2021-02-23,40.66999816894531,42.599998474121094,40.63999938964844,41.70000076293945,4711333
2021-02-24,40.619998931884766,42.0,40.25,40.83000183105469,2262719
2021-02-25,40.33000183105469,42.400001525878906,40.20000076293945,42.400001525878906,4429573
2021-02-26,40.25,40.36000061035156,39.97999954223633,40.220001220703125,6369408
2021-03-01,39.959999084472656,41.97999954223633,39.900001525878906,41.97999954223633,5824139
2021-03-02,39.52000045776367,41.400001525878906,39.20000076293945,41.400001525878906,9700184
2021-03-03,39.33000183105469,41.29999923706055,39.25,41.29999923706055,8650414
2021-03-04,38.93000030517578,39.18000030517578,38.86000061035156,39.18000030517578,11218094
2021-03-05,38.66999816894531,40.0,38.5099983215332,40.0,10408295
2021-03-08,38.70000076293945,43.95000076293945,38.54999923706055,40.70000076293945,6578530
2021-03-09,38.849998474121094,38.90999984741211,38.52000045776367,38.63999938964844,6305333
2021-03-10,38.95000076293945,39.18000030517578,38.900001525878906,39.18000030517578,5286384
2021-03-12,38.630001068115234,39.79999923706055,38.56999969482422,39.79999923706055,8194416
2021-03-15,39.060001373291016,39.70000076293945,38.70000076293945,39.70000076293945,6071986
2021-03-16,39.029998779296875,40.400001525878906,38.970001220703125,40.400001525878906,6773209
2021-03-17,39.13999938964844,40.099998474121094,39.029998779296875,40.099998474121094,4139265
2021-03-18,39.16999816894531,39.63999938964844,39.060001373291016,39.63999938964844,10750922
2021-03-19,39.22999954223633,39.29999923706055,38.86000061035156,39.290000915527344,3818623
2021-03-22,38.849998474121094,40.099998474121094,38.29999923706055,40.099998474121094,4535248
2021-03-23,38.91999816894531,40.400001525878906,38.86000061035156,40.400001525878906,4927418
2021-03-24,38.880001068115234,39.18000030517578,38.83000183105469,39.18000030517578,7040287
2021-03-25,38.88999938964844,39.18000030517578,38.86000061035156,39.08000183105469,8077132
2021-03-26,38.790000915527344,38.90999984741211,38.61000061035156,38.779998779296875,4090542
2021-03-30,38.380001068115234,39.86000061035156,38.290000915527344,39.86000061035156,12540619
2021-03-31,38.16999816894531,38.36000061035156,38.150001525878906,38.279998779296875,7728240
2021-04-01,39.099998474121094,39.70000076293945,38.41999816894531,39.70000076293945,4438427
2021-04-05,39.33000183105469,39.95000076293945,39.119998931884766,39.95000076293945,5982785
2021-04-06,39.4900016784668,40.20000076293945,37.0,38.20000076293945,4365795
2021-04-07,40.11000061035156,40.189998626708984,39.58000183105469,39.779998779296875,5568767
2021-04-08,40.279998779296875,40.400001525878906,39.959999084472656,40.400001525878906,5302633
2021-04-09,40.45000076293945,40.95000076293945,40.34000015258789,40.95000076293945,5969025
2021-04-12,40.4900016784668,40.560001373291016,40.2599983215332,40.41999816894531,4546153
2021-04-13,40.5099983215332,40.56999969482422,40.20000076293945,40.470001220703125,4146819
2021-04-15,40.720001220703125,40.77000045776367,40.52000045776367,40.77000045776367,2911816
2021-04-16,40.83000183105469,41.16999816894531,40.599998474121094,40.9900016784668,4392749
2021-04-19,41.529998779296875,41.59000015258789,40.709999084472656,41.2400016784668,10605192
2021-04-20,41.099998474121094,41.290000915527344,40.959999084472656,41.060001373291016,8418464
2021-04-22,41.47999954223633,41.9900016784668,41.43000030517578,41.849998474121094,5336862
2021-04-23,41.52000045776367,41.66999816894531,41.310001373291016,41.66999816894531,5160353
2021-04-26,41.22999954223633,41.439998626708984,41.119998931884766,41.41999816894531,5277427
2021-04-27,41.08000183105469,41.31999969482422,41.0,41.31999969482422,2899630
2021-04-28,40.63999938964844,41.150001525878906,40.560001373291016,40.97999954223633,3618879
2021-04-29,40.720001220703125,41.79999923706055,37.279998779296875,37.279998779296875,2883958
2021-04-30,40.59000015258789,40.95000076293945,40.310001373291016,40.95000076293945,1979198
2021-05-03,40.689998626708984,41.70000076293945,40.65999984741211,41.70000076293945,2303248
2021-05-04,40.75,41.060001373291016,40.720001220703125,41.060001373291016,3525800
2021-05-05,40.529998779296875,40.84000015258789,40.4900016784668,40.84000015258789,2612915
2021-05-06,40.81999969482422,42.70000076293945,40.45000076293945,42.59000015258789,2154092
2021-05-07,41.2400016784668,41.95000076293945,41.04999923706055,41.470001220703125,3388993
2021-05-10,41.459999084472656,41.599998474121094,41.2599983215332,41.56999969482422,6355282
2021-05-11,41.400001525878906,41.63999938964844,41.34000015258789,41.63999938964844,3058704
2021-05-12,41.38999938964844,41.439998626708984,41.0099983215332,41.290000915527344,2665823
2021-05-14,41.4900016784668,41.650001525878906,41.08000183105469,41.27000045776367,9842362
2021-05-17,41.83000183105469,43.47999954223633,41.75,43.47999954223633,9634179
2021-05-18,42.09000015258789,42.470001220703125,42.0,42.470001220703125,5886821
2021-05-19,41.939998626708984,42.18000030517578,41.900001525878906,42.16999816894531,2767354
2021-05-20,42.130001068115234,42.470001220703125,42.099998474121094,42.470001220703125,2928165
2021-05-21,42.16999816894531,42.27000045776367,42.08000183105469,42.27000045776367,3604304
2021-05-24,42.20000076293945,44.279998779296875,42.119998931884766,44.279998779296875,3272190
2021-05-25,42.119998931884766,42.2400016784668,42.04999923706055,42.16999816894531,2618735
2021-05-26,42.63999938964844,42.689998626708984,42.36000061035156,42.66999816894531,4771571
2021-05-27,42.38999938964844,42.529998779296875,42.310001373291016,42.47999954223633,2753806
2021-05-28,42.220001220703125,44.880001068115234,42.099998474121094,44.880001068115234,3232907
2021-05-31,42.59000015258789,42.7599983215332,42.349998474121094,42.7599983215332,4325516
2021-06-01,42.83000183105469,42.90999984741211,42.560001373291016,42.779998779296875,4240959
2021-06-02,42.56999969482422,42.83000183105469,42.40999984741211,42.66999816894531,6237062
2021-06-03,42.5099983215332,42.91999816894531,42.470001220703125,42.91999816894531,4499242
2021-06-04,42.119998931884766,42.2400016784668,41.9900016784668,42.2400016784668,5901860
2021-06-07,42.279998779296875,42.56999969482422,42.16999816894531,42.56999969482422,5501444
2021-06-08,42.40999984741211,42.66999816894531,42.369998931884766,42.66999816894531,4163770
2021-06-09,42.5,42.63999938964844,42.369998931884766,42.63999938964844,6638366
2021-06-10,42.349998474121094,42.56999969482422,42.29999923706055,42.56999969482422,3751175
2021-06-11,42.630001068115234,42.869998931884766,42.54999923706055,42.869998931884766,4959477
2021-06-14,42.029998779296875,42.34000015258789,41.970001220703125,42.27000045776367,5586567
2021-06-15,42.04999923706055,42.16999816894531,41.900001525878906,42.16999816894531,4311508
2021-06-16,42.09000015258789,44.099998474121094,41.91999816894531,44.099998474121094,3525900
2021-06-17,41.349998474121094,44.88999938964844,41.2599983215332,44.88999938964844,7758865
2021-06-18,40.959999084472656,41.16999816894531,40.709999084472656,41.16999816894531,7724176
2021-06-21,40.95000076293945,40.97999954223633,40.58000183105469,40.869998931884766,4204092
2021-06-22,40.93000030517578,41.13999938964844,40.79999923706055,41.13999938964844,2965899
2021-06-23,41.0,41.18000030517578,40.880001068115234,41.18000030517578,2032574
2021-06-24,40.900001525878906,44.099998474121094,40.77000045776367,44.099998474121094,2193111
2021-06-25,40.95000076293945,40.9900016784668,40.720001220703125,40.91999816894531,3318404
2021-06-28,40.81999969482422,44.0,40.79999923706055,44.0,3324387
2021-06-29,40.72999954223633,40.880001068115234,40.619998931884766,40.81999969482422,2013217
2021-06-30,40.52000045776367,40.630001068115234,40.400001525878906,40.47999954223633,3863423
2021-07-01,40.90999984741211,41.16999816894531,40.75,41.16999816894531,3813939
2021-07-02,41.150001525878906,41.2400016784668,40.939998626708984,41.2400016784668,3035684
2021-07-05,41.20000076293945,41.279998779296875,41.060001373291016,41.279998779296875,2238472
2021-07-06,41.61000061035156,41.68000030517578,41.2599983215332,41.540000915527344,3076197
2021-07-07,41.720001220703125,41.790000915527344,41.459999084472656,41.599998474121094,3949972
2021-07-08,41.7400016784668,41.97999954223633,41.5099983215332,41.720001220703125,3835093
2021-07-09,41.58000183105469,41.7400016784668,41.43000030517578,41.7400016784668,2942805
2021-07-12,41.5,44.099998474121094,41.380001068115234,44.099998474121094,2574523
2021-07-13,41.52000045776367,41.779998779296875,41.5099983215332,41.779998779296875,1945630
2021-07-14,41.63999938964844,42.38999938964844,40.099998474121094,42.0,2132668
2021-07-15,41.97999954223633,42.0,41.720001220703125,41.970001220703125,3478484
2021-07-16,41.849998474121094,41.97999954223633,41.810001373291016,41.97999954223633,1832927
2021-07-19,41.619998931884766,43.599998474121094,41.540000915527344,43.599998474121094,1838895
2021-07-20,41.689998626708984,42.130001068115234,41.650001525878906,42.130001068115234,3560043
2021-07-22,41.29999923706055,44.099998474121094,39.20000076293945,44.099998474121094,3231236
2021-07-23,41.36000061035156,43.54999923706055,38.650001525878906,38.650001525878906,2373676
2021-07-26,41.400001525878906,42.0,41.2599983215332,42.0,2621876
2021-07-27,41.349998474121094,41.619998931884766,40.58000183105469,40.58000183105469,3569252
2021-07-28,41.369998931884766,42.279998779296875,40.779998779296875,42.279998779296875,1985702
2021-07-29,41.68000030517578,42.58000183105469,41.40999984741211,42.58000183105469,2648324
2021-07-30,41.91999816894531,42.380001068115234,41.279998779296875,42.380001068115234,2040165
2021-08-02,41.529998779296875,41.939998626708984,41.5099983215332,41.939998626708984,2151973
2021-08-03,41.47999954223633,42.279998779296875,41.36000061035156,42.279998779296875,2742824
2021-08-04,41.529998779296875,42.279998779296875,41.45000076293945,41.939998626708984,1349682
2021-08-05,41.560001373291016,44.400001525878906,41.400001525878906,44.400001525878906,2365330
2021-08-06,41.29999923706055,41.880001068115234,40.779998779296875,41.880001068115234,2105799
2021-08-09,40.36000061035156,42.279998779296875,39.68000030517578,41.08000183105469,7917513
2021-08-10,40.220001220703125,40.84000015258789,40.08000183105469,40.84000015258789,5540994
2021-08-11,40.2599983215332,40.869998931884766,40.15999984741211,40.869998931884766,3400031
2021-08-12,40.560001373291016,40.939998626708984,39.880001068115234,40.939998626708984,3244252
2021-08-13,40.5,41.2400016784668,40.08000183105469,40.97999954223633,3253709
2021-08-16,40.779998779296875,41.41999816894531,40.630001068115234,41.41999816894531,3404513
2021-08-17,41.18000030517578,41.68000030517578,40.380001068115234,41.68000030517578,3492704
2021-08-18,41.029998779296875,41.189998626708984,40.95000076293945,41.0,1995891
2021-08-20,40.970001220703125,41.47999954223633,40.7400016784668,41.47999954223633,2846275
2021-08-23,41.0099983215332,41.34000015258789,40.630001068115234,41.34000015258789,2345631
2021-08-24,41.18000030517578,41.58000183105469,41.0099983215332,41.58000183105469,2663194
2021-08-25,41.040000915527344,41.47999954223633,40.849998474121094,41.47999954223633,1641519
2021-08-26,40.79999923706055,44.400001525878906,40.68000030517578,44.400001525878906,1741050
2021-08-27,40.86000061035156,41.380001068115234,40.84000015258789,41.380001068115234,2143301
2021-08-30,41.0099983215332,41.779998779296875,41.0,41.779998779296875,2593436
2021-08-31,40.83000183105469,41.79999923706055,40.81999969482422,41.47999954223633,3318327
2021-09-01,40.83000183105469,44.22999954223633,40.779998779296875,44.22999954223633,3368321
2021-09-02,40.91999816894531,41.2400016784668,40.75,41.2400016784668,2147433
2021-09-03,40.91999816894531,40.97999954223633,40.65999984741211,40.65999984741211,2236960
2021-09-06,41.209999084472656,41.47999954223633,41.04999923706055,41.47999954223633,3188389
2021-09-07,41.060001373291016,41.619998931884766,40.939998626708984,41.619998931884766,1856286
2021-09-08,40.880001068115234,41.220001220703125,40.75,41.220001220703125,2457445
2021-09-09,40.790000915527344,41.220001220703125,40.529998779296875,41.220001220703125,2317747
2021-09-13,40.720001220703125,40.95000076293945,40.5,40.95000076293945,3071349
2021-09-14,40.72999954223633,41.119998931884766,40.34000015258789,41.119998931884766,2019311
2021-09-15,40.959999084472656,41.43000030517578,40.58000183105469,41.43000030517578,4593529
2021-09-16,40.52000045776367,41.220001220703125,40.459999084472656,41.220001220703125,7757035
2021-09-17,40.20000076293945,40.52000045776367,39.959999084472656,40.52000045776367,7078265
2021-09-20,40.16999816894531,40.31999969482422,39.58000183105469,40.31999969482422,6530151
2021-09-21,40.22999954223633,43.599998474121094,40.119998931884766,43.599998474121094,4222239
2021-09-22,40.599998474121094,40.66999816894531,40.40999984741211,40.63999938964844,3523204
2021-09-23,40.34000015258789,40.47999954223633,40.209999084472656,40.47999954223633,4144040
2021-09-24,40.04999923706055,40.220001220703125,39.9900016784668,40.220001220703125,6573931
2021-09-27,40.0099983215332,40.619998931884766,39.97999954223633,40.619998931884766,6448927
2021-09-28,39.939998626708984,40.119998931884766,39.900001525878906,40.119998931884766,4523276
2021-09-29,40.02000045776367,40.31999969482422,39.91999816894531,40.31999969482422,4920311
2021-09-30,39.720001220703125,40.36000061035156,39.650001525878906,40.36000061035156,6960363
2021-10-01,40.209999084472656,40.650001525878906,40.0,40.650001525878906,5920969
2021-10-04,40.2400016784668,40.720001220703125,39.880001068115234,39.880001068115234,6907829
2021-10-05,40.349998474121094,40.599998474121094,40.310001373291016,40.58000183105469,3486231
2021-10-06,40.45000076293945,40.47999954223633,40.29999923706055,40.47999954223633,3648125
2021-10-07,40.54999923706055,40.95000076293945,40.40999984741211,40.95000076293945,4512371
2021-10-08,40.540000915527344,40.81999969482422,40.5,40.81999969482422,2632366
2021-10-11,40.70000076293945,40.91999816894531,40.47999954223633,40.91999816894531,4870323
2021-10-12,40.84000015258789,40.97999954223633,40.75,40.97999954223633,3692920
2021-10-13,40.91999816894531,41.119998931884766,40.7400016784668,41.119998931884766,4781734
2021-10-14,41.52000045776367,41.54999923706055,41.060001373291016,41.060001373291016,5940090
2021-10-18,40.97999954223633,44.0,40.52000045776367,44.0,8075613
2021-10-19,41.20000076293945,41.2400016784668,41.0099983215332,41.2400016784668,3396263
2021-10-20,41.060001373291016,41.52000045776367,40.880001068115234,41.52000045776367,4359620
2021-10-21,41.16999816894531,41.380001068115234,41.06999969482422,41.27000045776367,4069266
2021-10-22,41.290000915527344,43.880001068115234,35.79999923706055,35.79999923706055,2449953
2021-10-25,41.58000183105469,41.65999984741211,41.33000183105469,41.529998779296875,6275955
2021-10-26,41.65999984741211,41.810001373291016,41.58000183105469,41.790000915527344,4449235
2021-10-27,41.33000183105469,44.5,41.09000015258789,41.720001220703125,2725005
2021-10-28,41.56999969482422,43.79999923706055,41.29999923706055,43.79999923706055,3762963
2021-10-29,41.5,41.91999816894531,41.18000030517578,41.91999816894531,3459177
2021-11-01,41.279998779296875,41.720001220703125,40.97999954223633,41.720001220703125,3810487
2021-11-02,41.45000076293945,41.540000915527344,41.31999969482422,41.31999969482422,6446940
2021-11-03,41.099998474121094,41.439998626708984,40.779998779296875,41.439998626708984,2904207
2021-11-04,41.36000061035156,42.970001220703125,41.099998474121094,41.779998779296875,3104231
2021-11-08,41.5,42.08000183105469,41.459999084472656,42.08000183105469,4645164
2021-11-09,41.66999816894531,41.959999084472656,41.41999816894531,41.959999084472656,3392048
2021-11-10,41.790000915527344,41.84000015258789,41.560001373291016,41.779998779296875,3598237
2021-11-11,42.70000076293945,42.75,39.29999923706055,42.56999969482422,7209037
2021-11-12,42.45000076293945,42.970001220703125,40.099998474121094,42.970001220703125,3350209
2021-11-15,42.650001525878906,42.880001068115234,42.15999984741211,42.880001068115234,3314639
2021-11-16,42.79999923706055,42.97999954223633,42.380001068115234,42.97999954223633,3456788
2021-11-17,42.540000915527344,42.79999923706055,42.08000183105469,42.79999923706055,3333642
2021-11-18,42.61000061035156,43.08000183105469,42.5,43.08000183105469,2523169
2021-11-22,42.22999954223633,42.470001220703125,42.150001525878906,42.470001220703125,3812844
2021-11-23,41.34000015258789,42.060001373291016,40.439998626708984,42.060001373291016,5111606
2021-11-24,41.20000076293945,41.68000030517578,41.0,41.68000030517578,3087852
2021-11-25,41.29999923706055,41.459999084472656,41.20000076293945,41.459999084472656,1942891
2021-11-26,41.77000045776367,41.880001068115234,41.209999084472656,41.63999938964844,4643543
2021-11-29,41.619998931884766,41.7599983215332,41.36000061035156,41.7599983215332,11883229
2021-11-30,41.5099983215332,41.68000030517578,41.15999984741211,41.68000030517578,9675176
2021-12-01,41.209999084472656,41.43000030517578,40.72999954223633,41.43000030517578,3555487
2021-12-02,40.97999954223633,41.56999969482422,40.93000030517578,41.56999969482422,2871409
2021-12-03,40.91999816894531,41.27000045776367,40.849998474121094,41.27000045776367,3570987
2021-12-06,41.29999923706055,41.779998779296875,41.150001525878906,41.779998779296875,4868492
2021-12-07,41.220001220703125,41.720001220703125,41.029998779296875,41.720001220703125,6156889
2021-12-08,41.470001220703125,41.56999969482422,41.220001220703125,41.52000045776367,5311149
2021-12-09,41.349998474121094,41.779998779296875,41.060001373291016,41.779998779296875,2032038
2021-12-10,41.27000045776367,41.41999816894531,41.150001525878906,41.41999816894531,1538190
2021-12-13,41.54999923706055,41.68000030517578,41.400001525878906,41.68000030517578,2730323
2021-12-14,41.54999923706055,41.779998779296875,41.459999084472656,41.459999084472656,1741396
2021-12-15,41.470001220703125,41.779998779296875,41.029998779296875,41.779998779296875,3778408
2021-12-16,41.720001220703125,42.16999816894531,41.599998474121094,42.16999816894531,2259600
2021-12-17,42.13999938964844,42.45000076293945,41.880001068115234,41.880001068115234,4523690
2021-12-20,41.86000061035156,42.560001373291016,41.720001220703125,42.560001373291016,4534504
2021-12-21,41.689998626708984,42.119998931884766,41.380001068115234,42.119998931884766,2549098
2021-12-22,41.52000045776367,41.959999084472656,41.22999954223633,41.959999084472656,1411905
2021-12-23,41.689998626708984,42.220001220703125,41.619998931884766,42.220001220703125,2260536
2021-12-24,41.709999084472656,42.08000183105469,41.43000030517578,42.08000183105469,1541465
2021-12-27,41.59000015258789,42.040000915527344,41.52000045776367,42.040000915527344,2219251
2021-12-28,41.61000061035156,41.91999816894531,41.279998779296875,41.91999816894531,2262844
2021-12-29,41.5,41.880001068115234,41.41999816894531,41.880001068115234,1661395
2021-12-30,41.220001220703125,43.779998779296875,41.150001525878906,41.779998779296875,2342863
2021-12-31,41.47999954223633,41.91999816894531,41.36000061035156,41.91999816894531,1731890
2022-01-03,41.72999954223633,44.25,41.540000915527344,42.06999969482422,9144638
2022-01-04,41.459999084472656,41.779998779296875,41.150001525878906,41.779998779296875,4681329
2022-01-05,41.560001373291016,43.0,41.36000061035156,41.97999954223633,2839093
2022-01-06,41.2400016784668,41.81999969482422,41.18000030517578,41.81999969482422,2415846
2022-01-07,41.09000015258789,41.58000183105469,41.0099983215332,41.58000183105469,2969814
2022-01-10,41.06999969482422,41.439998626708984,40.7599983215332,41.439998626708984,3641805
2022-01-11,41.209999084472656,43.0,40.880001068115234,41.58000183105469,3010372
2022-01-12,41.33000183105469,41.68000030517578,41.209999084472656,41.68000030517578,2258367
2022-01-13,41.41999816894531,41.81999969482422,41.220001220703125,41.81999969482422,1817380
2022-01-14,41.529998779296875,41.779998779296875,41.22999954223633,41.31999969482422,3926645
2022-01-17,41.529998779296875,41.81999969482422,41.18000030517578,41.81999969482422,2644534
2022-01-18,41.52000045776367,41.81999969482422,41.279998779296875,41.81999969482422,2549058
2022-01-19,41.599998474121094,41.84000015258789,41.33000183105469,41.84000015258789,1830780
2022-01-20,42.04999923706055,42.439998626708984,41.68000030517578,42.439998626708984,4187268
2022-01-21,41.84000015258789,42.380001068115234,41.75,42.380001068115234,9839700
2022-01-24,42.040000915527344,42.13999938964844,41.65999984741211,42.13999938964844,12373380
2022-01-25,42.060001373291016,42.31999969482422,41.7400016784668,42.31999969482422,5243707
2022-01-27,41.81999969482422,42.15999984741211,41.599998474121094,42.15999984741211,2730577
2022-01-28,41.43000030517578,41.880001068115234,41.22999954223633,41.880001068115234,2163132
2022-01-31,41.25,41.720001220703125,41.029998779296875,41.720001220703125,8624680
2022-02-01,41.54999923706055,41.68000030517578,41.20000076293945,41.68000030517578,2575407
2022-02-02,41.5099983215332,41.91999816894531,41.119998931884766,41.91999816894531,2103178
2022-02-03,41.560001373291016,41.880001068115234,41.36000061035156,41.36000061035156,1519387
2022-02-04,41.599998474121094,41.849998474121094,41.470001220703125,41.849998474121094,1583137
2022-02-07,41.630001068115234,41.880001068115234,41.279998779296875,41.880001068115234,1982504
2022-02-08,41.81999969482422,41.97999954223633,41.52000045776367,41.970001220703125,1918554
2022-02-09,41.9900016784668,42.5,41.709999084472656,42.18000030517578,2543561
2022-02-10,42.16999816894531,42.380001068115234,41.880001068115234,41.880001068115234,2478102
2022-02-11,42.189998626708984,42.5,41.880001068115234,42.5,4052801
2022-02-14,42.959999084472656,43.31999969482422,42.33000183105469,43.31999969482422,9337588
2022-02-15,42.720001220703125,43.5,42.61000061035156,43.060001373291016,15219667
2022-02-16,42.63999938964844,43.08000183105469,42.220001220703125,43.08000183105469,2893357
2022-02-17,43.38999938964844,43.470001220703125,42.560001373291016,43.08000183105469,7597957
2022-02-18,43.18000030517578,43.849998474121094,39.5,43.849998474121094,4018280
2022-02-21,43.099998474121094,48.79999923706055,42.81999969482422,43.63999938964844,5190610
2022-02-22,43.380001068115234,43.7400016784668,43.18000030517578,43.7400016784668,7953166
2022-02-23,43.09000015258789,43.720001220703125,42.880001068115234,43.720001220703125,3618230
2022-02-24,44.619998931884766,44.81999969482422,43.220001220703125,43.970001220703125,17716412
2022-02-25,43.619998931884766,44.619998931884766,43.25,44.619998931884766,17738310
2022-02-28,43.59000015258789,44.209999084472656,43.54999923706055,43.9900016784668,7633640
2022-03-02,44.38999938964844,45.849998474121094,43.810001373291016,44.20000076293945,10668971
2022-03-03,44.400001525878906,44.90999984741211,43.400001525878906,44.849998474121094,4136756
2022-03-04,44.650001525878906,45.52000045776367,44.400001525878906,44.400001525878906,6157186
2022-03-07,46.0,46.20000076293945,45.25,45.25,15897977
2022-03-08,45.93000030517578,46.470001220703125,45.18000030517578,46.400001525878906,13287272
2022-03-09,45.65999984741211,47.599998474121094,45.400001525878906,47.599998474121094,10485976
2022-03-10,44.79999923706055,46.79999923706055,43.650001525878906,43.650001525878906,14283266
2022-03-11,45.279998779296875,45.880001068115234,44.84000015258789,45.880001068115234,6661457
2022-03-14,44.63999938964844,45.880001068115234,44.52000045776367,45.880001068115234,7715591
2022-03-15,44.33000183105469,45.45000076293945,44.0099983215332,44.97999954223633,11720963
2022-03-16,44.22999954223633,44.5,43.380001068115234,44.5,5549265
2022-03-17,44.22999954223633,46.25,43.70000076293945,44.779998779296875,5724381
2022-03-21,44.13999938964844,45.47999954223633,43.77000045776367,44.81999969482422,6197187
2022-03-22,44.31999969482422,44.959999084472656,44.15999984741211,44.959999084472656,5629993
2022-03-23,44.41999816894531,44.869998931884766,43.720001220703125,44.869998931884766,8813459
2022-03-24,44.58000183105469,45.27000045776367,44.380001068115234,45.27000045776367,4797761
2022-03-25,44.790000915527344,45.61000061035156,44.0,45.41999816894531,6162885
2022-03-28,44.4900016784668,45.2400016784668,44.27000045776367,45.2400016784668,8152023
2022-03-29,44.18000030517578,44.84000015258789,43.880001068115234,44.84000015258789,2477168
2022-03-30,44.11000061035156,44.63999938964844,43.880001068115234,44.63999938964844,2699794
2022-03-31,44.119998931884766,44.47999954223633,43.9900016784668,44.47999954223633,4088541
2022-04-01,44.56999969482422,44.900001525878906,43.150001525878906,43.150001525878906,5340702
2022-04-04,44.220001220703125,44.720001220703125,43.880001068115234,44.720001220703125,5545988
2022-04-05,44.310001373291016,44.58000183105469,44.0,44.58000183105469,5064068
2022-04-06,44.4900016784668,44.58000183105469,44.130001068115234,44.58000183105469,2283303
2022-04-07,44.63999938964844,44.779998779296875,41.79999923706055,44.779998779296875,2527931
2022-04-08,44.65999984741211,45.08000183105469,44.43000030517578,45.08000183105469,1741546
2022-04-11,45.220001220703125,45.279998779296875,44.560001373291016,45.18000030517578,3623747
2022-04-12,45.20000076293945,45.58000183105469,44.880001068115234,44.880001068115234,4327749
2022-04-13,45.72999954223633,46.29999923706055,44.29999923706055,46.29999923706055,4390115
2022-04-18,46.189998626708984,46.290000915527344,45.79999923706055,45.79999923706055,7062605
2022-04-19,45.97999954223633,46.31999969482422,45.630001068115234,46.31999969482422,4461027
2022-04-20,45.220001220703125,47.4900016784668,44.93000030517578,47.4900016784668,7594980
2022-04-21,45.209999084472656,47.599998474121094,45.09000015258789,47.599998474121094,2159625
2022-04-22,45.33000183105469,45.84000015258789,45.08000183105469,45.84000015258789,2997378
2022-04-25,44.900001525878906,45.2599983215332,44.58000183105469,45.2599983215332,2842944
2022-04-26,44.63999938964844,44.84000015258789,44.439998626708984,44.84000015258789,2256816
2022-04-27,44.43000030517578,45.2400016784668,44.36000061035156,45.2400016784668,2670040
2022-04-28,44.33000183105469,50.20000076293945,44.04999923706055,44.29999923706055,2871800
2022-04-29,44.790000915527344,52.45000076293945,38.599998474121094,52.45000076293945,4709439
2022-05-02,44.15999984741211,44.59000015258789,44.099998474121094,44.470001220703125,4645318
2022-05-04,43.97999954223633,45.650001525878906,43.65999984741211,43.97999954223633,4326871
2022-05-05,44.540000915527344,45.45000076293945,44.11000061035156,45.400001525878906,3874078
2022-05-06,44.54999923706055,46.81999969482422,42.75,46.81999969482422,4765135
2022-05-09,44.41999816894531,45.25,44.0099983215332,44.88999938964844,4932473
2022-05-10,44.2599983215332,45.130001068115234,44.130001068115234,44.790000915527344,4762974
2022-05-11,44.060001373291016,44.15999984741211,43.18000030517578,44.13999938964844,2945267
2022-05-12,44.02000045776367,44.540000915527344,43.650001525878906,43.779998779296875,2448614
2022-05-13,43.41999816894531,45.0,43.150001525878906,43.84000015258789,6268886
2022-05-16,43.13999938964844,43.58000183105469,43.0,43.58000183105469,4339791
2022-05-17,43.540000915527344,44.40999984741211,43.310001373291016,43.779998779296875,2297137
2022-05-18,43.38999938964844,43.52000045776367,43.0099983215332,43.52000045776367,2809408
2022-05-19,43.59000015258789,43.7400016784668,43.150001525878906,43.650001525878906,3101059
2022-05-20,43.91999816894531,43.97999954223633,43.349998474121094,43.349998474121094,1442916
2022-05-23,44.25,44.439998626708984,44.04999923706055,44.439998626708984,2140814
2022-05-24,44.06999969482422,44.380001068115234,43.779998779296875,44.380001068115234,1742995
2022-05-25,44.119998931884766,44.34000015258789,44.029998779296875,44.34000015258789,1725313
2022-05-26,43.869998931884766,45.11000061035156,43.77000045776367,45.11000061035156,2024163
2022-05-27,44.08000183105469,44.279998779296875,43.869998931884766,44.279998779296875,1370322
2022-05-30,43.97999954223633,44.380001068115234,43.880001068115234,44.279998779296875,2903680
2022-05-31,43.95000076293945,44.09000015258789,43.83000183105469,44.09000015258789,1265893
2022-06-01,43.52000045776367,43.880001068115234,43.470001220703125,43.880001068115234,2238485
2022-06-02,43.97999954223633,44.29999923706055,43.58000183105469,44.29999923706055,1975583
2022-06-03,44.150001525878906,44.79999923706055,44.13999938964844,44.560001373291016,1767101
2022-06-06,44.0,44.95000076293945,43.29999923706055,44.95000076293945,2337622
2022-06-07,43.86000061035156,44.18000030517578,43.59000015258789,44.18000030517578,1464099
2022-06-08,43.880001068115234,44.060001373291016,43.7400016784668,44.060001373291016,1227638
2022-06-09,43.95000076293945,44.13999938964844,43.68000030517578,44.13999938964844,1208810
2022-06-10,43.810001373291016,44.150001525878906,43.75,44.150001525878906,1088837
2022-06-13,44.189998626708984,44.689998626708984,44.11000061035156,44.689998626708984,5159270
2022-06-14,43.56999969482422,44.08000183105469,43.36000061035156,44.08000183105469,2820945
2022-06-15,43.61000061035156,43.7400016784668,43.22999954223633,43.66999816894531,2091201
2022-06-16,43.720001220703125,43.95000076293945,43.529998779296875,43.95000076293945,2170013
2022-06-17,44.08000183105469,44.13999938964844,43.86000061035156,44.13999938964844,2039843
2022-06-20,43.81999969482422,44.060001373291016,43.7400016784668,44.060001373291016,2583650
2022-06-21,43.779998779296875,44.08000183105469,43.619998931884766,44.08000183105469,3212517
2022-06-22,43.68000030517578,43.790000915527344,43.459999084472656,43.779998779296875,1702697
2022-06-23,43.7599983215332,43.97999954223633,43.61000061035156,43.97999954223633,2159396
2022-06-24,43.65999984741211,44.599998474121094,43.209999084472656,44.599998474121094,2826062
2022-06-27,43.869998931884766,43.970001220703125,43.619998931884766,43.970001220703125,3381786
2022-06-28,43.79999923706055,43.93000030517578,43.560001373291016,43.79999923706055,2173213
2022-06-29,43.7599983215332,44.040000915527344,43.54999923706055,44.040000915527344,1372013
2022-06-30,43.7599983215332,44.599998474121094,43.540000915527344,44.599998474121094,2636944
2022-07-01,44.36000061035156,44.900001525878906,43.79999923706055,43.869998931884766,9083077
2022-07-04,44.68000030517578,45.04999923706055,41.70000076293945,45.04999923706055,3696528
2022-07-05,44.79999923706055,45.380001068115234,44.380001068115234,45.380001068115234,2799231
2022-07-06,44.16999816894531,44.59000015258789,42.099998474121094,44.439998626708984,4719772
2022-07-07,43.59000015258789,44.900001525878906,43.18000030517578,44.900001525878906,7871542
2022-07-08,43.56999969482422,44.150001525878906,43.119998931884766,43.939998626708984,1646453
2022-07-11,43.560001373291016,44.400001525878906,43.27000045776367,44.09000015258789,2527931
2022-07-12,43.619998931884766,43.900001525878906,43.290000915527344,43.810001373291016,1798323
2022-07-13,43.439998626708984,43.900001525878906,43.209999084472656,43.86000061035156,2941632
2022-07-14,43.29999923706055,43.95000076293945,43.040000915527344,43.95000076293945,1465436
2022-07-15,43.11000061035156,43.70000076293945,42.86000061035156,43.689998626708984,1889788
2022-07-18,43.54999923706055,43.70000076293945,42.599998474121094,43.650001525878906,2649053
2022-07-19,43.38999938964844,43.75,43.04999923706055,43.75,2033750
2022-07-20,43.38999938964844,43.63999938964844,43.02000045776367,43.63999938964844,2727549
2022-07-21,43.029998779296875,43.31999969482422,42.95000076293945,43.31999969482422,2536379
2022-07-22,43.689998626708984,43.84000015258789,43.220001220703125,43.599998474121094,2743924
2022-07-25,43.599998474121094,44.290000915527344,43.310001373291016,44.290000915527344,7496829
2022-07-26,43.459999084472656,43.88999938964844,43.310001373291016,43.88999938964844,4145903
2022-07-27,43.56999969482422,45.459999084472656,43.16999816894531,45.459999084472656,2639482
2022-07-28,44.02000045776367,44.08000183105469,43.63999938964844,44.06999969482422,1860323
2022-07-29,44.060001373291016,44.4900016784668,38.29999923706055,38.29999923706055,3799713
2022-08-01,44.220001220703125,44.439998626708984,43.83000183105469,44.439998626708984,3672587
2022-08-02,44.18000030517578,44.5099983215332,44.0099983215332,44.4900016784668,2404168
2022-08-03,44.189998626708984,44.27000045776367,43.90999984741211,44.18000030517578,2213499
2022-08-04,44.65999984741211,44.83000183105469,43.93000030517578,44.47999954223633,3192387
2022-08-05,44.720001220703125,44.9900016784668,44.369998931884766,44.959999084472656,2218906
2022-08-08,44.619998931884766,44.90999984741211,44.40999984741211,44.849998474121094,2202250
2022-08-10,44.869998931884766,45.20000076293945,44.61000061035156,44.9900016784668,4815067
2022-08-11,44.90999984741211,44.95000076293945,44.54999923706055,44.869998931884766,2336609
2022-08-12,45.0,45.119998931884766,44.68000030517578,45.119998931884766,5335944
2022-08-16,44.650001525878906,45.15999984741211,44.619998931884766,45.15999984741211,3136639
2022-08-17,44.599998474121094,44.97999954223633,44.279998779296875,44.84000015258789,2652324
2022-08-18,44.54999923706055,44.72999954223633,44.349998474121094,44.72999954223633,2115125
2022-08-19,44.41999816894531,44.529998779296875,44.2599983215332,44.529998779296875,1588648
2022-08-22,43.9900016784668,44.59000015258789,43.95000076293945,44.11000061035156,2676258
2022-08-23,44.150001525878906,44.290000915527344,43.90999984741211,44.290000915527344,2369737
2022-08-24,44.33000183105469,44.459999084472656,44.060001373291016,44.459999084472656,2177388
2022-08-25,44.63999938964844,44.75,44.25,44.689998626708984,2207667
2022-08-26,44.29999923706055,44.75,44.279998779296875,44.689998626708984,2403321
2022-08-29,43.849998474121094,44.470001220703125,41.599998474121094,44.470001220703125,3588407
2022-08-30,43.900001525878906,44.220001220703125,43.41999816894531,43.81999969482422,2717694
2022-09-01,43.349998474121094,43.70000076293945,43.22999954223633,43.58000183105469,5014410
2022-09-02,43.369998931884766,43.529998779296875,43.11000061035156,43.529998779296875,2592415
2022-09-05,43.540000915527344,43.790000915527344,43.2400016784668,43.70000076293945,2440863
2022-09-06,43.5,43.88999938964844,43.369998931884766,43.84000015258789,3275297
2022-09-07,43.40999984741211,43.459999084472656,43.150001525878906,43.45000076293945,2873935
2022-09-08,43.599998474121094,43.77000045776367,43.2400016784668,43.7400016784668,1485287
2022-09-09,43.65999984741211,43.849998474121094,43.310001373291016,43.7599983215332,1677773
2022-09-12,43.599998474121094,48.0,43.31999969482422,48.0,3909092
2022-09-13,43.5,43.58000183105469,43.31999969482422,43.58000183105469,2180910
2022-09-14,43.18000030517578,43.5099983215332,43.150001525878906,43.4900016784668,2513567
2022-09-15,43.04999923706055,43.279998779296875,42.86000061035156,43.27000045776367,7819360
2022-09-16,42.2599983215332,43.20000076293945,42.209999084472656,42.939998626708984,5272807
2022-09-19,42.34000015258789,42.810001373291016,42.20000076293945,42.7400016784668,6588351
2022-09-20,42.4900016784668,42.790000915527344,42.349998474121094,42.779998779296875,3125863
2022-09-21,42.70000076293945,42.720001220703125,42.2400016784668,42.689998626708984,2429479
2022-09-22,42.9900016784668,43.040000915527344,42.310001373291016,42.79999923706055,4283507
2022-09-23,42.81999969482422,43.290000915527344,42.709999084472656,43.290000915527344,2355990
2022-09-26,42.63999938964844,42.869998931884766,42.27000045776367,42.869998931884766,2868912
2022-09-27,42.41999816894531,42.88999938964844,42.310001373291016,42.88999938964844,2785259
2022-09-28,42.29999923706055,42.619998931884766,42.119998931884766,42.119998931884766,1773850
2022-09-29,42.900001525878906,43.15999984741211,42.5099983215332,42.54999923706055,3330240
2022-09-30,43.15999984741211,43.349998474121094,42.7400016784668,43.279998779296875,2654545
2022-10-03,43.13999938964844,43.439998626708984,43.11000061035156,43.439998626708984,5004653
2022-10-04,44.04999923706055,44.150001525878906,43.47999954223633,43.4900016784668,5484223
2022-10-06,44.279998779296875,45.0,44.119998931884766,44.58000183105469,4782138
2022-10-07,44.4900016784668,44.540000915527344,44.119998931884766,44.29999923706055,3208191
2022-10-10,43.72999954223633,44.630001068115234,43.70000076293945,44.400001525878906,3643998
2022-10-11,43.41999816894531,44.47999954223633,43.349998474121094,44.470001220703125,2163274
2022-10-12,43.59000015258789,43.68000030517578,42.9900016784668,43.220001220703125,2786712
2022-10-13,43.689998626708984,43.84000015258789,43.41999816894531,43.83000183105469,1957699
2022-10-14,43.2599983215332,43.66999816894531,43.220001220703125,43.66999816894531,3757412
2022-10-17,43.2400016784668,45.599998474121094,43.0099983215332,43.380001068115234,2052094
2022-10-18,43.119998931884766,43.279998779296875,43.0099983215332,43.220001220703125,2538797
2022-10-19,43.189998626708984,43.869998931884766,42.869998931884766,43.7400016784668,3615050
2022-10-20,43.040000915527344,44.369998931884766,42.869998931884766,43.18000030517578,1937458
2022-10-21,42.72999954223633,43.209999084472656,42.70000076293945,43.08000183105469,5502791
2022-10-24,43.47999954223633,44.369998931884766,43.06999969482422,44.36000061035156,3722883
2022-10-25,43.16999816894531,43.90999984741211,43.130001068115234,43.68000030517578,2942957
2022-10-27,43.459999084472656,43.7400016784668,37.599998474121094,37.599998474121094,1876894
2022-10-28,43.279998779296875,43.7400016784668,43.06999969482422,43.7400016784668,1956627
2022-10-31,43.22999954223633,43.380001068115234,43.0099983215332,43.380001068115234,2202954
2022-11-01,43.310001373291016,43.4900016784668,42.959999084472656,43.4900016784668,2306222
2022-11-02,43.5,43.540000915527344,43.06999969482422,43.5,2114895
2022-11-03,43.0,43.47999954223633,42.95000076293945,43.47999954223633,3452084
2022-11-04,43.290000915527344,43.459999084472656,43.02000045776367,43.459999084472656,1894906
2022-11-07,43.7400016784668,44.09000015258789,43.45000076293945,43.45000076293945,3090161
2022-11-09,43.970001220703125,44.43000030517578,43.869998931884766,43.95000076293945,5393284
2022-11-10,44.18000030517578,44.290000915527344,43.7599983215332,44.290000915527344,2125679
2022-11-11,44.7599983215332,44.81999969482422,44.2400016784668,44.560001373291016,5847659
2022-11-14,44.81999969482422,44.95000076293945,44.5099983215332,44.849998474121094,4678336
2022-11-15,45.150001525878906,45.279998779296875,44.650001525878906,45.27000045776367,6931363
2022-11-16,45.349998474121094,45.439998626708984,44.90999984741211,45.290000915527344,4986732
2022-11-17,45.16999816894531,45.40999984741211,45.029998779296875,45.33000183105469,2284358
2022-11-18,45.2599983215332,45.310001373291016,44.91999816894531,45.27000045776367,2779991
2022-11-21,44.79999923706055,45.15999984741211,44.619998931884766,45.15999984741211,1910550
2022-11-22,44.900001525878906,45.11000061035156,44.619998931884766,45.040000915527344,1808560
2022-11-23,44.77000045776367,45.099998474121094,44.630001068115234,45.099998474121094,1970626
2022-11-24,45.040000915527344,45.279998779296875,44.7599983215332,45.279998779296875,4073101
2022-11-25,44.97999954223633,45.310001373291016,44.880001068115234,45.29999923706055,1910506
2022-11-28,45.119998931884766,45.2599983215332,44.709999084472656,45.2599983215332,3409844
2022-11-29,45.099998474121094,45.150001525878906,44.540000915527344,45.060001373291016,2438774
2022-11-30,45.099998474121094,45.2599983215332,45.0,45.209999084472656,1984004
2022-12-01,45.369998931884766,45.560001373291016,45.15999984741211,45.5099983215332,3594010
2022-12-02,45.880001068115234,46.029998779296875,45.52000045776367,46.029998779296875,4102571
2022-12-05,46.09000015258789,46.29999923706055,45.810001373291016,46.29999923706055,3622012
2022-12-06,45.81999969482422,45.970001220703125,45.52000045776367,45.970001220703125,2339290
2022-12-07,45.84000015258789,46.08000183105469,45.58000183105469,46.08000183105469,1502324
2022-12-08,46.060001373291016,46.209999084472656,45.68000030517578,46.209999084472656,1618610
2022-12-09,46.11000061035156,46.38999938964844,46.0099983215332,46.38999938964844,1722820
2022-12-12,46.189998626708984,46.380001068115234,45.86000061035156,46.380001068115234,3257599
2022-12-13,46.15999984741211,46.75,45.86000061035156,46.349998474121094,2740609
2022-12-14,46.540000915527344,48.900001525878906,46.209999084472656,46.58000183105469,2311017
2022-12-15,46.029998779296875,46.4900016784668,45.90999984741211,46.47999954223633,2670575
2022-12-16,46.099998474121094,46.40999984741211,45.83000183105469,45.83000183105469,2141668
2022-12-19,46.41999816894531,46.709999084472656,46.220001220703125,46.470001220703125,3589858
2022-12-20,46.75,46.79999923706055,45.83000183105469,46.380001068115234,3231954
2022-12-21,46.86000061035156,47.11000061035156,46.779998779296875,47.11000061035156,3914662
2022-12-22,46.869998931884766,47.279998779296875,46.68000030517578,47.279998779296875,4841450
2022-12-23,46.689998626708984,46.7400016784668,46.369998931884766,46.7400016784668,6051020
2022-12-26,46.689998626708984,47.119998931884766,46.5099983215332,47.119998931884766,6123432
2022-12-27,46.869998931884766,46.939998626708984,46.59000015258789,46.939998626708984,3104361
2022-12-28,46.54999923706055,47.099998474121094,46.5099983215332,47.099998474121094,2288068
2022-12-29,46.61000061035156,46.91999816894531,46.560001373291016,46.900001525878906,4403064
2022-12-30,46.790000915527344,46.9900016784668,46.619998931884766,46.9900016784668,2945907
2023-01-02,47.16999816894531,47.41999816894531,46.849998474121094,47.41999816894531,5088245
2023-01-03,47.630001068115234,47.790000915527344,47.209999084472656,47.4900016784668,5165224
2023-01-04,48.06999969482422,48.13999938964844,47.650001525878906,47.650001525878906,4039965
2023-01-05,47.779998779296875,48.16999816894531,47.650001525878906,48.11000061035156,4303123
2023-01-06,47.5,48.040000915527344,47.34000015258789,47.779998779296875,3457817
2023-01-09,48.11000061035156,48.279998779296875,47.709999084472656,47.720001220703125,4176477
2023-01-10,47.959999084472656,48.279998779296875,47.84000015258789,48.119998931884766,3691056
2023-01-11,48.02000045776367,48.06999969482422,47.79999923706055,47.95000076293945,2415393
2023-01-12,47.95000076293945,49.45000076293945,47.91999816894531,49.45000076293945,1434158
2023-01-13,48.22999954223633,48.290000915527344,48.0,48.11000061035156,2270665
2023-01-16,48.70000076293945,48.93000030517578,48.380001068115234,48.380001068115234,4385790
2023-01-17,48.5,49.060001373291016,48.43000030517578,49.060001373291016,3222233
2023-01-18,48.459999084472656,49.95000076293945,48.220001220703125,49.95000076293945,2210772
2023-01-19,48.5,49.900001525878906,48.099998474121094,49.900001525878906,1803822
2023-01-20,48.7599983215332,49.95000076293945,48.61000061035156,49.95000076293945,2310265
2023-01-23,48.77000045776367,49.0099983215332,48.540000915527344,48.540000915527344,2703249
2023-01-24,48.90999984741211,49.27000045776367,48.86000061035156,49.2400016784668,4267976
2023-01-25,48.7599983215332,49.209999084472656,48.720001220703125,49.209999084472656,2684878
2023-01-27,48.779998779296875,48.900001525878906,48.54999923706055,48.900001525878906,4045147
2023-01-30,48.77000045776367,49.2599983215332,48.54999923706055,49.2599983215332,3389681
2023-01-31,48.66999816894531,50.25,48.54999923706055,50.25,2414372
2023-02-01,49.40999984741211,49.45000076293945,48.56999969482422,48.970001220703125,3765879
2023-02-02,50.470001220703125,50.5,49.5099983215332,50.380001068115234,7185518
2023-02-03,49.41999816894531,52.0,49.34000015258789,52.0,8593265
2023-02-06,49.040000915527344,49.18000030517578,48.380001068115234,48.9900016784668,3437174
2023-02-07,49.06999969482422,49.209999084472656,48.779998779296875,49.209999084472656,2840902
2023-02-08,49.20000076293945,49.47999954223633,48.27000045776367,49.47999954223633,2932331
2023-02-09,49.11000061035156,50.70000076293945,48.83000183105469,50.70000076293945,1587624
2023-02-10,48.65999984741211,48.97999954223633,48.279998779296875,48.97999954223633,2554259
2023-02-13,48.66999816894531,50.099998474121094,48.560001373291016,50.099998474121094,2363354
2023-02-14,48.790000915527344,48.84000015258789,48.560001373291016,48.79999923706055,2015279
2023-02-15,48.15999984741211,48.70000076293945,48.08000183105469,48.689998626708984,3000332
2023-02-16,48.18000030517578,49.599998474121094,48.060001373291016,49.599998474121094,1739270
2023-02-17,47.95000076293945,48.34000015258789,47.72999954223633,48.34000015258789,2493726
2023-02-20,48.380001068115234,48.41999816894531,48.15999984741211,48.369998931884766,2176367
2023-02-21,48.2599983215332,48.779998779296875,48.09000015258789,48.779998779296875,1890550
2023-02-22,48.15999984741211,48.65999984741211,47.779998779296875,47.779998779296875,1531186
2023-02-23,47.86000061035156,48.060001373291016,47.84000015258789,48.04999923706055,1730841
2023-02-24,47.779998779296875,48.0099983215332,47.75,48.0099983215332,1269779
2023-02-27,47.439998626708984,48.0,47.36000061035156,47.9900016784668,3179913
2023-02-28,47.40999984741211,47.650001525878906,47.310001373291016,47.650001525878906,2281399
2023-03-01,47.77000045776367,47.970001220703125,47.56999969482422,47.849998474121094,2904455
2023-03-02,47.810001373291016,48.15999984741211,47.65999984741211,48.15999984741211,2417506
2023-03-03,47.81999969482422,47.95000076293945,47.7599983215332,47.939998626708984,2310650
2023-03-06,47.83000183105469,48.08000183105469,47.79999923706055,47.86000061035156,3400795
2023-03-08,47.119998931884766,47.189998626708984,46.5099983215332,47.189998626708984,2248801
2023-03-09,47.06999969482422,47.369998931884766,46.91999816894531,47.369998931884766,2670045
2023-03-10,47.43000030517578,47.709999084472656,47.18000030517578,47.18000030517578,3009916
2023-03-13,48.81999969482422,48.900001525878906,48.220001220703125,48.849998474121094,5159849
2023-03-14,49.130001068115234,49.439998626708984,49.099998474121094,49.400001525878906,5412885
2023-03-15,48.93000030517578,49.25,48.779998779296875,49.25,3470751
2023-03-16,49.70000076293945,49.79999923706055,49.29999923706055,49.79999923706055,4805081
2023-03-17,49.75,49.95000076293945,49.630001068115234,49.95000076293945,2930564
2023-03-20,50.90999984741211,51.59000015258789,50.5099983215332,50.790000915527344,9374247
2023-03-21,50.47999954223633,52.45000076293945,50.29999923706055,52.45000076293945,4152847
2023-03-22,50.040000915527344,50.099998474121094,49.77000045776367,50.099998474121094,16592552
2023-03-23,50.36000061035156,50.70000076293945,50.31999969482422,50.70000076293945,9676515
2023-03-24,50.900001525878906,51.060001373291016,50.459999084472656,50.5,4762415
2023-03-27,50.400001525878906,50.7599983215332,50.13999938964844,50.7599983215332,6111441
2023-03-28,50.40999984741211,50.68000030517578,50.02000045776367,50.68000030517578,7012406
2023-03-29,50.689998626708984,51.060001373291016,50.45000076293945,50.970001220703125,3699065
2023-03-31,51.06999969482422,51.439998626708984,50.79999923706055,50.79999923706055,6527536
2023-04-03,50.79999923706055,50.900001525878906,50.40999984741211,50.70000076293945,5802605
2023-04-05,51.86000061035156,52.4900016784668,51.75,51.79999923706055,6683360
2023-04-06,51.810001373291016,51.869998931884766,51.560001373291016,51.63999938964844,4684885
2023-04-10,51.380001068115234,51.68000030517578,51.11000061035156,51.68000030517578,4825642
2023-04-11,51.54999923706055,51.619998931884766,51.099998474121094,51.45000076293945,3126795
2023-04-12,51.720001220703125,51.970001220703125,51.59000015258789,51.970001220703125,2107439
2023-04-13,51.939998626708984,51.9900016784668,51.72999954223633,51.9900016784668,3068716
2023-04-17,51.70000076293945,51.7599983215332,51.119998931884766,51.70000076293945,2780804
2023-04-18,51.52000045776367,51.630001068115234,50.93000030517578,50.93000030517578,2607685
2023-04-19,51.119998931884766,51.84000015258789,51.06999969482422,51.84000015258789,24059884
2023-04-20,51.63999938964844,51.90999984741211,51.33000183105469,51.900001525878906,4638296
2023-04-21,51.290000915527344,51.90999984741211,51.2400016784668,51.650001525878906,3650585
2023-04-24,51.2599983215332,51.5099983215332,51.02000045776367,51.5099983215332,2660843
2023-04-25,51.31999969482422,51.90999984741211,51.2599983215332,51.68000030517578,3122970
2023-04-26,51.47999954223633,51.88999938964844,51.349998474121094,51.66999816894531,1868163
2023-04-27,51.470001220703125,51.68000030517578,51.41999816894531,51.68000030517578,1677642
2023-04-28,51.25,51.380001068115234,51.20000076293945,51.380001068115234,1904628
2023-05-02,51.310001373291016,51.529998779296875,51.060001373291016,51.529998779296875,5643337
2023-05-03,52.060001373291016,52.849998474121094,51.5099983215332,52.849998474121094,2664385
2023-05-04,52.5099983215332,53.599998474121094,52.2599983215332,53.599998474121094,4360800
2023-05-05,52.5,53.08000183105469,52.459999084472656,53.08000183105469,3223986
2023-05-08,52.16999816894531,52.25,51.97999954223633,52.20000076293945,3089746
2023-05-09,52.369998931884766,52.439998626708984,52.150001525878906,52.29999923706055,3174692
2023-05-10,52.43000030517578,52.54999923706055,52.349998474121094,52.54999923706055,3804699
2023-05-11,52.369998931884766,52.540000915527344,52.25,52.43000030517578,2016110
2023-05-12,51.90999984741211,52.150001525878906,51.849998474121094,52.150001525878906,3345301
2023-05-15,52.279998779296875,52.52000045776367,52.04999923706055,52.34000015258789,2473337
2023-05-16,52.04999923706055,52.29999923706055,52.0,52.29999923706055,2608312
2023-05-17,51.619998931884766,51.75,51.560001373291016,51.75,3919739
2023-05-18,51.59000015258789,51.650001525878906,51.41999816894531,51.599998474121094,1567727
2023-05-19,51.439998626708984,51.4900016784668,51.279998779296875,51.4900016784668,2730413
2023-05-22,51.97999954223633,52.09000015258789,49.900001525878906,49.900001525878906,4148458
2023-05-23,51.43000030517578,52.400001525878906,50.400001525878906,52.400001525878906,3155167
2023-05-24,51.75,52.27000045776367,51.540000915527344,52.27000045776367,2764715
2023-05-25,51.45000076293945,51.75,50.20000076293945,51.75,2717194
2023-05-26,51.33000183105469,53.0,51.15999984741211,53.0,2465982
2023-05-29,51.18000030517578,51.810001373291016,51.11000061035156,51.29999923706055,2542716
2023-05-30,51.13999938964844,51.43000030517578,51.0,51.43000030517578,3304510
2023-05-31,51.130001068115234,51.4900016784668,51.0099983215332,51.47999954223633,3035185
2023-06-01,50.9900016784668,51.439998626708984,50.95000076293945,51.439998626708984,4059946
2023-06-02,51.31999969482422,51.61000061035156,51.119998931884766,51.33000183105469,2845619
2023-06-05,50.720001220703125,51.0,50.650001525878906,51.0,5408201
2023-06-06,51.06999969482422,51.33000183105469,50.720001220703125,50.810001373291016,3104068
2023-06-07,50.9900016784668,51.29999923706055,50.880001068115234,51.29999923706055,2619324
2023-06-08,50.70000076293945,50.90999984741211,50.650001525878906,50.90999984741211,2389085
2023-06-09,50.959999084472656,51.380001068115234,50.81999969482422,51.380001068115234,3521432
2023-06-12,50.93000030517578,51.099998474121094,50.810001373291016,50.95000076293945,2970118
2023-06-13,50.88999938964844,50.97999954223633,50.83000183105469,50.97999954223633,1534463
2023-06-14,50.560001373291016,50.70000076293945,50.5099983215332,50.70000076293945,2475767
2023-06-15,50.15999984741211,50.439998626708984,50.119998931884766,50.43000030517578,3347489
2023-06-16,50.65999984741211,50.70000076293945,50.290000915527344,50.54999923706055,2329107
2023-06-19,50.529998779296875,50.779998779296875,50.36000061035156,50.779998779296875,2465714
2023-06-20,50.4900016784668,50.599998474121094,50.36000061035156,50.36000061035156,2232025
2023-06-21,50.09000015258789,50.34000015258789,50.04999923706055,50.33000183105469,3310301
2023-06-22,49.86000061035156,50.099998474121094,49.709999084472656,50.099998474121094,3525799
2023-06-23,49.75,49.790000915527344,49.0,49.599998474121094,3149502
2023-06-26,49.9900016784668,51.25,49.779998779296875,51.25,2461652
2023-06-27,49.79999923706055,50.2599983215332,48.5,48.5,1963954
2023-06-28,49.54999923706055,49.880001068115234,49.459999084472656,49.779998779296875,2536016
2023-06-30,49.310001373291016,49.86000061035156,49.2400016784668,49.86000061035156,4198762
2023-07-03,49.560001373291016,50.79999923706055,47.849998474121094,50.79999923706055,3321759
2023-07-04,49.880001068115234,51.04999923706055,49.70000076293945,51.04999923706055,3242266
2023-07-05,49.97999954223633,50.2400016784668,49.56999969482422,50.2400016784668,2920838
2023-07-06,49.900001525878906,50.02000045776367,49.810001373291016,49.95000076293945,3122923
2023-07-07,50.02000045776367,51.400001525878906,49.79999923706055,51.400001525878906,2881198
2023-07-10,50.029998779296875,51.5,49.970001220703125,51.5,3318834
2023-07-11,50.15999984741211,51.54999923706055,49.83000183105469,51.54999923706055,2680421
2023-07-12,50.099998474121094,50.290000915527344,50.08000183105469,50.279998779296875,2861761
2023-07-13,50.52000045776367,50.61000061035156,50.25,50.25,3956450
2023-07-14,50.59000015258789,50.68000030517578,50.5,50.650001525878906,2947591
2023-07-17,50.4900016784668,51.5,50.290000915527344,51.5,2897048
2023-07-18,50.65999984741211,50.689998626708984,50.5099983215332,50.650001525878906,3455452
2023-07-19,51.02000045776367,51.099998474121094,50.79999923706055,50.79999923706055,3510703
2023-07-20,51.08000183105469,51.25,51.04999923706055,51.25,2538202
2023-07-21,50.650001525878906,50.95000076293945,50.61000061035156,50.95000076293945,3002336
2023-07-24,50.650001525878906,50.68000030517578,50.439998626708984,50.650001525878906,3016047
2023-07-25,50.58000183105469,52.150001525878906,49.79999923706055,52.150001525878906,2378439
2023-07-26,50.84000015258789,50.90999984741211,49.04999923706055,49.04999923706055,2066147
2023-07-27,50.93000030517578,51.2599983215332,49.29999923706055,49.29999923706055,2359486
2023-07-28,50.66999816894531,50.79999923706055,50.220001220703125,50.220001220703125,3044246
2023-07-31,50.65999984741211,52.20000076293945,50.58000183105469,52.20000076293945,2724579
2023-08-01,50.689998626708984,52.20000076293945,50.540000915527344,52.20000076293945,2808981
2023-08-02,50.68000030517578,50.72999954223633,50.5099983215332,50.599998474121094,2766414
2023-08-03,50.540000915527344,50.72999954223633,50.220001220703125,50.72999954223633,3504581
2023-08-04,50.5,52.04999923706055,50.34000015258789,52.04999923706055,1884959
2023-08-07,50.4900016784668,52.0,50.40999984741211,52.0,2346100
2023-08-08,50.560001373291016,52.0,50.400001525878906,52.0,2327953
2023-08-09,50.369998931884766,52.0,49.04999923706055,52.0,1844205
2023-08-10,50.22999954223633,51.900001525878906,50.099998474121094,51.900001525878906,2807602
2023-08-11,50.130001068115234,50.18000030517578,49.900001525878906,50.18000030517578,2670804
2023-08-14,50.09000015258789,51.650001525878906,50.0099983215332,51.650001525878906,2275541
2023-08-16,50.11000061035156,50.47999954223633,49.959999084472656,50.47999954223633,2226988
2023-08-17,49.81999969482422,51.599998474121094,49.630001068115234,51.599998474121094,3112288
2023-08-18,49.75,49.81999969482422,49.540000915527344,49.81999969482422,1845726
2023-08-21,49.68000030517578,50.08000183105469,49.619998931884766,49.65999984741211,3301667
2023-08-22,49.900001525878906,51.150001525878906,49.72999954223633,51.150001525878906,2084194
2023-08-23,49.810001373291016,50.18000030517578,49.75,50.18000030517578,3727962
2023-08-24,50.029998779296875,51.29999923706055,48.939998626708984,51.29999923706055,2304166
2023-08-25,49.939998626708984,50.029998779296875,49.869998931884766,50.02000045776367,1955871
2023-08-28,49.79999923706055,50.029998779296875,49.77000045776367,50.029998779296875,2459176
2023-08-29,49.97999954223633,51.29999923706055,49.939998626708984,51.29999923706055,2026617
2023-08-30,50.34000015258789,51.5,50.119998931884766,51.5,2513078
2023-08-31,50.349998474121094,50.70000076293945,50.29999923706055,50.349998474121094,2754610
2023-09-01,50.369998931884766,50.439998626708984,50.25,50.400001525878906,3540459
2023-09-04,50.439998626708984,50.630001068115234,50.400001525878906,50.54999923706055,4023285
2023-09-05,50.349998474121094,50.5,50.310001373291016,50.43000030517578,3132796
2023-09-06,50.310001373291016,50.40999984741211,50.20000076293945,50.31999969482422,1934818
2023-09-07,50.16999816894531,51.79999923706055,50.099998474121094,51.79999923706055,2171675
2023-09-08,50.209999084472656,50.470001220703125,50.16999816894531,50.470001220703125,2405062
2023-09-11,50.15999984741211,51.70000076293945,49.900001525878906,50.209999084472656,4310243
2023-09-12,50.02000045776367,50.22999954223633,48.650001525878906,50.16999816894531,2862912
2023-09-13,49.880001068115234,51.5,49.75,51.5,2467090
2023-09-14,49.880001068115234,50.18000030517578,49.7599983215332,50.08000183105469,2684250
2023-09-15,50.119998931884766,51.400001525878906,49.95000076293945,51.400001525878906,2701704
2023-09-18,50.439998626708984,50.56999969482422,50.029998779296875,50.56999969482422,2785227
2023-09-20,50.380001068115234,50.63999938964844,50.36000061035156,50.459999084472656,2700162
2023-09-21,50.27000045776367,50.45000076293945,49.599998474121094,49.599998474121094,2725534
2023-09-22,50.220001220703125,50.290000915527344,50.099998474121094,50.20000076293945,2824953
2023-09-25,50.220001220703125,50.29999923706055,49.81999969482422,50.29999923706055,1943054
2023-09-26,50.02000045776367,50.380001068115234,50.0099983215332,50.220001220703125,2370206
2023-09-27,49.70000076293945,49.939998626708984,49.5099983215332,49.939998626708984,3315836
2023-09-28,49.369998931884766,49.47999954223633,49.119998931884766,49.38999938964844,4265474
2023-09-29,49.290000915527344,49.689998626708984,49.0,49.25,5822166
2023-10-03,48.83000183105469,49.88999938964844,47.79999923706055,47.79999923706055,12887312
2023-10-04,48.36000061035156,50.29999923706055,48.099998474121094,50.29999923706055,8145199
2023-10-05,48.25,48.54999923706055,48.16999816894531,48.54999923706055,6421522
2023-10-06,48.380001068115234,48.7599983215332,48.22999954223633,48.34000015258789,11110656
2023-10-09,48.880001068115234,49.939998626708984,48.630001068115234,49.849998474121094,18450424
2023-10-10,48.93000030517578,49.290000915527344,48.86000061035156,49.290000915527344,6469486
2023-10-11,49.16999816894531,49.20000076293945,48.79999923706055,49.18000030517578,3861459
2023-10-12,49.38999938964844,49.4900016784668,49.20000076293945,49.20000076293945,3986932
2023-10-13,49.4900016784668,49.560001373291016,49.20000076293945,49.38999938964844,2529347
2023-10-16,50.25,50.95000076293945,50.0,50.95000076293945,6107437
2023-10-17,50.310001373291016,50.38999938964844,50.13999938964844,50.38999938964844,4384291
2023-10-18,50.779998779296875,51.29999923706055,50.47999954223633,51.29999923706055,4319795
2023-10-19,50.90999984741211,50.9900016784668,50.689998626708984,50.939998626708984,5754437
2023-10-20,51.59000015258789,51.65999984741211,51.209999084472656,51.459999084472656,7276449
2023-10-23,51.540000915527344,51.630001068115234,51.310001373291016,51.59000015258789,7956254
2023-10-25,51.40999984741211,51.689998626708984,51.27000045776367,51.689998626708984,7689457
2023-10-26,51.83000183105469,51.900001525878906,51.54999923706055,51.900001525878906,8832646
2023-10-27,51.63999938964844,51.9900016784668,51.560001373291016,51.97999954223633,4682849
2023-10-30,52.02000045776367,52.29999923706055,51.849998474121094,52.29999923706055,4571747
2023-10-31,52.060001373291016,52.150001525878906,51.849998474121094,52.13999938964844,4323961
2023-11-01,51.7599983215332,51.900001525878906,51.40999984741211,51.900001525878906,4307988
2023-11-02,51.849998474121094,51.900001525878906,51.380001068115234,51.900001525878906,3706297
2023-11-03,51.79999923706055,51.95000076293945,51.470001220703125,51.470001220703125,3203929
2023-11-06,51.75,51.79999923706055,51.52000045776367,51.79999923706055,5369415
2023-11-07,51.36000061035156,51.599998474121094,51.31999969482422,51.599998474121094,4250564
2023-11-08,51.400001525878906,51.5,51.27000045776367,51.5,3223867
2023-11-09,50.939998626708984,51.099998474121094,50.900001525878906,51.099998474121094,3926743
2023-11-10,51.310001373291016,51.40999984741211,51.099998474121094,51.29999923706055,5683308
2023-11-13,50.93000030517578,51.439998626708984,50.849998474121094,51.279998779296875,4839603
2023-11-15,51.459999084472656,51.849998474121094,50.849998474121094,51.70000076293945,3955640
2023-11-16,51.38999938964844,53.0,51.25,53.0,3282652
2023-11-17,51.86000061035156,51.95000076293945,51.290000915527344,51.95000076293945,4213896
2023-11-20,51.65999984741211,52.79999923706055,51.380001068115234,52.79999923706055,3682655
2023-11-21,51.880001068115234,52.599998474121094,51.709999084472656,52.599998474121094,2623630
2023-11-22,52.16999816894531,52.2400016784668,51.939998626708984,52.2400016784668,4748477
2023-11-23,52.02000045776367,52.38999938964844,51.79999923706055,52.38999938964844,2382541
2023-11-24,52.150001525878906,52.900001525878906,51.779998779296875,52.900001525878906,5370475
2023-11-28,52.29999923706055,53.75,52.27000045776367,53.75,3445333
2023-11-29,53.04999923706055,53.849998474121094,52.90999984741211,53.849998474121094,6169273
2023-11-30,53.150001525878906,54.650001525878906,52.72999954223633,54.650001525878906,2888819
2023-12-01,53.290000915527344,54.75,53.060001373291016,54.75,3315625
2023-12-04,53.720001220703125,54.349998474121094,53.5,54.349998474121094,7685812
2023-12-05,52.939998626708984,53.189998626708984,52.86000061035156,53.099998474121094,6207060
2023-12-06,52.83000183105469,53.099998474121094,51.349998474121094,52.939998626708984,4073967
2023-12-07,53.029998779296875,53.09000015258789,52.720001220703125,53.0,3667498
2023-12-08,52.939998626708984,53.099998474121094,52.900001525878906,53.099998474121094,2923772
2023-12-11,52.02000045776367,52.400001525878906,52.0,52.11000061035156,13193214
2023-12-12,51.849998474121094,52.0,51.810001373291016,51.97999954223633,15764942
2023-12-13,51.83000183105469,53.400001525878906,51.61000061035156,53.400001525878906,8031806
2023-12-14,52.79999923706055,53.400001525878906,51.5,53.400001525878906,16324182
2023-12-15,52.810001373291016,53.849998474121094,52.5,52.5,3644830
2023-12-18,52.4900016784668,52.70000076293945,52.349998474121094,52.70000076293945,5242081
2023-12-19,52.59000015258789,52.72999954223633,52.40999984741211,52.599998474121094,10811458
2023-12-20,52.83000183105469,52.9900016784668,52.75,52.75,7715142
2023-12-21,52.86000061035156,52.95000076293945,52.33000183105469,52.900001525878906,4154616
2023-12-22,53.189998626708984,54.45000076293945,51.25,54.45000076293945,5225643
2023-12-26,53.459999084472656,53.529998779296875,53.349998474121094,53.5,5025974
2023-12-27,53.630001068115234,53.66999816894531,53.400001525878906,53.59000015258789,5203005
2023-12-28,53.84000015258789,54.099998474121094,53.709999084472656,54.099998474121094,4161520
2023-12-29,53.65999984741211,55.29999923706055,53.5099983215332,54.650001525878906,4379180
2024-01-01,53.7400016784668,53.83000183105469,53.54999923706055,53.75,3996865
2024-01-02,54.0099983215332,54.060001373291016,53.7599983215332,53.900001525878906,6369905
2024-01-03,53.529998779296875,53.849998474121094,53.459999084472656,53.849998474121094,5429046
2024-01-04,53.290000915527344,53.349998474121094,52.650001525878906,53.29999923706055,5726820
2024-01-05,53.13999938964844,53.400001525878906,53.099998474121094,53.400001525878906,7403332
2024-01-08,52.849998474121094,53.540000915527344,52.7400016784668,53.540000915527344,6264962
2024-01-09,53.02000045776367,53.2400016784668,52.79999923706055,53.2400016784668,4307157
2024-01-10,52.91999816894531,53.41999816894531,52.630001068115234,53.220001220703125,3667366
2024-01-11,52.84000015258789,52.900001525878906,52.77000045776367,52.900001525878906,3419413
2024-01-12,52.9900016784668,53.25,52.79999923706055,52.84000015258789,10182923
2024-01-15,53.25,53.939998626708984,53.20000076293945,53.20000076293945,4092852
2024-01-16,53.04999923706055,54.849998474121094,52.97999954223633,54.849998474121094,3616602
2024-01-17,52.66999816894531,52.849998474121094,52.59000015258789,52.849998474121094,4241987
2024-01-18,52.4900016784668,54.25,52.36000061035156,54.25,4362662
2024-01-19,52.84000015258789,53.119998931884766,52.599998474121094,53.119998931884766,3275231
2024-01-23,52.86000061035156,53.18000030517578,52.279998779296875,53.18000030517578,4651343
2024-01-24,52.90999984741211,52.939998626708984,52.70000076293945,52.70000076293945,5830182
2024-01-25,52.720001220703125,52.84000015258789,52.689998626708984,52.810001373291016,3012454
2024-01-29,52.970001220703125,54.0,52.599998474121094,54.0,3395715
2024-01-30,53.130001068115234,53.15999984741211,52.810001373291016,53.0,2905691
2024-01-31,53.349998474121094,54.70000076293945,53.0,54.70000076293945,4770794
2024-02-01,53.459999084472656,53.970001220703125,52.599998474121094,53.970001220703125,3752403
2024-02-02,53.58000183105469,53.900001525878906,53.38999938964844,53.900001525878906,2757580
2024-02-05,52.97999954223633,53.45000076293945,52.93000030517578,53.45000076293945,5752682
2024-02-06,52.939998626708984,54.54999923706055,52.849998474121094,54.54999923706055,3487216
2024-02-07,53.209999084472656,53.22999954223633,52.91999816894531,53.189998626708984,4643277
2024-02-08,53.04999923706055,53.59000015258789,53.0,53.59000015258789,2506407
2024-02-09,53.04999923706055,53.189998626708984,52.90999984741211,52.90999984741211,2540282
2024-02-12,52.790000915527344,53.0,52.75,53.0,4060609
2024-02-13,52.810001373291016,54.349998474121094,52.599998474121094,54.349998474121094,2092214
2024-02-14,52.099998474121094,52.650001525878906,51.25,52.650001525878906,6828991
2024-02-15,52.16999816894531,52.38999938964844,52.0099983215332,52.38999938964844,4848262
2024-02-16,52.349998474121094,52.5,52.20000076293945,52.5,4522588
2024-02-19,52.63999938964844,53.900001525878906,52.369998931884766,53.900001525878906,3209608
2024-02-20,52.560001373291016,54.20000076293945,52.45000076293945,54.20000076293945,2532390
2024-02-21,52.63999938964844,53.400001525878906,52.58000183105469,52.86000061035156,1762556
2024-02-22,52.720001220703125,52.790000915527344,52.45000076293945,52.68000030517578,1823657
2024-02-23,52.439998626708984,53.060001373291016,52.400001525878906,52.97999954223633,3260583
2024-02-26,52.709999084472656,53.119998931884766,52.47999954223633,53.060001373291016,3089841
2024-02-27,52.790000915527344,54.29999923706055,51.599998474121094,54.29999923706055,3939347
2024-02-28,52.599998474121094,53.119998931884766,52.36000061035156,53.119998931884766,1982171
2024-02-29,52.779998779296875,54.20000076293945,52.52000045776367,54.20000076293945,2394588
2024-03-01,52.900001525878906,53.70000076293945,52.68000030517578,53.70000076293945,3979857
2024-03-04,53.88999938964844,54.15999984741211,53.22999954223633,54.0,6321132
2024-03-05,54.619998931884766,54.70000076293945,54.2400016784668,54.70000076293945,6871961
2024-03-06,54.720001220703125,54.900001525878906,54.52000045776367,54.900001525878906,5869713
2024-03-07,55.439998626708984,55.5,54.900001525878906,55.0,5552924
2024-03-11,56.0099983215332,56.31999969482422,55.58000183105469,56.189998626708984,7630767
2024-03-12,55.939998626708984,56.20000076293945,55.810001373291016,56.20000076293945,5363816
2024-03-13,55.470001220703125,55.70000076293945,55.40999984741211,55.70000076293945,6135527
2024-03-14,55.84000015258789,56.310001373291016,55.40999984741211,56.220001220703125,6579954
2024-03-15,55.72999954223633,55.900001525878906,55.5099983215332,55.900001525878906,4816645
2024-03-18,55.5,55.529998779296875,55.209999084472656,55.5,4157750
2024-03-19,55.61000061035156,56.849998474121094,55.18000030517578,56.0,4423101
2024-03-20,55.720001220703125,55.900001525878906,55.61000061035156,55.900001525878906,3902548
2024-03-21,56.70000076293945,57.689998626708984,56.31999969482422,57.400001525878906,6209552
2024-03-22,55.9900016784668,57.0,55.900001525878906,57.0,6611760
2024-03-26,56.29999923706055,56.400001525878906,55.900001525878906,56.400001525878906,6626028
2024-03-27,56.220001220703125,56.34000015258789,56.099998474121094,56.22999954223633,4230421
2024-03-28,56.61000061035156,57.900001525878906,56.220001220703125,57.900001525878906,5581816
2024-04-01,58.31999969482422,58.54999923706055,57.61000061035156,58.29999923706055,13493168
2024-04-02,58.63999938964844,58.70000076293945,58.22999954223633,58.45000076293945,9271109
2024-04-03,58.77000045776367,59.20000076293945,58.560001373291016,59.20000076293945,9579587
2024-04-04,59.18000030517578,59.4900016784668,59.11000061035156,59.4900016784668,6481237
2024-04-05,59.029998779296875,62.0,58.65999984741211,60.70000076293945,9365013
2024-04-08,60.209999084472656,60.70000076293945,59.91999816894531,59.91999816894531,10360893
2024-04-09,60.54999923706055,60.650001525878906,59.93000030517578,60.630001068115234,7057775
2024-04-10,60.619998931884766,62.349998474121094,60.40999984741211,62.349998474121094,5582529
2024-04-12,61.90999984741211,61.97999954223633,61.310001373291016,61.79999923706055,9381201
2024-04-15,61.22999954223633,62.27000045776367,61.13999938964844,62.0,13045087
2024-04-16,61.88999938964844,62.38999938964844,61.7599983215332,62.38999938964844,10566826
2024-04-18,61.959999084472656,62.18000030517578,61.709999084472656,62.18000030517578,5070662
2024-04-19,62.2400016784668,62.59000015258789,61.25,62.349998474121094,6921253
2024-04-22,61.7400016784668,62.20000076293945,60.709999084472656,62.189998626708984,8180384
2024-04-23,60.25,62.70000076293945,60.150001525878906,62.70000076293945,12070503
2024-04-24,60.72999954223633,61.20000076293945,60.5099983215332,60.900001525878906,4634988
2024-04-25,60.86000061035156,61.09000015258789,60.5099983215332,60.79999923706055,4876403
2024-04-26,61.33000183105469,61.4900016784668,60.900001525878906,61.380001068115234,4519248
2024-04-29,61.29999923706055,61.650001525878906,60.29999923706055,61.650001525878906,5112802
2024-04-30,60.880001068115234,62.209999084472656,59.900001525878906,62.209999084472656,9870167
2024-05-02,60.849998474121094,61.20000076293945,60.7599983215332,61.20000076293945,5060651
2024-05-03,60.47999954223633,61.27000045776367,60.2599983215332,61.27000045776367,7101832
2024-05-06,60.720001220703125,60.869998931884766,60.5099983215332,60.84000015258789,6853852
2024-05-07,60.68000030517578,60.9900016784668,60.619998931884766,60.9900016784668,4939015
2024-05-08,60.5,60.900001525878906,60.349998474121094,60.900001525878906,4069276
2024-05-09,60.41999816894531,60.869998931884766,60.209999084472656,60.86000061035156,2861844
2024-05-10,61.91999816894531,61.9900016784668,61.0,61.0,11479352
2024-05-13,61.150001525878906,62.70000076293945,61.04999923706055,62.0,7487553
2024-05-14,61.189998626708984,62.70000076293945,59.900001525878906,62.70000076293945,5400506
2024-05-15,61.709999084472656,61.790000915527344,61.29999923706055,61.650001525878906,3894440
2024-05-16,62.0,62.29999923706055,61.91999816894531,62.029998779296875,3465714
2024-05-17,61.959999084472656,62.70000076293945,61.709999084472656,62.70000076293945,4610205
2024-05-21,62.630001068115234,64.80000305175781,62.47999954223633,64.80000305175781,6553090
2024-05-22,62.68000030517578,62.900001525878906,62.5099983215332,62.900001525878906,4495340
2024-05-23,61.619998931884766,61.9900016784668,61.31999969482422,61.9900016784668,9072908
2024-05-24,60.88999938964844,61.09000015258789,60.70000076293945,61.0,9672413
2024-05-27,61.0,61.189998626708984,60.7400016784668,61.189998626708984,4755447
2024-05-28,61.119998931884766,61.38999938964844,60.88999938964844,61.38999938964844,4391228
2024-05-29,61.20000076293945,61.599998474121094,61.11000061035156,61.5,5470880
2024-05-30,60.7400016784668,61.290000915527344,60.66999816894531,61.290000915527344,3995720
2024-05-31,61.290000915527344,61.349998474121094,60.709999084472656,61.0,4155444
2024-06-03,60.59000015258789,61.02000045776367,60.36000061035156,60.79999923706055,13340542
2024-06-04,60.560001373291016,61.38999938964844,59.7599983215332,61.38999938964844,11342481
2024-06-05,60.68000030517578,61.70000076293945,60.560001373291016,60.560001373291016,5903512
2024-06-06,61.45000076293945,61.79999923706055,61.310001373291016,61.5,5225983
2024-06-07,61.09000015258789,62.09000015258789,60.97999954223633,61.5,7319475
2024-06-10,60.130001068115234,60.900001525878906,59.970001220703125,60.900001525878906,14031401
2024-06-11,60.41999816894531,60.5,60.0099983215332,60.47999954223633,4138814
2024-06-12,60.59000015258789,60.79999923706055,60.52000045776367,60.56999969482422,3879917
2024-06-13,60.59000015258789,61.79999923706055,60.45000076293945,61.79999923706055,4842355
2024-06-14,60.599998474121094,60.900001525878906,60.209999084472656,60.900001525878906,5729995
2024-06-18,60.33000183105469,60.88999938964844,60.27000045776367,60.880001068115234,8789943
2024-06-19,60.709999084472656,60.83000183105469,60.36000061035156,60.790000915527344,4444925
2024-06-20,61.029998779296875,61.279998779296875,60.7400016784668,61.279998779296875,5884696
2024-06-21,61.529998779296875,61.619998931884766,60.79999923706055,60.79999923706055,4982944
2024-06-24,60.619998931884766,61.0,60.52000045776367,61.0,8708092
2024-06-25,60.75,60.90999984741211,60.099998474121094,60.880001068115234,3566974
2024-06-26,60.459999084472656,60.7400016784668,60.209999084472656,60.7400016784668,8076853
2024-06-27,60.31999969482422,60.40999984741211,59.900001525878906,60.220001220703125,7872785
2024-06-28,60.630001068115234,60.84000015258789,60.349998474121094,60.52000045776367,4174732
2024-07-01,60.54999923706055,61.79999923706055,60.40999984741211,61.79999923706055,6305845
2024-07-02,60.720001220703125,60.849998474121094,60.33000183105469,60.75,9861239
2024-07-03,61.06999969482422,61.209999084472656,60.709999084472656,60.9900016784668,5302647
2024-07-04,61.290000915527344,61.59000015258789,61.18000030517578,61.59000015258789,5671881
2024-07-05,61.47999954223633,61.59000015258789,61.11000061035156,61.59000015258789,7776786
2024-07-08,61.56999969482422,62.900001525878906,61.47999954223633,62.900001525878906,7024391
2024-07-09,61.380001068115234,61.599998474121094,61.209999084472656,61.59000015258789,4932706
2024-07-10,61.540000915527344,61.68000030517578,61.31999969482422,61.68000030517578,4476581
2024-07-11,61.68000030517578,61.88999938964844,61.5099983215332,61.63999938964844,4771144
2024-07-12,61.88999938964844,62.189998626708984,61.849998474121094,62.0,4961067
2024-07-15,61.91999816894531,62.189998626708984,61.810001373291016,62.18000030517578,7078648
2024-07-16,62.439998626708984,62.4900016784668,62.0099983215332,62.29999923706055,6023780
2024-07-18,62.90999984741211,63.279998779296875,62.5,62.5,8182779
2024-07-19,62.40999984741211,62.599998474121094,62.0,62.45000076293945,7628732
2024-07-22,62.08000183105469,63.79999923706055,61.779998779296875,63.79999923706055,7638842
2024-07-23,60.15999984741211,62.18000030517578,60.0,62.18000030517578,26869060
2024-07-24,59.599998474121094,61.470001220703125,58.91999816894531,60.5,22114791
2024-07-25,59.369998931884766,60.0099983215332,59.0,59.869998931884766,12969604
2024-07-26,59.9900016784668,60.849998474121094,59.06999969482422,60.849998474121094,14643754
2024-07-29,58.779998779296875,61.349998474121094,58.650001525878906,60.5,37546218
2024-07-30,58.349998474121094,59.4900016784668,57.849998474121094,59.4900016784668,23191997
2024-07-31,58.68000030517578,60.099998474121094,58.209999084472656,60.099998474121094,13112644
2024-08-01,59.09000015258789,59.2599983215332,58.810001373291016,58.81999969482422,15318057
2024-08-02,59.66999816894531,59.900001525878906,59.22999954223633,59.29999923706055,14408631
2024-08-05,58.7400016784668,59.9900016784668,58.56999969482422,59.7400016784668,28739897
2024-08-06,58.619998931884766,58.9900016784668,58.11000061035156,58.97999954223633,21329411
2024-08-07,58.20000076293945,58.70000076293945,57.95000076293945,58.58000183105469,26468888
2024-08-08,58.09000015258789,58.40999984741211,57.90999984741211,58.40999984741211,14463600
2024-08-09,58.65999984741211,59.40999984741211,58.31999969482422,58.5,9685693
2024-08-12,59.02000045776367,59.11000061035156,58.630001068115234,58.90999984741211,13621664
2024-08-13,59.400001525878906,59.689998626708984,59.08000183105469,59.29999923706055,10870836
2024-08-14,59.61000061035156,59.70000076293945,59.2599983215332,59.4900016784668,8628741
2024-08-16,59.470001220703125,59.529998779296875,59.11000061035156,59.380001068115234,9800739
2024-08-19,60.34000015258789,60.400001525878906,59.90999984741211,60.0,12568984
2024-08-20,60.66999816894531,60.720001220703125,60.099998474121094,60.59000015258789,10726626
2024-08-21,60.380001068115234,60.90999984741211,60.29999923706055,60.90999984741211,10233753
2024-08-22,60.45000076293945,60.5,60.209999084472656,60.5,6323115
2024-08-23,60.25,60.29999923706055,59.90999984741211,60.29999923706055,8988636
2024-08-26,60.83000183105469,60.86000061035156,60.310001373291016,60.5,10556126
2024-08-27,60.54999923706055,60.7599983215332,60.29999923706055,60.70000076293945,16238244
2024-08-28,60.54999923706055,60.779998779296875,60.400001525878906,60.779998779296875,6942624
2024-08-29,60.56999969482422,60.689998626708984,60.41999816894531,60.689998626708984,5401005
2024-08-30,60.65999984741211,60.720001220703125,60.34000015258789,60.650001525878906,6134534
2024-09-02,60.25,60.47999954223633,59.959999084472656,60.47999954223633,11029836
2024-09-03,60.36000061035156,60.38999938964844,60.04999923706055,60.369998931884766,6172679
2024-09-04,59.83000183105469,60.29999923706055,59.65999984741211,60.279998779296875,12546243
2024-09-05,60.54999923706055,60.56999969482422,60.0,60.0,5063463
2024-09-06,60.65999984741211,61.16999816894531,60.4900016784668,61.16999816894531,10691128
2024-09-09,60.15999984741211,60.63999938964844,59.810001373291016,60.63999938964844,8826704
2024-09-10,60.36000061035156,60.75,60.119998931884766,60.5,5437498
2024-09-11,60.709999084472656,60.849998474121094,60.41999816894531,60.41999816894531,6640492
2024-09-12,60.61000061035156,60.79999923706055,60.5,60.5,5527426
2024-09-13,61.63999938964844,61.84000015258789,61.2400016784668,61.84000015258789,13929243
2024-09-16,62.04999923706055,62.2400016784668,61.81999969482422,62.2400016784668,8067712
2024-09-17,61.77000045776367,63.0,61.720001220703125,63.0,9011998
2024-09-18,61.68000030517578,61.939998626708984,61.599998474121094,61.939998626708984,5262948
2024-09-19,62.189998626708984,62.22999954223633,61.11000061035156,61.68000030517578,12997065
2024-09-20,62.43000030517578,62.5,62.02000045776367,62.400001525878906,10186997
2024-09-23,62.810001373291016,63.599998474121094,62.560001373291016,63.599998474121094,12227083
2024-09-24,62.9900016784668,63.13999938964844,62.86000061035156,63.0,9658635
2024-09-25,63.65999984741211,63.869998931884766,63.41999816894531,63.43000030517578,16224523
2024-09-26,63.77000045776367,63.880001068115234,63.5099983215332,63.869998931884766,9342923
2024-09-27,63.47999954223633,64.08999633789062,63.43000030517578,64.0,11648940
2024-09-30,63.54999923706055,65.4000015258789,63.0099983215332,65.4000015258789,9664621
2024-10-01,63.59000015258789,65.44999694824219,63.13999938964844,65.44999694824219,12060333
2024-10-03,63.689998626708984,65.30000305175781,63.099998474121094,65.30000305175781,18380069
2024-10-04,63.9900016784668,64.37999725341797,63.58000183105469,63.58000183105469,15726483
2024-10-07,63.810001373291016,64.5,63.5,64.5,13002565
2024-10-08,63.45000076293945,64.0,63.04999923706055,64.0,10834330
2024-10-09,63.02000045776367,63.40999984741211,62.470001220703125,63.40999984741211,10062839
2024-10-10,63.0099983215332,63.34000015258789,62.599998474121094,63.34000015258789,9388383
2024-10-11,63.540000915527344,64.9000015258789,63.11000061035156,64.9000015258789,5995568
2024-10-14,63.97999954223633,64.27999877929688,63.619998931884766,63.619998931884766,10381085
2024-10-15,63.86000061035156,64.12000274658203,63.52000045776367,64.11000061035156,7118097
2024-10-16,64.44000244140625,64.63999938964844,63.90999984741211,64.33999633789062,7805175
2024-10-17,64.44000244140625,64.86000061035156,64.22000122070312,64.5,7014298
2024-10-18,65.18000030517578,65.5999984741211,64.86000061035156,65.30000305175781,10809828
2024-10-21,65.79000091552734,66.27999877929688,65.51000213623047,65.98999786376953,15559770
2024-10-22,65.7300033569336,67.4000015258789,65.5999984741211,67.4000015258789,11424709
2024-10-23,66.16000366210938,66.27999877929688,65.9000015258789,66.27999877929688,14863031
2024-10-24,65.75,65.87999725341797,65.37999725341797,65.87000274658203,13330060
2024-10-25,65.44999694824219,66.12999725341797,65.38999938964844,66.12999725341797,11753965
2024-10-28,65.77999877929688,65.94999694824219,65.55999755859375,65.9000015258789,13640432
2024-10-29,66.30000305175781,66.62999725341797,66.05000305175781,66.25,17930130
2024-10-30,67.0199966430664,67.37999725341797,66.5999984741211,67.0,15441752
2024-10-31,66.91999816894531,67.58000183105469,66.80999755859375,67.58000183105469,14358187
2024-11-01,66.91999816894531,66.91999816894531,66.91999816894531,66.91999816894531,0
2024-11-04,66.0199966430664,66.9000015258789,65.79000091552734,66.9000015258789,14818023
2024-11-05,65.94000244140625,66.13999938964844,65.62999725341797,66.12000274658203,14652113
2024-11-06,65.58999633789062,66.62999725341797,65.01000213623047,66.5,14998583
2024-11-07,64.33000183105469,64.9000015258789,64.01000213623047,64.9000015258789,21285221
2024-11-08,65.0,65.48999786376953,64.52999877929688,64.52999877929688,13572558
2024-11-11,64.48999786376953,64.75,64.36000061035156,64.7300033569336,8384643
2024-11-12,62.84000015258789,63.75,62.779998779296875,63.7400016784668,17377363
2024-11-13,63.25,63.400001525878906,62.849998474121094,63.38999938964844,9278252
2024-11-14,61.790000915527344,62.4900016784668,61.66999816894531,62.47999954223633,16055964
2024-11-18,62.900001525878906,63.0,62.41999816894531,62.75,12487261
2024-11-19,63.720001220703125,64.69999694824219,63.209999084472656,64.69999694824219,11162267
2024-11-21,64.56999969482422,64.8499984741211,63.880001068115234,64.8499984741211,12055469
2024-11-22,65.33000183105469,66.5,64.61000061035156,66.5,12559055
2024-11-25,64.37999725341797,64.9800033569336,64.0999984741211,64.9800033569336,13432205
2024-11-26,63.38999938964844,63.849998474121094,62.9900016784668,63.849998474121094,14361086
2024-11-27,63.959999084472656,64.87999725341797,63.45000076293945,64.87999725341797,12660832
2024-11-28,64.04000091552734,64.11000061035156,63.31999969482422,63.86000061035156,6341785
2024-11-29,64.29000091552734,64.4800033569336,62.79999923706055,64.16999816894531,6935021
2024-12-02,63.7599983215332,64.08000183105469,63.16999816894531,64.08000183105469,11568256
2024-12-03,64.05999755859375,64.80000305175781,63.81999969482422,64.80000305175781,6881086
2024-12-04,64.01000213623047,64.37999725341797,63.810001373291016,64.37999725341797,7138332
2024-12-05,64.05999755859375,64.75,64.0,64.75,9221336
2024-12-06,63.9900016784668,64.05000305175781,63.66999816894531,63.95000076293945,6714404
2024-12-09,64.29000091552734,64.55000305175781,63.810001373291016,64.55000305175781,8770651
2024-12-10,64.66999816894531,66.69999694824219,64.56999969482422,65.13999938964844,9968255
2024-12-11,65.04000091552734,66.16999816894531,64.91000366210938,64.91000366210938,12988032
2024-12-12,65.48999786376953,65.63999938964844,65.13999938964844,65.4800033569336,8909811
2024-12-13,64.61000061035156,66.69999694824219,64.33000183105469,66.69999694824219,9894872
2024-12-16,64.4800033569336,64.55000305175781,64.13999938964844,64.55000305175781,6509818
2024-12-17,64.0999984741211,66.4000015258789,64.0199966430664,66.4000015258789,6351408
2024-12-18,64.37999725341797,66.0,63.90999984741211,66.0,4899456
2024-12-19,63.779998779296875,63.83000183105469,63.349998474121094,63.779998779296875,10197598
2024-12-20,63.31999969482422,63.630001068115234,63.04999923706055,63.04999923706055,6377752
2024-12-23,63.970001220703125,66.69000244140625,63.61000061035156,64.31999969482422,5677888
2024-12-24,63.68000030517578,64.73999786376953,62.79999923706055,62.79999923706055,4175908
2024-12-26,64.0,64.19999694824219,63.81999969482422,64.13999938964844,3931630
2024-12-27,64.20999908447266,65.9000015258789,64.05000305175781,65.9000015258789,5648135
2024-12-30,64.0,65.0,63.90999984741211,64.54000091552734,5106785
2024-12-31,64.08999633789062,64.12000274658203,63.630001068115234,63.630001068115234,8802865
2025-01-01,64.3499984741211,65.08999633789062,64.0199966430664,65.08999633789062,9543477
2025-01-02,64.5999984741211,66.30000305175781,64.3499984741211,66.30000305175781,7660276
2025-01-03,65.06999969482422,65.73999786376953,64.93000030517578,65.29000091552734,9218232
2025-01-06,64.61000061035156,65.62999725341797,64.33999633789062,65.06999969482422,9120655
2025-01-07,64.7699966430664,66.55000305175781,64.62000274658203,66.55000305175781,10745727
2025-01-08,65.12000274658203,66.69999694824219,64.80000305175781,66.69999694824219,7078909
2025-01-09,65.4000015258789,66.12000274658203,65.20999908447266,66.12000274658203,8565601
2025-01-10,65.93000030517578,66.08999633789062,64.9800033569336,65.88999938964844,12772160
2025-01-13,66.25,67.94000244140625,65.70999908447266,65.70999908447266,31223058
2025-01-14,66.04000091552734,66.27999877929688,65.69999694824219,66.27999877929688,15911570
2025-01-15,66.26000213623047,68.0,65.87999725341797,68.0,7111641
2025-01-16,66.58999633789062,66.80000305175781,66.30000305175781,66.31999969482422,12107894
2025-01-17,66.66000366210938,66.87000274658203,66.61000061035156,66.6500015258789,9517063
2025-01-20,66.58999633789062,67.29000091552734,66.47000122070312,66.5999984741211,7918979
2025-01-21,66.94999694824219,68.5999984741211,66.3499984741211,68.5999984741211,7592915
2025-01-22,67.62000274658203,67.69000244140625,67.05999755859375,67.25,11577541
2025-01-23,67.43000030517578,67.9000015258789,67.33000183105469,67.66000366210938,9478508
2025-01-24,67.7699966430664,68.12000274658203,67.62000274658203,67.62000274658203,14874711
2025-01-27,67.69000244140625,68.38999938964844,67.4000015258789,68.38999938964844,16534725
2025-01-28,67.58000183105469,67.69000244140625,67.37000274658203,67.69000244140625,14634599
2025-01-29,67.86000061035156,68.29000091552734,67.80000305175781,68.29000091552734,7048513
2025-01-30,68.08999633789062,68.22000122070312,67.72000122070312,68.22000122070312,11532203
2025-01-31,69.08000183105469,70.0,68.62000274658203,68.62000274658203,15636205
2025-02-01,68.94999694824219,70.0,68.4000015258789,70.0,15755452
2025-02-03,69.63999938964844,70.0,68.47000122070312,70.0,13682573
2025-02-04,70.08000183105469,71.75,69.69999694824219,71.75,15163139
2025-02-05,71.56999969482422,72.19999694824219,70.27999877929688,72.19999694824219,25721670
2025-02-06,71.43000030517578,71.93000030517578,70.91000366210938,71.72000122070312,30059729
2025-02-07,71.54000091552734,73.55000305175781,71.19999694824219,73.55000305175781,22367847
2025-02-10,72.5199966430664,73.69999694824219,71.0,73.69999694824219,31547440
2025-02-11,71.9800033569336,73.44999694824219,71.80000305175781,73.44999694824219,26890736
2025-02-12,71.47000122070312,71.97000122070312,71.01000213623047,71.97000122070312,17813697
2025-02-13,71.87000274658203,72.58000183105469,71.68000030517578,72.58000183105469,13212378
2025-02-14,72.22000122070312,72.3499984741211,71.62000274658203,71.86000061035156,10506019
2025-02-17,71.6500015258789,71.69999694824219,70.93000030517578,71.68000030517578,14979900
2025-02-18,71.9800033569336,72.13999938964844,71.63999938964844,72.0,20255513
2025-02-19,72.7300033569336,72.87999725341797,72.02999877929688,72.87999725341797,11833543
2025-02-20,72.48999786376953,73.18000030517578,72.3499984741211,73.18000030517578,12547634
2025-02-21,72.08000183105469,72.68000030517578,71.75,72.68000030517578,11836188
2025-02-24,72.5999984741211,72.87999725341797,72.12000274658203,72.87999725341797,14405974
2025-02-25,72.75,73.18000030517578,72.37000274658203,73.18000030517578,13144809
2025-02-27,71.87999725341797,72.68000030517578,71.51000213623047,72.68000030517578,27165044
2025-02-28,71.0999984741211,71.63999938964844,70.52999877929688,71.63999938964844,31520842
2025-03-03,71.36000061035156,71.5999984741211,70.66000366210938,71.5999984741211,11451635
2025-03-04,72.41999816894531,72.48999786376953,71.5199966430664,72.47000122070312,11323967
2025-03-05,72.2699966430664,72.58000183105469,72.12000274658203,72.58000183105469,11551383
2025-03-06,71.88999938964844,72.8499984741211,71.77999877929688,72.8499984741211,10743047
2025-03-07,72.20999908447266,72.56999969482422,71.83000183105469,72.56999969482422,10706795
2025-03-10,72.16999816894531,72.48999786376953,71.91999816894531,71.98999786376953,7894354
2025-03-11,72.08000183105469,72.47000122070312,71.70999908447266,72.16999816894531,6123525
2025-03-12,72.31999969482422,72.66999816894531,72.05999755859375,72.05999755859375,5416235
2025-03-13,72.81999969482422,72.97000122070312,72.61000061035156,72.62000274658203,9102052
2025-03-17,73.52999877929688,73.87999725341797,73.23999786376953,73.87999725341797,12763210
2025-03-18,73.52999877929688,73.52999877929688,73.52999877929688,73.52999877929688,0
2025-03-19,74.25,74.77999877929688,74.0999984741211,74.77999877929688,17347591
2025-03-20,74.48999786376953,75.18000030517578,72.0,73.58999633789062,8435104
2025-03-21,73.94999694824219,74.77999877929688,73.80000305175781,74.77999877929688,18589531
2025-03-24,73.0,74.18000030517578,72.55999755859375,74.18000030517578,63876147
2025-03-25,73.2300033569336,73.3499984741211,72.69000244140625,73.3499984741211,16524365
2025-03-26,73.25,73.63999938964844,72.81999969482422,73.4800033569336,11975993
2025-03-27,73.80000305175781,73.9800033569336,73.2300033569336,73.97000122070312,10626756
2025-03-28,74.16000366210938,74.80000305175781,73.62999725341797,73.63999938964844,28472465
2025-04-01,76.72000122070312,77.05000305175781,75.12000274658203,75.83999633789062,40720281
2025-04-02,76.2300033569336,77.4800033569336,75.7300033569336,77.4800033569336,36083347
2025-04-03,75.8499984741211,80.0,75.70999908447266,78.5,28338299
2025-04-04,74.98999786376953,76.87999725341797,74.55999755859375,75.86000061035156,22612463
2025-04-07,73.83000183105469,75.1500015258789,65.8499984741211,74.5999984741211,62547917
2025-04-08,73.68000030517578,76.05000305175781,72.30000305175781,76.05000305175781,15916066
2025-04-09,74.88999938964844,75.05999755859375,73.52999877929688,73.98999786376953,16060289
2025-04-11,77.9000015258789,78.70999908447266,76.05999755859375,76.05999755859375,41882099
2025-04-15,77.66000366210938,78.5,77.5999984741211,78.5,22708774
2025-04-16,79.2300033569336,79.30000305175781,78.4000015258789,78.4000015258789,17435366
2025-04-17,79.52999877929688,80.27999877929688,79.30999755859375,80.25,22315842
2025-04-21,81.06999969482422,81.18000030517578,79.4000015258789,80.8499984741211,26060674
2025-04-22,82.9000015258789,83.55999755859375,82.5199966430664,82.5199966430664,30534897
2025-04-23,80.38999938964844,81.48999786376953,79.70999908447266,81.4800033569336,38573322
2025-04-24,80.51000213623047,80.73999786376953,80.11000061035156,80.38999938964844,15878472
2025-04-25,80.02999877929688,81.62999725341797,79.80999755859375,80.81999969482422,19337075
2025-04-28,79.05000305175781,80.80000305175781,79.01000213623047,80.80000305175781,22373797
2025-04-29,80.04000091552734,81.19999694824219,79.70999908447266,81.19999694824219,21952704
2025-04-30,79.08999633789062,80.19999694824219,78.87999725341797,79.98999786376953,21587869
2025-05-02,78.37999725341797,78.72000122070312,77.36000061035156,78.69999694824219,15856600
2025-05-05,79.58000183105469,79.83000183105469,78.22000122070312,78.94999694824219,15889122
2025-05-06,82.12999725341797,82.94999694824219,80.62000274658203,81.4000015258789,21861963
2025-05-07,81.27999877929688,83.33000183105469,81.12000274658203,83.0,20421792
2025-05-08,80.94000244140625,81.94999694824219,79.81999969482422,81.91999816894531,22056783
2025-05-09,80.80000305175781,81.1500015258789,80.0199966430664,80.4800033569336,17152718
2025-05-12,77.9800033569336,79.45999908447266,77.80000305175781,79.37999725341797,32647859
2025-05-13,79.06999969482422,79.87999725341797,78.02999877929688,78.02999877929688,15305982
2025-05-14,78.58000183105469,78.73999786376953,78.22000122070312,78.68000030517578,14223171
2025-05-15,77.04000091552734,77.27999877929688,76.36000061035156,77.13999938964844,33029222
2025-05-16,77.77999877929688,79.3499984741211,77.33000183105469,79.3499984741211,16345899
2025-05-19,78.31999969482422,78.48999786376953,77.80000305175781,78.41999816894531,13043842
2025-05-20,78.19000244140625,78.30000305175781,77.62999725341797,77.97000122070312,14843284
2025-05-21,79.5,80.16999816894531,79.27999877929688,80.16999816894531,39202827
2025-05-22,79.80999755859375,80.41999816894531,79.72000122070312,80.41999816894531,22193709
2025-05-23,79.51000213623047,79.97000122070312,79.43000030517578,79.97000122070312,37141110
2025-05-26,79.7699966430664,80.55000305175781,79.5,79.51000213623047,9375536
2025-05-27,79.55999755859375,80.5199966430664,77.37999725341797,80.5199966430664,10765565
2025-05-28,80.05999755859375,81.94999694824219,79.5,81.94999694824219,7535695
2025-05-29,79.0999984741211,79.73999786376953,78.9800033569336,79.73999786376953,13431765
2025-05-30,79.48999786376953,79.98999786376953,78.62999725341797,79.98999786376953,7156040
2025-06-02,80.5199966430664,80.9000015258789,79.41999816894531,80.9000015258789,13512153
2025-06-03,80.97000122070312,82.5,80.62999725341797,82.5,13059856
2025-06-04,81.30999755859375,82.47000122070312,80.97000122070312,81.7699966430664,15171863
2025-06-05,81.7300033569336,83.75,80.87000274658203,83.75,14131710
2025-06-06,81.2300033569336,81.94999694824219,79.9000015258789,81.94999694824219,12138184
2025-06-09,80.4800033569336,80.88999938964844,79.9000015258789,80.81999969482422,15146871
2025-06-10,80.61000061035156,80.69999694824219,79.9000015258789,80.37999725341797,11925279
2025-06-11,80.76000213623047,82.4000015258789,80.31999969482422,82.4000015258789,8051051
2025-06-12,81.38999938964844,82.37999725341797,80.77999877929688,82.37999725341797,18066096
2025-06-13,83.12999725341797,83.83000183105469,82.19999694824219,83.83000183105469,27039436
2025-06-16,83.08999633789062,84.19999694824219,82.9000015258789,84.19999694824219,18775047
2025-06-17,82.55999755859375,84.19999694824219,82.19999694824219,84.19999694824219,12596527
2025-06-18,82.79000091552734,84.30000305175781,81.79000091552734,84.30000305175781,12087747
2025-06-19,82.79000091552734,85.0,82.13999938964844,82.5,15703694
2025-06-20,82.2300033569336,83.69999694824219,82.0,82.0,15087436
2025-06-23,82.66000366210938,83.33000183105469,82.02999877929688,83.33000183105469,15182442
2025-06-24,80.9800033569336,82.27999877929688,80.9000015258789,81.38999938964844,24233699
2025-06-25,81.11000061035156,81.29000091552734,80.33000183105469,80.5,17506743
2025-06-26,81.12000274658203,81.38999938964844,80.97000122070312,81.38999938964844,8182454
2025-06-27,79.80999755859375,80.55000305175781,79.73999786376953,80.55000305175781,22817337
2025-06-30,79.98999786376953,82.19999694824219,79.54000091552734,82.19999694824219,19072979
2025-07-01,81.05000305175781,81.0999984741211,80.4000015258789,80.94999694824219,11297138
2025-07-02,81.11000061035156,81.20999908447266,80.30000305175781,81.16999816894531,9539592
2025-07-03,81.01000213623047,81.48999786376953,80.93000030517578,81.37999725341797,9720543
2025-07-04,80.88999938964844,81.55999755859375,80.69999694824219,81.44999694824219,17710116
2025-07-07,80.52999877929688,81.20999908447266,80.0999984741211,80.9000015258789,10209093
2025-07-08,80.77999877929688,81.54000091552734,80.55000305175781,81.54000091552734,5817233
2025-07-09,80.02999877929688,84.77999877929688,79.0,83.19999694824219,11192504
2025-07-10,80.70999908447266,80.81999969482422,80.33000183105469,80.33000183105469,8228993
2025-07-11,81.1500015258789,81.25,79.94999694824219,80.9000015258789,11410048
2025-07-14,81.87999725341797,82.6500015258789,81.54000091552734,82.5,11698807
2025-07-15,81.66999816894531,83.19999694824219,79.9000015258789,83.19999694824219,8360802
2025-07-16,81.3499984741211,81.4000015258789,81.05000305175781,81.31999969482422,6749799
2025-07-17,81.16000366210938,83.79000091552734,80.5,83.79000091552734,6177627
2025-07-18,81.7300033569336,82.56999969482422,79.9000015258789,82.56999969482422,7566902
2025-07-21,82.12999725341797,84.18000030517578,80.5,84.18000030517578,11329166
2025-07-22,82.7699966430664,84.58999633789062,79.66999816894531,84.58999633789062,12020232
2025-07-23,83.75,83.8499984741211,83.19000244140625,83.7699966430664,19504795
2025-07-24,82.30000305175781,84.69999694824219,81.5,84.69999694824219,13659785
2025-07-25,82.0999984741211,82.5999984741211,81.91999816894531,82.5999984741211,14936984
2025-07-28,82.02999877929688,83.88999938964844,81.70999908447266,83.88999938964844,12693127
2025-07-29,81.91000366210938,84.48999786376953,81.23999786376953,84.48999786376953,11346333
2025-07-30,82.38999938964844,82.58000183105469,82.05000305175781,82.58000183105469,12808210
2025-07-31,82.19999694824219,82.4000015258789,80.0,82.18000030517578,12478359
2025-08-01,81.94999694824219,84.66999816894531,81.05000305175781,84.66999816894531,21880995
2025-08-04,83.2300033569336,83.98999786376953,82.70999908447266,83.98999786376953,13190272
2025-08-05,83.61000061035156,84.19999694824219,82.45999908447266,82.55999755859375,14398331
2025-08-06,83.44000244140625,84.19999694824219,83.36000061035156,84.19999694824219,10881908
2025-08-07,83.94000244140625,84.5999984741211,80.5,84.5999984741211,13106067
2025-08-08,84.36000061035156,84.62999725341797,84.05000305175781,84.5,15307482
2025-08-11,83.2300033569336,83.83999633789062,83.06999969482422,83.83999633789062,15158564
2025-08-12,82.9800033569336,84.0,82.5,84.0,11159030
2025-08-13,83.19000244140625,83.4000015258789,82.0,82.0,9115427
2025-08-14,83.13999938964844,84.4000015258789,82.6500015258789,84.4000015258789,10248043
2025-08-18,82.75,84.18000030517578,82.3499984741211,83.5,13537860
2025-08-19,82.30999755859375,83.25,82.2699966430664,83.25,10261966
2025-08-20,82.08000183105469,84.77999877929688,81.81999969482422,84.77999877929688,11629206
2025-08-21,82.55000305175781,84.1500015258789,80.0199966430664,80.0199966430664,9354226
2025-08-22,82.62000274658203,84.0,82.30000305175781,83.19999694824219,11214757
2025-08-25,83.5,83.93000030517578,83.0,83.93000030517578,11009873
2025-08-26,83.83000183105469,86.01000213623047,83.0999984741211,86.01000213623047,11781538
2025-08-28,84.41999816894531,84.45999908447266,83.62999725341797,84.19999694824219,13982686
2025-08-29,85.33999633789062,85.5,83.41999816894531,84.41999816894531,17611333
2025-09-01,86.61000061035156,87.2699966430664,86.44999694824219,86.76000213623047,37752097
2025-09-02,86.61000061035156,87.4000015258789,84.44000244140625,87.4000015258789,20987243
2025-09-03,87.87999725341797,88.0,87.22000122070312,87.4800033569336,18818564
2025-09-04,88.16000366210938,88.9000015258789,87.54000091552734,88.9000015258789,19469254
2025-09-05,88.6500015258789,89.88999938964844,87.1500015258789,88.16000366210938,17854891
2025-09-08,89.9800033569336,90.08000183105469,88.6500015258789,89.29000091552734,25737386
2025-09-09,91.16999816894531,92.9000015258789,90.16000366210938,90.16000366210938,36086737
2025-09-10,90.9000015258789,92.4000015258789,90.51000213623047,91.80000305175781,29134766
2025-09-11,90.62000274658203,90.9000015258789,89.91999816894531,90.0,19825329
2025-09-12,91.26000213623047,91.5999984741211,91.0,91.5999984741211,20999165
2025-09-15,90.91999816894531,93.0,90.80000305175781,93.0,21822478
2025-09-16,92.2699966430664,92.62000274658203,91.02999877929688,92.62000274658203,22759828
2025-09-17,91.25,91.9800033569336,90.95999908447266,91.9000015258789,29420335
2025-09-18,91.5999984741211,92.30000305175781,90.44999694824219,92.30000305175781,23017317
2025-09-19,91.29000091552734,92.80000305175781,91.01000213623047,92.80000305175781,14943516
2025-09-22,93.13999938964844,93.20999908447266,91.43000030517578,92.0,29191689
2025-09-23,95.12999725341797,95.37999725341797,93.0,94.12999725341797,36910438
2025-09-24,94.63999938964844,97.5,94.51000213623047,95.9000015258789,35825570
2025-09-25,94.43000030517578,97.0,93.47000122070312,97.0,31941819
2025-09-26,94.22000122070312,96.19999694824219,93.38999938964844,93.38999938964844,30115973
2025-09-29,95.9000015258789,95.95999908447266,94.33999633789062,94.80000305175781,34621491
2025-09-30,95.8499984741211,97.73999786376953,95.31999969482422,97.73999786376953,51685690
2025-10-01,97.62999725341797,97.79000091552734,95.8499984741211,97.5999984741211,35428401
2025-10-03,97.06999969482422,97.48999786376953,96.51000213623047,96.87999725341797,44922680
2025-10-06,99.22000122070312,99.80000305175781,97.3499984741211,98.19999694824219,57326883
2025-10-07,99.66000366210938,100.18000030517578,99.05000305175781,99.22000122070312,53314468
2025-10-08,101.69000244140625,101.94000244140625,99.69999694824219,100.0999984741211,57364133
2025-10-09,101.47000122070312,102.5999984741211,100.38999938964844,102.5999984741211,57014951
2025-10-10,100.66999816894531,101.0,99.02999877929688,100.0,50044730
2025-10-13,102.6500015258789,102.75,101.5999984741211,102.5999984741211,50586865
2025-10-14,105.08999633789062,105.75,103.30000305175781,105.7300033569336,85463491
2025-10-15,105.29000091552734,106.2300033569336,104.91000366210938,105.19999694824219,76144009
2025-10-16,105.37000274658203,106.19999694824219,104.76000213623047,105.3499984741211,56566354
2025-10-17,108.11000061035156,108.69000244140625,105.7300033569336,105.7300033569336,62619301
2025-10-20,105.13999938964844,106.9000015258789,103.9000015258789,106.9000015258789,116061717
2025-10-21,105.69000244140625,108.20999908447266,104.08999633789062,108.20999908447266,21802659
2025-10-23,101.69999694824219,105.19999694824219,95.55000305175781,105.19999694824219,93781372
2025-10-27,100.13999938964844,101.20999908447266,99.83000183105469,100.75,57197149
2025-10-28,96.83999633789062,99.9800033569336,96.5999984741211,99.9800033569336,70686340
2025-10-29,99.94999694824219,100.13999938964844,98.0,98.0,42880758
2025-10-30,99.68000030517578,100.0999984741211,97.30000305175781,99.26000213623047,42611116
2025-10-31,100.0199966430664,100.5,99.41999816894531,99.76000213623047,27796134
2025-11-03,100.05000305175781,100.69999694824219,99.72000122070312,100.0199966430664,23319552
2025-11-04,99.80000305175781,99.9800033569336,99.02999877929688,99.83000183105469,24923826
2025-11-06,100.06999969482422,100.19999694824219,99.12999725341797,99.12999725341797,20330108
2025-11-07,99.94000244140625,100.06999969482422,99.33000183105469,99.9800033569336,18104481
2025-11-10,101.69999694824219,101.8499984741211,100.45999908447266,101.19000244140625,30575428
2025-11-11,103.29000091552734,103.72000122070312,102.80000305175781,102.83000183105469,33803897
2025-11-12,102.69000244140625,102.9800033569336,102.1500015258789,102.9800033569336,29596247
2025-11-13,105.37000274658203,105.45999908447266,104.16000366210938,104.16000366210938,33205778
2025-11-14,103.80999755859375,105.12000274658203,103.55999755859375,105.12000274658203,28533187
2025-11-17,101.94000244140625,103.36000061035156,101.0,103.36000061035156,27817135
2025-11-18,100.91000366210938,101.12000274658203,100.01000213623047,100.87000274658203,35663185
2025-11-19,102.2300033569336,102.5999984741211,101.25,101.25,22235008
2025-11-20,101.55000305175781,102.06999969482422,101.0199966430664,101.5,20599534
2025-11-21,102.0,102.29000091552734,100.61000061035156,101.6500015258789,23459553
2025-11-24,102.2300033569336,102.33999633789062,101.55000305175781,101.98999786376953,24131584
2025-11-25,103.45999908447266,104.0,103.0999984741211,103.22000122070312,24988736
2025-11-26,104.18000030517578,104.3499984741211,103.91000366210938,103.91000366210938,23022226
2025-11-27,104.11000061035156,104.4000015258789,103.83999633789062,104.0999984741211,19397032
2025-11-28,104.62000274658203,104.9800033569336,104.30999755859375,104.5999984741211,18626408
2025-12-01,106.72000122070312,106.80000305175781,105.7699966430664,106.08999633789062,32935620
2025-12-02,105.62999725341797,106.6500015258789,105.38999938964844,106.6500015258789,26342500
2025-12-03,106.51000213623047,106.69999694824219,106.23999786376953,106.25,25811907
2025-12-04,105.91999816894531,106.95999908447266,105.69999694824219,106.66999816894531,27124243
2025-12-05,106.88999938964844,107.0199966430664,105.81999969482422,106.2699966430664,22860218
2025-12-08,106.8499984741211,106.95999908447266,106.11000061035156,106.7699966430664,26109955
2025-12-09,106.27999877929688,106.76000213623047,105.5,106.76000213623047,22835801
2025-12-10,106.2300033569336,106.8499984741211,106.0999984741211,106.8499984741211,21093711
2025-12-11,107.1500015258789,107.27999877929688,106.37000274658203,106.86000061035156,20249677
2025-12-12,109.61000061035156,109.9800033569336,108.19999694824219,108.19999694824219,42813407
2025-12-15,110.94999694824219,111.08999633789062,109.72000122070312,110.44999694824219,44275839
2025-12-16,109.55999755859375,110.05000305175781,109.19999694824219,109.45999908447266,36341576
2025-12-17,109.98999786376953,111.7699966430664,109.45999908447266,110.12999725341797,48571973
2025-12-18,109.87999725341797,110.58000183105469,109.7699966430664,110.05000305175781,26801568
2025-12-19,109.81999969482422,110.08999633789062,109.31999969482422,109.79000091552734,25353023
2025-12-22,111.38999938964844,111.55000305175781,110.33999633789062,110.69999694824219,66926289
2025-12-23,113.0999984741211,113.73999786376953,112.5199966430664,112.5199966430664,45892148
2025-12-24,113.20999908447266,115.0,112.98999786376953,113.48999786376953,47649347
2025-12-26,114.30999755859375,114.4800033569336,113.37000274658203,113.37000274658203,46010219
2025-12-29,113.02999877929688,115.44999694824219,112.0,115.44000244140625,73386481
2025-12-30,111.16999816894531,117.0,110.0999984741211,111.77999877929688,55356981
2025-12-31,110.11000061035156,111.4800033569336,109.75,111.16999816894531,40043851
2026-01-01,110.5199966430664,110.6500015258789,109.69999694824219,110.3499984741211,24308237
2026-01-02,111.81999969482422,111.9800033569336,110.91999816894531,111.62000274658203,37641644
2026-01-05,112.91999816894531,113.19999694824219,111.83999633789062,112.16000366210938,50850027
2026-01-06,113.13999938964844,113.70999908447266,113.01000213623047,113.62000274658203,45693265
2026-01-07,112.91000366210938,113.98999786376953,112.45999908447266,113.51000213623047,39011859
2026-01-08,112.29000091552734,112.95999908447266,111.41999816894531,112.7300033569336,37515879
2026-01-09,113.61000061035156,113.87999725341797,112.61000061035156,113.26000213623047,39284191
2026-01-12,116.76000213623047,117.0,114.80999755859375,115.69999694824219,70988427
2026-01-13,116.37000274658203,117.13999938964844,116.0,116.9800033569336,59657307
2026-01-14,118.01000213623047,118.48999786376953,116.36000061035156,117.83000183105469,77320821
2026-01-15,118.01000213623047,118.01000213623047,118.01000213623047,118.01000213623047,0
2026-01-16,117.77999877929688,118.4000015258789,117.04000091552734,117.79000091552734,65356923
2026-01-19,121.0999984741211,122.9000015258789,118.55999755859375,119.1500015258789,91475080
2026-01-20,125.86000061035156,126.9000015258789,120.19999694824219,121.98999786376953,171440092
2026-01-21,134.97000122070312,135.89999389648438,127.0,127.0,248755481
2026-01-22,124.33999633789062,131.83999633789062,119.0,131.44000244140625,233048051
2026-01-23,127.41999816894531,132.47999572753906,126.0,129.10000610351562,141941218
2026-01-27,131.4499969482422,134.0,129.02999877929688,130.5500030517578,139657546
2026-01-28,135.82000732421875,137.10000610351562,132.0,132.0,184193702
2026-01-29,146.52999877929688,148.13999938964844,141.63999938964844,143.0,271824296
2026-01-30,131.1199951171875,142.8000030517578,127.0999984741211,138.6999969482422,352204561
2026-02-02,118.66999816894531,122.0,112.0999984741211,121.98999786376953,279790835
2026-02-03,125.19999694824219,126.80000305175781,120.0,120.0999984741211,219625720
2026-02-04,129.60000610351562,132.0,128.10000610351562,128.25,159221122
2026-02-05,125.22000122070312,126.19000244140625,121.61000061035156,125.87999725341797,128187910
2026-02-06,125.04000091552734,125.58000183105469,121.55000305175781,123.88999938964844,95408028
2026-02-09,127.9800033569336,129.89999389648438,127.4000015258789,129.10000610351562,90368722
2026-02-10,128.33999633789062,128.44000244140625,127.68000030517578,127.9800033569336,48442393
2026-02-11,128.6999969482422,130.0,127.9000015258789,128.33999633789062,39299287
2026-02-12,128.52000427246094,129.27000427246094,128.10000610351562,129.0,42181114
2026-02-13,126.0999984741211,126.77999877929688,124.0,126.5,56101521
2026-02-16,126.91999816894531,127.08000183105469,125.81999969482422,127.08000183105469,47510656
2026-02-17,124.58000183105469,126.19000244140625,123.38999938964844,126.0,56084677
2026-02-18,124.63999938964844,125.37999725341797,124.20999908447266,124.20999908447266,38119799
2026-02-19,127.08999633789062,128.0,126.11000061035156,126.11000061035156,66724126
2026-02-20,127.54000091552734,127.69999694824219,123.91000366210938,126.87999725341797,38275525
2026-02-23,130.0,132.0,129.3000030517578,130.72000122070312,56313912
2026-02-24,131.22000122070312,134.0,130.11000061035156,130.11000061035156,48385152
2026-02-25,131.69000244140625,132.0,130.63999938964844,131.10000610351562,44906554
2026-02-26,130.47999572753906,133.7899932861328,130.0,132.69000244140625,40839441
2026-02-27,131.60000610351562,131.8000030517578,130.64999389648438,130.6999969482422,43704178
2026-03-02,138.32000732421875,142.0,135.22999572753906,140.10000610351562,177836182
2026-03-04,133.9600067138672,135.3000030517578,104.72000122070312,134.39999389648438,104088677
2026-03-05,132.24000549316406,137.3000030517578,131.25,136.0,65008653
2026-03-06,130.82000732421875,132.30999755859375,130.61000061035156,132.30999755859375,45371780
2026-03-09,131.35000610351562,132.17999267578125,125.86000061035156,129.88999938964844,69277274
2026-03-10,132.1999969482422,132.77999877929688,131.50999450683594,131.50999450683594,37242470
2026-03-11,132.7100067138672,133.44000244140625,132.3300018310547,133.42999267578125,32157892
2026-03-12,132.42999267578125,132.64999389648438,131.5399932861328,131.89999389648438,30302165
2026-03-13,130.32000732421875,131.3800048828125,129.8699951171875,131.3800048828125,37192341
2026-03-16,127.22000122070312,128.8699951171875,126.86000061035156,128.0,56788314
2026-03-17,128.22000122070312,129.0800018310547,127.81999969482422,127.81999969482422,28319680
2026-03-18,127.91000366210938,128.07000732421875,127.11000061035156,127.87999725341797,27955998
2026-03-19,121.31999969482422,125.87999725341797,120.7300033569336,125.87999725341797,101167992
2026-03-20,121.05999755859375,122.66999816894531,120.05000305175781,122.66999816894531,68506513
2026-03-23,110.72000122070312,117.0,107.12999725341797,116.63999938964844,227283756
2026-03-24,115.48999786376953,116.58999633789062,111.62000274658203,111.62000274658203,102922002
2026-03-25,119.29000091552734,119.87999725341797,118.37000274658203,118.37000274658203,65241148
2026-03-27,117.52999877929688,118.86000061035156,116.5199966430664,118.33999633789062,58866050
2026-03-30,121.19000244140625,121.80000305175781,117.91999816894531,120.43000030517578,72514040
2026-04-01,123.37000274658203,125.62000274658203,123.0199966430664,125.62000274658203,59364793
2026-04-02,120.58000183105469,123.30000305175781,119.0,123.12999725341797,58520148
2026-04-06,122.80999755859375,123.01000213623047,120.31999969482422,120.88999938964844,42281672
2026-04-07,121.77999877929688,122.26000213623047,120.80000305175781,122.2300033569336,36328914
2026-04-08,124.38999938964844,125.68000030517578,123.75,125.18000030517578,55049335
2026-04-09,123.20999908447266,123.4800033569336,122.19999694824219,122.97000122070312,36306691
2026-04-10,123.48999786376953,124.37999725341797,122.87000274658203,123.5199966430664,32244475
2026-04-13,123.76000213623047,124.3499984741211,122.7300033569336,123.44000244140625,68466735
2026-04-15,125.05999755859375,126.0,124.88999938964844,125.75,53936360
2026-04-16,125.61000061035156,126.47000122070312,125.31999969482422,125.31999969482422,29443660
2026-04-17,124.80000305175781,125.26000213623047,124.2300033569336,125.26000213623047,40405056
2026-04-20,125.0,125.25,124.30999755859375,125.18000030517578,32823752
2026-04-21,125.22000122070312,125.7699966430664,124.94999694824219,125.0999984741211,21375197
2026-04-22,124.98999786376953,125.18000030517578,124.47000122070312,124.98999786376953,22336874
2026-04-23,124.08000183105469,124.5,123.76000213623047,124.2699966430664,23148344
2026-04-24,123.94000244140625,124.2300033569336,123.13999938964844,123.87000274658203,22028158
2026-04-27,124.25,125.9000015258789,124.12999725341797,124.80999755859375,16549661
2026-04-28,122.68000030517578,124.06999969482422,122.51000213623047,124.06999969482422,28116911
2026-04-29,121.58000183105469,122.80999755859375,121.4000015258789,122.66000366210938,22335957
2026-04-30,123.43000030517578,123.62000274658203,121.68000030517578,122.69999694824219,34788645
2026-05-01,123.43000030517578,123.43000030517578,123.43000030517578,123.43000030517578,0
2026-05-04,122.37999725341797,123.43000030517578,122.0999984741211,123.37999725341797,25301743
2026-05-05,122.16000366210938,122.25,121.4800033569336,121.4800033569336,18302221
2026-05-06,124.0199966430664,124.25,123.30999755859375,123.30999755859375,21326865
2026-05-07,124.47000122070312,125.19000244140625,124.0999984741211,124.47000122070312,23956362
2026-05-08,124.30999755859375,124.72000122070312,124.0,124.55000305175781,23188221
2026-05-11,123.2300033569336,124.16999816894531,123.02999877929688,124.16999816894531,28730298
2026-05-12,124.61000061035156,125.5,124.45999908447266,125.5,43573001
2026-05-13,131.74000549316406,134.39999389648438,129.42999267578125,131.10000610351562,103923323
2026-05-14,131.77999877929688,132.7899932861328,130.60000610351562,131.64999389648438,50086666
2026-05-15,129.41000366210938,135.07000732421875,128.9199981689453,135.07000732421875,42784279
2026-05-18,129.6999969482422,129.89999389648438,128.02999877929688,129.41000366210938,30877573
2026-05-19,130.63999938964844,130.89999389648438,130.02000427246094,130.67999267578125,30767769
2026-05-20,130.1999969482422,130.44000244140625,129.02000427246094,129.8800048828125,28146890
2026-05-21,130.74000549316406,132.8000030517578,130.25,132.8000030517578,18076252
2026-05-22,130.5,130.89999389648438,130.22000122070312,130.72999572753906,13684372
2026-05-25,130.50999450683594,131.2899932861328,130.02000427246094,130.5,19993051
2026-05-26,129.5800018310547,130.14999389648438,129.2100067138672,130.13999938964844,15190494
2026-05-27,129.0399932861328,129.77999877929688,128.9199981689453,129.02999877929688,16120254
2026-05-28,129.0399932861328,129.0399932861328,129.0399932861328,129.0399932861328,0
2026-05-29,128.64999389648438,129.38999938964844,126.80000305175781,129.0399932861328,18731585
2026-06-01,127.48999786376953,128.32000732421875,127.2300033569336,128.32000732421875,32346830
2026-06-02,128.6699981689453,128.89999389648438,126.91000366210938,126.91000366210938,19572407
2026-06-03,127.63999938964844,128.36000061035156,127.31999969482422,128.36000061035156,23675758
2026-06-04,128.5,130.8300018310547,127.6500015258789,130.8300018310547,14853246
2026-06-05,127.77999877929688,128.05999755859375,127.19000244140625,128.0399932861328,17561552
2026-06-08,124.16000366210938,125.06999969482422,123.61000061035156,124.9800033569336,41871866
2026-06-09,125.38999938964844,126.63999938964844,124.30000305175781,126.63999938964844,18409128
2026-06-10,121.1500015258789,122.6500015258789,120.9000015258789,121.95999908447266,46789693
2026-06-11,119.27999877929688,119.91999816894531,113.33000183105469,114.4000015258789,42321173
2026-06-12,121.91999816894531,122.16999816894531,120.6500015258789,121.20999908447266,24405140
2026-06-15,124.11000061035156,124.4800033569336,123.5199966430664,123.5199966430664,24031129
2026-06-16,124.13999938964844,124.62999725341797,123.11000061035156,124.13999938964844,13822966
2026-06-17,123.75,124.01000213623047,123.31999969482422,124.01000213623047,14080501
2026-06-18,122.12000274658203,124.18000030517578,121.69999694824219,123.75,20275168
2026-06-19,119.79000091552734,120.58000183105469,118.37000274658203,119.8499984741211,43571941
2026-06-22,121.12000274658203,121.19999694824219,119.52999877929688,120.23999786376953,22063093
2026-06-23,118.9000015258789,121.12000274658203,118.33000183105469,121.12000274658203,29551886
2026-06-24,117.55999755859375,118.9000015258789,116.01000213623047,118.9000015258789,29175055
2026-06-25,114.95999908447266,115.70999908447266,114.55000305175781,114.87999725341797,59740231
2026-06-26,114.95999908447266,114.95999908447266,114.95999908447266,114.95999908447266,0
2026-06-29,116.43000030517578,120.0,115.37000274658203,120.0,27746387
2026-06-30,115.97000122070312,116.9000015258789,114.25,116.9000015258789,31398275
2026-07-01,115.45999908447266,115.5999984741211,114.43000030517578,115.36000061035156,29075022
2026-07-02,117.69000244140625,118.33999633789062,116.86000061035156,118.33999633789062,19578444
2026-07-03,120.30999755859375,120.62999725341797,119.55000305175781,119.55000305175781,43247725
2026-07-06,119.51000213623047,123.0,119.30000305175781,123.0,25822672
2026-07-07,118.58000183105469,119.45999908447266,118.41000366210938,119.37000274658203,16727134
2026-07-08,116.95999908447266,118.88999938964844,116.76000213623047,118.55000305175781,21472968
2026-07-09,118.41999816894531,118.63999938964844,116.91999816894531,116.97000122070312,18641803
2026-07-10,118.13999938964844,119.36000061035156,117.91000366210938,118.41999816894531,14817060
2026-07-13,116.94999694824219,117.20999908447266,116.02999877929688,116.47000122070312,19867988
2026-07-14,115.9800033569336,116.4800033569336,115.26000213623047,116.4000015258789,20985804
2026-07-15,116.38999938964844,116.75,115.9800033569336,116.75,14714944
2026-07-16,116.47000122070312,116.97000122070312,116.0999984741211,116.38999938964844,15052163
2026-07-17,115.79000091552734,115.98999786376953,115.1500015258789,115.94999694824219,24160121
2026-07-20,116.83999633789062,116.94000244140625,116.02999877929688,116.02999877929688,13869503
2026-07-21,117.7300033569336,117.8499984741211,117.0199966430664,117.0199966430664,15013490
2026-07-22,119.13999938964844,119.44000244140625,118.80000305175781,119.18000030517578,19008828
2026-07-23,118.69000244140625,119.79000091552734,118.54000091552734,119.4800033569336,13642771
2026-07-24,117.91000366210938,119.87999725341797,116.75,118.69999694824219,25412327
2026-07-27,118.62000274658203,118.91000366210938,118.30999755859375,118.52999877929688,19438238
2026-07-28,116.83000183105469,117.4800033569336,116.5999984741211,117.4800033569336,12182667
2026-07-29,116.8499984741211,117.1500015258789,116.33000183105469,116.83000183105469,19147325
2026-07-30,117.37000274658203,117.55999755859375,116.70999908447266,116.8499984741211,18386079
2026-07-31,117.11000061035156,117.7699966430664,117.0,117.37000274658203,12123978
2026-08-03,117.26000213623047,117.45999908447266,116.91999816894531,117.19999694824219,19279545
2026-08-04,117.1500015258789,117.4800033569336,116.54000091552734,117.26000213623047,11644048
2026-08-05,119.38999938964844,119.75,118.05999755859375,118.05999755859375,27179534
2026-08-06,122.4800033569336,122.75,121.41000366210938,122.37000274658203,36636415
2026-08-07,123.4000015258789,123.61000061035156,121.66999816894531,122.23999786376953,27143156
2026-08-10,124.58000183105469,124.98999786376953,123.73999786376953,124.02999877929688,30250470
2026-08-11,125.5199966430664,126.7300033569336,125.0,126.66000366210938,30064670
2026-08-12,126.44999694824219,126.54000091552734,125.76000213623047,125.83000183105469,18273875
2026-08-13,125.4800033569336,126.58999633789062,124.9000015258789,126.04000091552734,24579205
2026-08-14,125.12999725341797,125.19999694824219,123.80999755859375,124.54000091552734,21344677
2026-08-17,126.41999816894531,126.76000213623047,125.87000274658203,125.87000274658203,23143007
2026-08-18,126.43000030517578,126.8499984741211,126.16999816894531,126.8499984741211,13766507
2026-08-19,125.7300033569336,125.9000015258789,125.0,125.62999725341797,16219822
2026-08-20,128.8800048828125,129.3699951171875,127.83000183105469,127.83000183105469,36486441
2026-08-21,131.32000732421875,131.92999267578125,129.82000732421875,130.13999938964844,46291317
2026-08-24,133.02000427246094,133.61000061035156,132.52999877929688,132.86000061035156,47032311
2026-08-25,132.77999877929688,133.4499969482422,132.27999877929688,133.02000427246094,39819108
2026-08-26,132.3699951171875,133.27000427246094,132.25,132.30999755859375,22841519
2026-08-27,130.0500030517578,131.49000549316406,128.14999389648438,131.24000549316406,43844954
2026-08-28,130.85000610351562,131.0800018310547,129.1300048828125,129.64999389648438,26501307
2026-08-31,127.31999969482422,127.79000091552734,126.08000183105469,127.79000091552734,48850744
2026-09-01,125.33999633789062,127.80000305175781,125.0199966430664,127.19000244140625,35522261
2026-09-02,123.5199966430664,124.29000091552734,122.75,123.47000122070312,36173459
2026-09-03,126.2300033569336,126.68000030517578,125.80000305175781,126.08000183105469,29706695
2026-09-04,127.16999816894531,127.72000122070312,126.77999877929688,126.8499984741211,20415178
2026-09-07,125.58000183105469,125.91999816894531,124.75,125.69999694824219,20788912
2026-09-08,125.83999633789062,126.69999694824219,125.29000091552734,126.0,19795291
2026-09-09,125.77999877929688,126.30999755859375,125.1500015258789,125.5,15054022
2026-09-10,126.19999694824219,126.93000030517578,126.05000305175781,126.41000366210938,15916449
2026-09-11,125.12000274658203,125.79000091552734,123.91000366210938,124.55000305175781,22473340
2026-09-14,125.12000274658203,125.12000274658203,125.12000274658203,125.12000274658203,0
2026-09-15,123.62000274658203,124.80000305175781,123.37999725341797,124.80000305175781,23136571
2026-09-16,124.91000366210938,125.05000305175781,124.43000030517578,124.5999984741211,13858810
2026-09-17,124.43000030517578,125.0,123.66999816894531,124.26000213623047,22769280
2026-09-18,126.4800033569336,126.94999694824219,125.47000122070312,125.51000213623047,28783409
2026-09-21,125.56999969482422,126.63999938964844,125.41000366210938,126.63999938964844,19462259
2026-09-22,125.0,125.56999969482422,124.27999877929688,125.55999755859375,21852347
2026-09-23,124.7300033569336,125.51000213623047,124.58999633789062,125.29000091552734,14210476
2026-09-24,123.43000030517578,124.27999877929688,123.22000122070312,124.0,20039975
2026-09-25,124.43000030517578,124.5,123.52999877929688,123.98999786376953,13701949
2026-09-28,121.16999816894531,122.69999694824219,120.72000122070312,122.69999694824219,32918395
2026-09-30,,,,,24806094
