Date,Close,High,Low,Open,Volume
2009-01-02,48.099998474121094,49.0,47.900001525878906,0.0,4917
2009-01-05,50.0,50.25,49.099998474121094,0.0,15531
2009-01-06,50.900001525878906,50.900001525878906,49.400001525878906,0.0,11223
2009-01-07,46.25,50.599998474121094,46.0,0.0,8893
2009-01-09,45.45000076293945,46.599998474121094,44.5,0.0,7997
2009-01-12,44.599998474121094,45.5,44.099998474121094,0.0,26846
2009-01-13,43.650001525878906,44.79999923706055,43.25,0.0,5094
2009-01-14,44.5,44.849998474121094,44.0,0.0,5513
2009-01-15,43.900001525878906,45.0,43.599998474121094,0.0,14328
2009-01-16,43.79999923706055,45.0,43.54999923706055,0.0,9008
2009-01-19,44.45000076293945,44.75,43.70000076293945,0.0,2980
2009-01-20,43.5,44.43000030517578,43.5,0.0,8035
2009-01-21,43.0,44.0,43.0,0.0,3712
2009-01-22,42.70000076293945,43.349998474121094,42.400001525878906,0.0,3365
2009-01-23,41.20000076293945,49.0,41.0,0.0,28217
2009-01-27,41.099998474121094,45.0,41.0,0.0,2569
2009-01-28,42.20000076293945,42.75,41.25,0.0,1307
2009-01-29,42.54999923706055,43.150001525878906,41.79999923706055,0.0,1190
2009-01-30,43.0,43.029998779296875,42.5,0.0,420
2009-02-02,42.349998474121094,43.47999954223633,42.349998474121094,0.0,4194
2009-02-03,42.25,42.45000076293945,41.400001525878906,0.0,1232
2009-02-04,42.0,42.54999923706055,41.599998474121094,0.0,741
2009-02-05,41.70000076293945,42.0,41.5,0.0,1103
2009-02-06,42.599998474121094,42.70000076293945,42.099998474121094,0.0,2264
2009-02-09,43.54999923706055,43.849998474121094,43.0,0.0,2446
2009-02-10,43.75,44.45000076293945,43.5,0.0,2995
2009-02-11,43.5,43.95000076293945,43.0,0.0,4714
2009-02-12,43.650001525878906,44.04999923706055,43.0,0.0,3089
2009-02-13,44.099998474121094,44.25,43.599998474121094,0.0,2553
2009-02-16,42.79999923706055,44.5,42.79999923706055,0.0,3939
2009-02-17,41.79999923706055,47.70000076293945,41.5,0.0,9002
2009-02-18,41.599998474121094,47.79999923706055,41.099998474121094,0.0,2384
2009-02-19,41.5,42.04999923706055,41.5,0.0,1486
2009-02-20,40.349998474121094,46.900001525878906,40.20000076293945,0.0,19830
2009-02-24,40.04999923706055,41.0,39.54999923706055,0.0,4723
2009-02-25,40.29999923706055,41.400001525878906,40.29999923706055,0.0,6265
2009-02-26,40.79999923706055,40.900001525878906,33.0,0.0,28398
2009-02-27,40.400001525878906,41.0,40.400001525878906,0.0,900
2009-03-02,39.70000076293945,40.400001525878906,39.70000076293945,0.0,7312
2009-03-03,39.20000076293945,40.20000076293945,39.0,0.0,15906
2009-03-04,39.0,39.5,39.0,0.0,2879
2009-03-05,37.599998474121094,42.400001525878906,37.599998474121094,0.0,19018
2009-03-06,38.099998474121094,38.099998474121094,37.0,0.0,6257
2009-03-09,37.119998931884766,37.900001525878906,37.04999923706055,0.0,3729
2009-03-12,37.70000076293945,37.79999923706055,37.099998474121094,0.0,7872
2009-03-13,39.0,41.0,38.150001525878906,0.0,4538
2009-03-16,40.0,40.5,39.0,0.0,6150
2009-03-17,40.29999923706055,40.70000076293945,39.5,0.0,2815
2009-03-18,40.45000076293945,41.400001525878906,40.29999923706055,0.0,9464
2009-03-19,40.70000076293945,41.04999923706055,40.5,0.0,973
2009-03-20,40.79999923706055,41.0,40.5,0.0,2065
2009-03-23,41.5,42.0,40.79999923706055,0.0,23028
2009-03-24,41.5,43.0,41.5,0.0,59834
2009-03-25,42.150001525878906,42.400001525878906,41.5,0.0,11665
2009-03-26,43.400001525878906,43.95000076293945,43.20000076293945,0.0,15294
2009-03-27,44.45000076293945,44.849998474121094,43.900001525878906,0.0,6151
2009-03-30,43.70000076293945,44.20000076293945,43.0,0.0,5602
2009-03-31,44.45000076293945,44.45000076293945,42.849998474121094,0.0,6112
2009-04-01,44.650001525878906,45.0,44.5,0.0,13820
2009-04-02,46.70000076293945,47.25,45.650001525878906,0.0,10290
2009-04-06,47.25,48.400001525878906,47.0,0.0,6600
2009-04-08,49.349998474121094,50.0,46.349998474121094,0.0,13692
2009-04-09,50.099998474121094,50.650001525878906,48.54999923706055,0.0,12386
2009-04-13,51.5,52.0,50.5,0.0,13157
2009-04-15,54.0,54.0,50.20000076293945,0.0,20744
2009-04-16,51.5,54.79999923706055,48.099998474121094,0.0,14009
2009-04-17,51.599998474121094,55.900001525878906,51.349998474121094,0.0,13489
2009-04-20,53.75,54.20000076293945,52.70000076293945,0.0,4971
2009-04-21,53.25,53.5,52.0,0.0,4040
2009-04-22,52.5,54.349998474121094,52.0,0.0,2528
2009-04-23,54.0,54.0,51.29999923706055,0.0,3009
2009-04-24,55.0,55.25,54.0,0.0,2408
2009-04-27,54.04999923706055,56.0,51.20000076293945,0.0,4468
2009-04-28,52.150001525878906,55.20000076293945,52.0,0.0,7897
2009-04-29,54.2400016784668,54.2400016784668,52.599998474121094,0.0,47375
2009-05-04,55.849998474121094,56.099998474121094,54.900001525878906,0.0,23326
2009-05-05,56.5,57.349998474121094,55.79999923706055,0.0,17146
2009-05-06,55.75,57.5,55.25,0.0,5343
2009-05-07,56.75,57.0,56.099998474121094,0.0,2124
2009-05-08,56.599998474121094,57.650001525878906,55.599998474121094,0.0,2426
2009-05-11,55.95000076293945,60.0,55.349998474121094,0.0,13258
2009-05-12,56.70000076293945,57.29999923706055,55.29999923706055,0.0,4580
2009-05-13,53.5,58.0,53.5,0.0,3541
2009-05-14,57.5,58.0,54.0,0.0,10233
2009-05-15,58.79999923706055,60.0,58.099998474121094,0.0,7321
2009-05-18,58.79999923706055,58.79999923706055,58.79999923706055,0.0,0
2009-05-19,70.43000030517578,70.43000030517578,57.0,0.0,257830
2009-05-20,77.0,77.80000305175781,70.0,0.0,1037655
2009-05-21,71.75,78.0,70.0,0.0,121489
2009-05-22,72.94999694824219,72.94999694824219,70.19999694824219,0.0,7128
2009-05-25,73.0999984741211,76.80000305175781,72.94999694824219,0.0,244780
2009-05-26,72.1500015258789,75.5999984741211,71.55000305175781,0.0,166059
2009-05-27,74.69999694824219,75.29000091552734,73.25,0.0,41707
2009-05-28,75.0,76.0,74.12000274658203,0.0,37905
2009-05-29,76.5,77.80000305175781,74.80000305175781,0.0,52047
2009-06-01,78.0,79.80000305175781,76.5999984741211,0.0,51895
2009-06-02,77.0,79.5,76.5,0.0,14130
2009-06-03,78.0,82.0,77.9000015258789,0.0,180171
2009-06-04,80.94999694824219,81.0,77.5,0.0,128865
2009-06-05,80.9000015258789,83.9000015258789,80.0,0.0,60843
2009-06-08,76.4000015258789,81.5999984741211,72.80000305175781,0.0,63239
2009-06-09,78.75,79.0,74.41999816894531,0.0,53135
2009-06-10,81.5999984741211,82.4800033569336,79.75,0.0,104080
2009-06-11,81.44999694824219,81.80000305175781,78.0999984741211,0.0,40401
2009-06-12,80.3499984741211,83.9000015258789,80.1500015258789,0.0,33090
2009-06-15,80.94999694824219,84.0,77.25,0.0,143986
2009-06-16,83.0,83.0,78.5,0.0,12725
2009-06-17,78.22899627685547,78.22899627685547,78.22899627685547,78.22899627685547,0
2009-06-18,77.4000015258789,79.5999984741211,75.69999694824219,0.0,89933
2009-06-19,78.9000015258789,78.9000015258789,74.0,0.0,6760
2009-06-22,78.0,79.9000015258789,77.0,0.0,27796
2009-06-23,77.69999694824219,77.8499984741211,75.0,0.0,138515
2009-06-24,79.80000305175781,79.9000015258789,78.0,0.0,6957
2009-06-25,78.5,81.0,78.5,0.0,22188
2009-06-26,81.44999694824219,82.0,79.66000366210938,0.0,22533
2009-06-29,83.0999984741211,83.0999984741211,80.75,0.0,37287
2009-06-30,79.80000305175781,82.8499984741211,79.69999694824219,0.0,35712
2009-07-01,80.0199966430664,80.5,78.02999877929688,0.0,67176
2009-07-02,80.4000015258789,81.19999694824219,79.11000061035156,0.0,4200
2009-07-03,82.0,82.0,79.16999816894531,0.0,144585
2009-07-06,78.5,82.80000305175781,76.0,0.0,159245
2009-07-07,78.0999984741211,81.80000305175781,76.22000122070312,0.0,73774
2009-07-08,74.0999984741211,79.69000244140625,73.5,0.0,96147
2009-07-09,74.16000366210938,75.30000305175781,73.0,0.0,20688
2009-07-10,72.9000015258789,75.30000305175781,72.25,0.0,13675
2009-07-13,71.30000305175781,73.30000305175781,68.8499984741211,0.0,120206
2009-07-14,74.30000305175781,74.5999984741211,71.80000305175781,0.0,38628
2009-07-15,76.8499984741211,77.0,75.05000305175781,0.0,15644
2009-07-16,77.5999984741211,79.80000305175781,77.0,0.0,30379
2009-07-17,78.30000305175781,78.9800033569336,77.36000061035156,0.0,41376
2009-07-20,81.19999694824219,81.44999694824219,78.69999694824219,0.0,25442
2009-07-21,80.5,81.87000274658203,80.0999984741211,0.0,44668
2009-07-22,81.79000091552734,82.25,80.0,0.0,121090
2009-07-23,81.9000015258789,81.9000015258789,80.51000213623047,0.0,53794
2009-07-24,82.79000091552734,83.0999984741211,81.5,0.0,3939
2009-07-27,83.0,84.4000015258789,82.30000305175781,0.0,55362
2009-07-28,84.25,84.25,83.05000305175781,0.0,6196
2009-07-29,83.19999694824219,84.5,81.0,0.0,8319
2009-07-30,83.6500015258789,84.25,81.8499984741211,0.0,24161
2009-07-31,85.5999984741211,86.0,83.0999984741211,0.0,60028
2009-08-03,87.5,88.0,84.5999984741211,0.0,40369
2009-08-04,85.5999984741211,87.80000305175781,85.0999984741211,0.0,39208
2009-08-05,86.80999755859375,88.55000305175781,85.0,0.0,13911
2009-08-06,85.19999694824219,87.5999984741211,84.5,0.0,25130
2009-08-07,83.0,85.0,82.75,0.0,49182
2009-08-10,81.9000015258789,84.5,81.0,0.0,12759
2009-08-11,81.4000015258789,83.0,81.0,0.0,32575
2009-08-12,81.93000030517578,81.9800033569336,80.0,0.0,9267
2009-08-13,84.9000015258789,85.0,82.4000015258789,0.0,6358
2009-08-14,85.19999694824219,86.0,82.05000305175781,0.0,6644
2009-08-17,81.5999984741211,85.0,81.5,0.0,47435
2009-08-18,82.95770263671875,82.95770263671875,82.95770263671875,82.95770263671875,0
2009-08-19,81.31770324707031,81.31770324707031,81.31770324707031,81.31770324707031,0
2009-08-20,81.99120330810547,81.99120330810547,81.99120330810547,81.99120330810547,0
2009-08-21,82.63990020751953,82.63990020751953,82.63990020751953,82.63990020751953,0
2009-08-24,84.1500015258789,86.0,82.72000122070312,0.0,89160
2009-08-25,84.5,85.5,83.25,0.0,41748
2009-08-26,86.0,86.0,84.80000305175781,0.0,30595
2009-08-27,85.5999984741211,86.0,85.0199966430664,0.0,23810
2009-08-28,87.5,87.5,84.87000274658203,0.0,112360
2009-08-31,86.0,86.4000015258789,85.0199966430664,0.0,57146
2009-09-01,84.55000305175781,87.30000305175781,84.5,0.0,116289
2009-09-02,84.69999694824219,85.54000091552734,84.0,0.0,3376
2009-09-03,85.04000091552734,85.5,83.5,0.0,67752
2009-09-04,84.62999725341797,85.69999694824219,83.5999984741211,0.0,3682
2009-09-07,86.80000305175781,87.5999984741211,85.91999816894531,0.0,11436
2009-09-08,88.1500015258789,88.44999694824219,86.4000015258789,0.0,68091
2009-09-09,88.0,88.0999984741211,87.0,0.0,55969
2009-09-10,87.9000015258789,89.0,87.5,0.0,34193
2009-09-11,87.5,88.5,86.55000305175781,0.0,49140
2009-09-14,87.37999725341797,87.69999694824219,86.0,0.0,5225
2009-09-15,89.05000305175781,89.4000015258789,87.22000122070312,0.0,16396
2009-09-16,90.0,91.19999694824219,88.19999694824219,0.0,7398
2009-09-17,91.4000015258789,92.0,89.5,0.0,44978
2009-09-18,91.19999694824219,91.94999694824219,89.0,0.0,21983
2009-09-22,91.44999694824219,93.0,91.44999694824219,0.0,17313
2009-09-23,90.98999786376953,92.9800033569336,90.5,0.0,6587
2009-09-24,92.5,93.44999694824219,87.25,0.0,51767
2009-09-25,92.3499984741211,93.19999694824219,91.87000274658203,0.0,2097
2009-09-29,93.30000305175781,93.9000015258789,89.25,0.0,5615
2009-09-30,93.01000213623047,94.5,92.70999908447266,0.0,8541
2009-10-01,93.0999984741211,94.58999633789062,93.0,0.0,29192
2009-10-05,92.5999984741211,94.44999694824219,92.0999984741211,0.0,46730
2009-10-06,91.94999694824219,92.5,90.19999694824219,0.0,66770
2009-10-07,93.58999633789062,95.0,93.0,0.0,35323
2009-10-08,94.76000213623047,95.0,93.3499984741211,0.0,6132
2009-10-09,94.80000305175781,95.55000305175781,93.51000213623047,0.0,10011
2009-10-12,95.0999984741211,96.37999725341797,93.69999694824219,0.0,12854
2009-10-13,95.94139862060547,95.94139862060547,95.94139862060547,95.94139862060547,0
2009-10-14,96.69999694824219,98.0,95.9000015258789,0.0,26156
2009-10-15,98.5999984741211,99.80000305175781,98.0199966430664,0.0,15335
2009-10-16,100.0,102.0,98.5999984741211,0.0,50247
2009-10-20,100.80000305175781,102.0,99.9000015258789,0.0,9399
2009-10-21,98.8499984741211,100.41999816894531,98.0,0.0,4885
2009-10-22,98.9800033569336,99.0,96.38999938964844,0.0,34693
2009-10-23,98.30000305175781,99.97000122070312,97.5,0.0,9908
2009-10-26,97.1500015258789,98.69999694824219,97.0,0.0,23792
2009-10-27,93.0,96.0,90.0,0.0,82630
2009-10-28,93.98999786376953,94.5,91.25,0.0,25381
2009-10-29,92.0,94.87000274658203,91.1500015258789,0.0,57378
2009-10-30,92.25,95.0999984741211,91.25,0.0,74733
2009-11-03,90.0,94.0,89.0,0.0,274003
2009-11-04,91.3499984741211,92.69999694824219,90.1500015258789,0.0,94496
2009-11-05,94.5999984741211,94.5999984741211,92.05000305175781,0.0,88097
2009-11-06,95.0999984741211,96.98999786376953,95.0,0.0,75938
2009-11-09,98.4800033569336,98.5,95.69999694824219,0.0,58435
2009-11-10,98.30000305175781,99.5999984741211,97.0,0.0,10287
2009-11-11,99.88999938964844,99.94999694824219,97.26000213623047,0.0,7269
2009-11-12,99.0999984741211,100.3499984741211,98.19999694824219,0.0,113634
2009-11-13,99.5,99.94999694824219,97.51000213623047,0.0,11609
2009-11-16,100.80000305175781,101.19999694824219,99.4000015258789,0.0,106283
2009-11-17,99.80000305175781,101.0999984741211,99.25,0.0,61897
2009-11-18,100.5,100.87000274658203,99.5,0.0,6863
2009-11-19,100.48999786376953,102.0,98.80000305175781,0.0,980641
2009-11-20,100.9000015258789,100.9000015258789,97.44999694824219,0.0,37607
2009-11-23,100.0999984741211,101.0,99.5,0.0,66706
2009-11-24,98.80000305175781,101.8499984741211,98.80000305175781,0.0,24329
2009-11-25,100.0,101.30000305175781,99.12000274658203,0.0,6012
2009-11-26,99.5999984741211,100.69999694824219,99.01000213623047,0.0,12578
2009-11-27,97.25,99.79000091552734,95.5,0.0,192989
2009-11-30,99.0,100.0,98.2699966430664,0.0,6793
2009-12-01,100.45999908447266,101.5,99.0999984741211,0.0,84853
2009-12-02,100.80000305175781,102.98999786376953,100.80000305175781,0.0,67140
2009-12-03,103.5999984741211,103.95999908447266,101.5999984741211,0.0,41649
2009-12-04,103.08999633789062,103.80000305175781,101.5,0.0,7536
2009-12-07,101.80000305175781,103.0,101.25,0.0,33293
2009-12-08,102.3499984741211,102.69999694824219,101.01000213623047,0.0,4106
2009-12-09,102.0,103.38999938964844,102.0,0.0,2466
2009-12-10,103.30000305175781,103.4000015258789,102.0,0.0,2903
2009-12-11,102.4000015258789,104.25,100.80000305175781,0.0,98089
2009-12-14,101.0,102.58999633789062,100.5999984741211,0.0,88399
2009-12-15,100.80000305175781,102.95999908447266,99.30000305175781,0.0,52310
2009-12-16,101.3499984741211,101.3499984741211,99.41000366210938,0.0,8727
2009-12-17,100.41000366210938,101.5,100.11000061035156,0.0,5920
2009-12-18,101.0,102.27999877929688,99.69999694824219,0.0,13313
2009-12-21,100.87999725341797,101.12000274658203,99.5999984741211,0.0,3484
2009-12-22,101.80000305175781,102.19999694824219,100.30000305175781,0.0,23263
2009-12-23,102.9000015258789,103.0,101.18000030517578,0.0,9720
2009-12-24,103.69000244140625,104.0,102.30000305175781,0.0,3803
2009-12-29,103.5,106.9000015258789,103.0,0.0,51208
2009-12-30,104.19999694824219,104.30000305175781,102.5,0.0,3219
2009-12-31,103.05000305175781,105.19999694824219,103.01000213623047,0.0,12476
2010-01-04,105.8499984741211,105.8499984741211,104.0,0.0,50898
2010-01-05,106.55000305175781,106.97000122070312,106.0,0.0,15689
2010-01-06,108.1500015258789,108.9800033569336,106.5,0.0,16603
2010-01-07,107.3499984741211,108.29000091552734,106.77999877929688,0.0,48557
2010-01-08,105.55000305175781,107.9000015258789,105.5,0.0,5116
2010-01-11,107.3499984741211,108.4000015258789,107.0,0.0,23449
2010-01-12,107.0,108.5,106.0199966430664,0.0,12592
2010-01-13,107.69999694824219,107.69999694824219,104.51000213623047,0.0,9137
2010-01-14,108.44999694824219,108.44999694824219,106.5,0.0,13970
2010-01-15,108.19999694824219,109.0,107.4000015258789,0.0,62780
2010-01-18,109.44999694824219,109.5,106.5,0.0,22104
2010-01-19,106.9354019165039,106.9354019165039,106.9354019165039,106.9354019165039,0
2010-01-20,106.8604965209961,106.8604965209961,106.8604965209961,106.8604965209961,0
2010-01-21,104.19490051269531,104.19490051269531,104.19490051269531,104.19490051269531,0
2010-01-22,103.35299682617188,103.35299682617188,103.35299682617188,103.35299682617188,0
2010-01-25,101.52130126953125,101.52130126953125,101.52130126953125,101.52130126953125,0
2010-01-27,97.86399841308594,97.86399841308594,97.86399841308594,97.86399841308594,0
2010-01-28,98.89869689941406,98.89869689941406,98.89869689941406,98.89869689941406,0
2010-01-29,99.69409942626953,99.69409942626953,99.69409942626953,99.69409942626953,0
2010-02-01,101.35009765625,101.35009765625,101.35009765625,101.35009765625,0
2010-02-02,100.256103515625,100.256103515625,100.256103515625,100.256103515625,0
2010-02-03,102.38169860839844,102.38169860839844,102.38169860839844,102.38169860839844,0
2010-02-04,100.45600128173828,100.45600128173828,100.45600128173828,100.45600128173828,0
2010-02-05,98.83000183105469,103.0,98.0,103.0,375816
2010-02-08,100.36000061035156,106.0,98.55999755859375,106.0,267565
2010-02-09,100.51000213623047,101.0,99.5,100.30000305175781,30292
2010-02-10,99.9000015258789,101.44999694824219,99.5,101.25,25063
2010-02-11,100.52999877929688,101.69999694824219,100.0,101.0,33350
2010-02-15,100.79000091552734,101.80000305175781,100.52999877929688,100.52999877929688,42140
2010-02-16,101.04000091552734,101.43000030517578,100.05000305175781,101.0,11892
2010-02-17,101.80999755859375,102.87999725341797,100.75,102.0,17638
2010-02-18,100.94000244140625,102.9000015258789,100.80000305175781,102.9000015258789,6203
2010-02-19,100.62999725341797,103.0,100.0199966430664,100.80000305175781,7164
2010-02-22,99.8499984741211,101.5,99.5999984741211,100.1500015258789,24073
2010-02-23,99.6500015258789,100.44999694824219,99.0,99.75,6102
2010-02-24,99.48999786376953,99.8499984741211,98.5,99.19999694824219,25053
2010-02-25,99.23999786376953,103.97000122070312,99.0,99.0,13465
2010-02-26,100.98999786376953,102.0,99.52999877929688,101.0,92125
2010-03-02,102.69999694824219,103.44999694824219,99.4000015258789,100.80000305175781,131724
2010-03-03,105.37000274658203,105.5,103.01000213623047,103.9000015258789,29178
2010-03-04,106.0,106.33999633789062,104.1500015258789,105.5,56018
2010-03-05,106.88999938964844,106.9800033569336,106.0,106.9000015258789,13330
2010-03-08,107.38999938964844,107.9000015258789,106.0,107.25,161343
2010-03-09,106.4000015258789,107.5,106.19999694824219,107.5,89365
2010-03-10,105.37999725341797,107.0,105.04000091552734,106.5,135553
2010-03-11,105.45999908447266,107.0,105.0,107.0,56769
2010-03-12,105.5199966430664,106.05000305175781,104.3499984741211,106.0,57217
2010-03-15,104.94999694824219,105.4000015258789,104.06999969482422,105.30000305175781,16015
2010-03-16,105.58999633789062,105.80000305175781,103.75,105.0,15016
2010-03-17,105.36000061035156,107.0,105.30000305175781,106.0,55503
2010-03-18,105.94000244140625,106.30000305175781,104.5999984741211,106.30000305175781,9603
2010-03-19,106.44999694824219,106.98999786376953,105.20999908447266,106.5,228246
2010-03-22,105.58000183105469,106.6500015258789,103.9000015258789,105.5,1090119
2010-03-23,105.5199966430664,106.5,105.5,106.5,31484
2010-03-25,106.05000305175781,106.23999786376953,104.88999938964844,106.0,74947
2010-03-26,107.18000030517578,107.3499984741211,105.51000213623047,106.44999694824219,12703
2010-03-29,106.87999725341797,108.05000305175781,106.4000015258789,107.5,61617
2010-03-30,107.54000091552734,108.30000305175781,106.9800033569336,108.19999694824219,16577
2010-03-31,108.19000244140625,108.5,106.69999694824219,108.4000015258789,39939
2010-04-01,108.6500015258789,108.87999725341797,108.0,108.5999984741211,76060
2010-04-05,109.98999786376953,111.69999694824219,108.0,109.5,58057
2010-04-06,110.37999725341797,111.0,109.75,111.0,23789
2010-04-07,110.9800033569336,111.75,110.0,111.0,78837
2010-04-08,110.26000213623047,111.23999786376953,109.69999694824219,110.80000305175781,2002418
2010-04-09,110.68000030517578,111.0,110.25,110.69999694824219,12232
2010-04-12,109.86000061035156,111.0,109.5,110.69999694824219,73085
2010-04-13,109.94999694824219,110.25,109.5999984741211,110.0,99628
2010-04-15,109.44000244140625,110.98999786376953,108.5999984741211,110.5999984741211,64391
2010-04-16,108.97000122070312,109.5,107.76000213623047,109.5,12642
2010-04-19,107.70999908447266,108.8499984741211,106.5,108.8499984741211,1112039
2010-04-20,108.01000213623047,109.19000244140625,107.36000061035156,108.4000015258789,264508
2010-04-21,108.30999755859375,109.5,108.16000366210938,109.48999786376953,12621
2010-04-22,109.45999908447266,110.29000091552734,108.18000030517578,109.4800033569336,9041
2010-04-23,110.19999694824219,110.5,109.01000213623047,109.9800033569336,1005726
2010-04-26,110.05999755859375,111.79000091552734,110.0,110.9000015258789,333069
2010-04-27,110.19999694824219,110.88999938964844,109.29000091552734,110.5,912673
2010-04-28,108.5999984741211,109.93000030517578,107.1500015258789,108.6500015258789,69109
2010-04-29,109.58000183105469,110.0,108.66000366210938,109.5,51630
2010-04-30,111.0999984741211,111.30000305175781,109.66000366210938,110.0,924196
2010-05-03,110.94999694824219,115.0,110.0,115.0,47376
2010-05-04,108.98999786376953,114.0,108.5999984741211,114.0,94515
2010-05-05,109.79000091552734,110.0,106.94999694824219,110.0,178145
2010-05-06,108.47000122070312,112.0,107.75,112.0,71042
2010-05-07,106.61000061035156,107.98999786376953,105.80000305175781,106.0,215057
2010-05-10,109.06999969482422,112.0,107.2300033569336,112.0,45340
2010-05-11,107.93000030517578,109.6500015258789,107.0,109.5,9430
2010-05-12,107.61000061035156,108.88999938964844,107.1500015258789,108.69999694824219,7310
2010-05-13,110.62999725341797,110.75,108.51000213623047,108.5199966430664,38323
2010-05-14,109.2699966430664,110.75,108.9000015258789,110.75,35370
2010-05-17,109.30000305175781,109.80000305175781,106.22000122070312,109.0,127211
2010-05-18,108.37000274658203,109.80000305175781,107.75,108.0,17352
2010-05-19,106.30000305175781,108.58999633789062,106.0999984741211,107.0,68490
2010-05-20,106.56999969482422,108.5,105.19999694824219,108.5,69645
2010-05-21,103.88999938964844,105.5,103.0,105.05000305175781,667546
2010-05-24,104.87999725341797,107.0999984741211,104.05999755859375,104.05999755859375,37647
2010-05-25,101.94000244140625,104.75,101.4000015258789,104.5,95549
2010-05-26,103.77999877929688,104.0,102.0,102.0,37808
2010-05-27,104.54000091552734,104.9000015258789,102.51000213623047,103.0,78191
2010-05-28,106.02999877929688,106.9000015258789,104.66000366210938,104.69999694824219,41887
2010-05-31,107.43000030517578,110.0,106.0999984741211,107.9000015258789,9340
2010-06-01,105.55999755859375,108.44999694824219,105.4000015258789,108.29000091552734,9159
2010-06-02,106.5,107.30000305175781,104.9000015258789,106.0,66594
2010-06-03,108.18000030517578,108.4800033569336,107.29000091552734,107.5,18331
2010-06-04,109.44999694824219,109.5999984741211,107.4000015258789,109.0,8335
2010-06-07,107.91999816894531,109.44999694824219,105.20999908447266,109.44999694824219,87720
2010-06-08,106.95999908447266,109.05000305175781,106.8499984741211,108.30000305175781,35460
2010-06-09,107.98999786376953,108.30000305175781,107.05999755859375,107.5999984741211,6457
2010-06-10,109.19999694824219,109.69999694824219,107.75,108.58999633789062,9515
2010-06-11,108.08000183105469,110.0,107.5,107.5,18521
2010-06-14,108.30999755859375,109.73999786376953,102.75,108.01000213623047,57321
2010-06-15,109.47000122070312,109.97000122070312,108.20999908447266,109.97000122070312,60362
2010-06-16,109.29000091552734,110.87999725341797,108.19999694824219,109.69999694824219,22094
2010-06-17,110.05000305175781,111.19999694824219,109.18000030517578,110.5999984741211,31976
2010-06-18,108.87999725341797,111.4000015258789,108.69999694824219,111.4000015258789,291135
2010-06-21,110.68000030517578,111.25,110.0,110.0,56506
2010-06-22,110.08000183105469,111.9800033569336,109.94999694824219,111.9800033569336,18802
2010-06-23,110.80999755859375,111.3499984741211,109.70999908447266,110.0,27519
2010-06-24,111.13999938964844,112.66999816894531,110.8499984741211,111.0,5947
2010-06-25,111.87999725341797,112.6500015258789,110.69999694824219,111.4000015258789,116129
2010-06-28,112.25,112.9800033569336,111.5999984741211,112.25,10543
2010-06-29,113.1500015258789,115.0,111.55000305175781,113.9000015258789,27557
2010-06-30,113.27999877929688,113.9800033569336,112.19999694824219,112.19999694824219,84389
2010-07-01,113.2699966430664,113.3499984741211,111.12999725341797,113.0,54248
2010-07-02,113.5999984741211,115.0,112.52999877929688,114.87999725341797,22912
2010-07-05,112.80999755859375,115.0,112.0,113.0999984741211,21201
2010-07-06,113.69000244140625,113.9800033569336,112.30000305175781,113.0,121714
2010-07-07,112.94000244140625,113.9000015258789,112.5999984741211,113.9000015258789,54045
2010-07-08,114.04000091552734,114.63999938964844,113.25,114.5,24329
2010-07-09,114.55999755859375,115.0,113.80000305175781,114.04000091552734,39574
2010-07-12,113.97000122070312,115.4800033569336,113.41999816894531,114.5,12288
2010-07-13,115.0999984741211,115.19999694824219,114.0999984741211,115.0,18630
2010-07-14,114.52999877929688,115.05000305175781,114.05000305175781,115.0,34158
2010-07-15,114.98999786376953,115.0,114.05000305175781,115.0,19735
2010-07-16,114.97000122070312,115.30000305175781,114.05000305175781,115.0,13904
2010-07-19,115.0999984741211,115.98999786376953,114.4000015258789,114.4000015258789,93467
2010-07-20,115.12999725341797,116.66000366210938,114.5999984741211,116.62000274658203,128640
2010-07-21,116.08000183105469,116.5,115.2699966430664,116.5,9450
2010-07-22,116.0999984741211,116.66999816894531,115.18000030517578,116.66999816894531,32540
2010-07-23,116.19000244140625,116.19999694824219,115.6500015258789,116.19999694824219,36255
2010-07-26,114.62000274658203,116.30000305175781,114.36000061035156,116.30000305175781,53354
2010-07-27,116.0,116.25,114.76000213623047,116.0999984741211,41023
2010-07-28,116.18000030517578,116.69000244140625,115.0199966430664,115.0199966430664,11317
2010-07-29,115.98999786376953,116.58999633789062,115.0,115.0,4447
2010-07-30,116.19000244140625,116.5,115.5,116.5,8529
2010-08-02,116.81999969482422,116.9000015258789,115.69999694824219,116.5,95427
2010-08-03,117.75,117.94999694824219,116.5,116.5,31519
2010-08-04,117.63999938964844,118.0,116.86000061035156,118.0,6534
2010-08-05,116.58000183105469,118.5,116.41999816894531,118.5,22990
2010-08-06,117.58999633789062,117.9800033569336,116.75,117.37999725341797,14043
2010-08-09,117.91999816894531,118.0,117.1500015258789,117.9800033569336,11110
2010-08-10,117.5,118.44000244140625,117.19999694824219,118.0,52350
2010-08-11,117.26000213623047,118.0,117.0,118.0,14680
2010-08-12,117.30999755859375,117.3499984741211,115.0,115.0,18378
2010-08-13,118.02999877929688,118.4800033569336,117.5,118.4800033569336,88348
2010-08-16,118.5999984741211,119.0,118.0,119.0,4603
2010-08-17,118.0,119.19000244140625,118.0,118.5999984741211,40708
2010-08-18,121.5,121.75,118.38999938964844,119.0,476746
2010-08-19,122.1500015258789,122.30000305175781,119.9000015258789,121.4800033569336,368608
2010-08-20,119.6500015258789,121.80000305175781,119.6500015258789,121.69999694824219,696531
2010-08-23,122.38999938964844,122.44999694824219,120.5,122.0,14400
2010-08-24,121.56999969482422,123.0999984741211,120.29000091552734,123.0999984741211,5743
2010-08-25,120.0999984741211,121.4000015258789,118.80000305175781,121.19999694824219,13284
2010-08-26,120.4000015258789,120.97000122070312,119.47000122070312,120.73999786376953,26151
2010-08-27,118.30000305175781,121.0,118.25,121.0,8915
2010-08-30,117.68000030517578,121.0,117.5,121.0,110704
2010-08-31,117.19999694824219,118.9000015258789,116.22000122070312,118.9000015258789,23445
2010-09-01,119.80000305175781,119.93000030517578,117.94999694824219,119.4800033569336,23148
2010-09-02,120.8499984741211,120.9000015258789,119.83000183105469,120.9000015258789,3492
2010-09-03,121.48999786376953,121.48999786376953,120.05999755859375,121.0,13820
2010-09-06,123.5,123.5999984741211,121.16999816894531,121.48999786376953,107259
2010-09-07,122.19999694824219,123.79000091552734,121.61000061035156,123.69999694824219,21417
2010-09-08,121.5,123.6500015258789,121.27999877929688,123.0,21778
2010-09-09,124.0,124.0,122.69999694824219,123.0,7274
2010-09-13,126.30000305175781,127.4800033569336,123.55000305175781,124.18000030517578,109360
2010-09-14,126.0999984741211,127.20999908447266,124.0,125.0,243527
2010-09-15,126.5,127.01000213623047,124.51000213623047,126.25,332109
2010-09-16,125.19999694824219,126.76000213623047,124.0,126.4800033569336,55681
2010-09-17,125.30000305175781,126.75,124.69999694824219,125.0,10835
2010-09-20,130.0,130.0,125.33000183105469,125.33000183105469,161024
2010-09-21,126.05000305175781,128.8800048828125,126.0,128.5,72968
2010-09-22,125.0,127.9000015258789,125.0,126.20999908447266,56094
2010-09-23,125.0,127.0999984741211,125.0,126.0,44802
2010-09-24,127.5,127.5,126.19999694824219,126.88999938964844,8764
2010-09-27,131.0,131.0,127.18000030517578,128.6999969482422,71836
2010-09-28,126.6500015258789,128.69000244140625,126.0,127.0,12950
2010-09-29,126.5,128.60000610351562,126.0999984741211,127.0199966430664,18287
2010-09-30,125.0,127.6500015258789,125.0,126.12999725341797,122108
2010-10-01,128.0500030517578,129.14999389648438,126.2699966430664,127.5,18229
2010-10-04,130.77000427246094,131.1999969482422,129.0,129.97000122070312,36309
2010-10-05,131.5399932861328,132.39999389648438,129.86000061035156,131.0,20302
2010-10-06,131.99000549316406,134.7899932861328,130.61000061035156,131.5,172083
2010-10-07,132.1999969482422,133.89999389648438,131.00999450683594,132.0,23553
2010-10-08,131.89999389648438,133.0,129.3699951171875,132.7899932861328,12776
2010-10-11,134.8000030517578,134.8000030517578,131.60000610351562,132.6999969482422,57474
2010-10-12,131.8000030517578,133.2899932861328,130.10000610351562,133.0,53821
2010-10-13,133.0,133.0500030517578,130.6699981689453,132.2899932861328,35335
2010-10-14,132.49000549316406,148.0,131.25,133.60000610351562,89606
2010-10-15,129.47000122070312,133.14999389648438,128.6999969482422,131.35000610351562,55055
2010-10-18,130.2100067138672,130.64999389648438,127.1500015258789,130.0,58407
2010-10-19,130.55999755859375,132.89999389648438,130.10000610351562,130.99000549316406,73142
2010-10-20,130.47999572753906,139.89999389648438,128.5500030517578,129.6999969482422,14544
2010-10-21,132.5399932861328,133.0,130.6999969482422,130.8000030517578,66146
2010-10-22,132.80999755859375,133.0,131.25999450683594,133.0,15110
2010-10-25,132.72999572753906,133.3000030517578,132.0,132.8800048828125,31452
2010-10-26,132.39999389648438,133.11000061035156,131.00999450683594,131.00999450683594,9834
2010-10-27,132.02000427246094,133.10000610351562,131.11000061035156,132.49000549316406,36699
2010-10-28,131.1699981689453,132.5800018310547,131.0,132.49000549316406,20940
2010-10-29,130.8300018310547,131.6999969482422,128.82000732421875,131.6999969482422,43294
2010-11-01,132.52000427246094,133.10000610351562,126.0,126.0,34669
2010-11-02,133.97000122070312,134.14999389648438,131.75,132.0,43516
2010-11-03,134.3800048828125,135.4499969482422,134.0,134.77999877929688,28815
2010-11-04,135.3699951171875,135.60000610351562,133.36000061035156,135.25,63720
2010-11-08,135.33999633789062,136.10000610351562,134.3000030517578,136.10000610351562,19465
2010-11-09,135.25,136.1999969482422,134.5500030517578,136.0,31039
2010-11-10,136.10000610351562,136.67999267578125,135.02999877929688,135.02999877929688,23879
2010-11-11,134.14999389648438,136.8000030517578,133.0,136.8000030517578,66867
2010-11-12,131.67999267578125,134.6999969482422,130.10000610351562,134.0,72674
2010-11-15,130.13999938964844,131.5500030517578,129.0,131.0,163141
2010-11-16,128.3800048828125,148.0,127.5,148.0,129181
2010-11-18,128.97999572753906,131.08999633789062,124.80000305175781,128.61000061035156,47499
2010-11-19,126.29000091552734,130.25,125.19999694824219,130.25,31931
2010-11-22,127.86000061035156,128.8300018310547,125.5,127.5,57702
2010-11-23,128.25999450683594,128.39999389648438,125.0,128.38999938964844,64118
2010-11-24,125.58999633789062,129.3000030517578,125.30000305175781,128.49000549316406,46488
2010-11-25,121.04000091552734,126.0,120.94999694824219,126.0,170756
2010-11-26,120.75,122.75,115.0,122.75,193244
2010-11-29,122.06999969482422,126.0,118.0999984741211,120.75,75018
2010-11-30,122.30000305175781,125.0199966430664,120.0,122.0,124181
2010-12-01,127.31999969482422,135.0,122.5199966430664,123.98999786376953,18259
2010-12-02,127.5,129.0,125.4000015258789,129.0,76172
2010-12-03,125.58000183105469,130.0,124.0199966430664,130.0,48051
2010-12-06,124.91000366210938,126.97000122070312,124.5199966430664,126.30000305175781,112854
2010-12-07,122.9800033569336,125.0,122.5,125.0,49499
2010-12-08,121.05999755859375,122.80000305175781,120.75,122.80000305175781,111527
2010-12-09,117.2300033569336,127.5,115.9000015258789,127.5,181937
2010-12-10,116.5,121.0,115.05999755859375,121.0,997765
2010-12-13,118.77999877929688,120.19999694824219,117.0,118.98999786376953,46071
2010-12-14,120.66000366210938,120.98999786376953,119.0999984741211,120.0,8469
2010-12-15,119.7300033569336,122.0,119.12000274658203,122.0,12075
2010-12-16,120.30000305175781,120.80000305175781,118.70999908447266,120.48999786376953,74343
2010-12-20,119.41000366210938,120.05000305175781,119.0,120.0,26022
2010-12-21,120.33000183105469,121.63999938964844,120.0,120.98999786376953,36668
2010-12-22,120.33000183105469,125.0,120.0,125.0,8919
2010-12-23,120.12999725341797,121.69999694824219,120.0,121.69999694824219,5839
2010-12-24,119.13999938964844,129.4499969482422,118.0999984741211,120.5,1900374
2010-12-27,119.9000015258789,125.0,119.5199966430664,125.0,67306
2010-12-28,119.80000305175781,120.08000183105469,119.04000091552734,120.0,15246
2010-12-29,120.79000091552734,120.80000305175781,119.11000061035156,120.0,10880
2010-12-30,121.05000305175781,121.30000305175781,120.0,121.19999694824219,38072
2010-12-31,122.0999984741211,122.25,120.5999984741211,121.80000305175781,6576
2011-01-03,121.83999633789062,123.80000305175781,121.4000015258789,123.0,54385
2011-01-04,122.23999786376953,123.9800033569336,122.19999694824219,123.9800033569336,16694
2011-01-05,120.80000305175781,122.79000091552734,120.5,121.9000015258789,42902
2011-01-06,119.58999633789062,122.0,119.25,122.0,37583
2011-01-07,117.11000061035156,119.58999633789062,117.0,119.58999633789062,40567
2011-01-10,114.12999725341797,124.94999694824219,113.8499984741211,119.5,43571
2011-01-11,112.0199966430664,115.1500015258789,111.0,114.5,169733
2011-01-12,114.7300033569336,114.98999786376953,112.62000274658203,114.41999816894531,32840
2011-01-13,114.95999908447266,116.44999694824219,114.5,115.69999694824219,45102
2011-01-14,113.41000366210938,115.5999984741211,113.0,115.0,113954
2011-01-17,112.58000183105469,115.0,112.0199966430664,115.0,122283
2011-01-18,111.91999816894531,130.0,111.5199966430664,130.0,82289
2011-01-19,113.5,114.22000122070312,112.01000213623047,113.4000015258789,43857
2011-01-20,112.36000061035156,114.0,112.0,113.0,408128
2011-01-21,114.2300033569336,114.9000015258789,112.5,112.5,18258
2011-01-24,113.66000366210938,115.38999938964844,113.12000274658203,115.0,63771
2011-01-25,113.68000030517578,115.5,113.5999984741211,114.80000305175781,141640
2011-01-27,111.87000274658203,114.0,111.55000305175781,114.0,108236
2011-01-28,108.9800033569336,112.0,107.11000061035156,112.0,104201
2011-01-31,109.69000244140625,110.9000015258789,105.1500015258789,107.5,47726
2011-02-01,107.93000030517578,110.19999694824219,107.0,110.19999694824219,29915
2011-02-02,107.02999877929688,110.9800033569336,106.4000015258789,108.98999786376953,83636
2011-02-03,108.70999908447266,108.80000305175781,107.0199966430664,108.0,7729
2011-02-04,107.2300033569336,109.97000122070312,106.5,109.0,50624
2011-02-07,105.9800033569336,108.19999694824219,105.69999694824219,107.0999984741211,90960
2011-02-08,105.0999984741211,107.55000305175781,105.0,107.0,68289
2011-02-09,100.91999816894531,106.0,100.25,106.0,162080
2011-02-10,102.01000213623047,104.0,99.5999984741211,104.0,54110
2011-02-11,104.13999938964844,104.5999984741211,101.02999877929688,102.05999755859375,28259
2011-02-14,108.01000213623047,108.8499984741211,105.0,105.0,24710
2011-02-15,109.7699966430664,113.4000015258789,107.3499984741211,109.2300033569336,32000
2011-02-16,109.19999694824219,109.7300033569336,108.0199966430664,109.48999786376953,25947
2011-02-17,108.93000030517578,110.33000183105469,107.81999969482422,110.33000183105469,14111
2011-02-18,108.47000122070312,111.0,107.5,110.0,18660
2011-02-21,109.0199966430664,109.55000305175781,106.30000305175781,108.05000305175781,59376
2011-02-22,107.23999786376953,109.0999984741211,106.61000061035156,109.0999984741211,11636
2011-02-23,105.7699966430664,108.0,105.69999694824219,107.44999694824219,19547
2011-02-24,103.19000244140625,106.44999694824219,102.5,106.44999694824219,161556
2011-02-25,104.23999786376953,105.0,103.0999984741211,104.5,27067
2011-02-28,104.04000091552734,107.87999725341797,100.0,103.02999877929688,58557
2011-03-01,107.12000274658203,108.0,103.5,104.0999984741211,19100
2011-03-03,107.26000213623047,108.87000274658203,105.0,107.30000305175781,17938
2011-03-04,107.9800033569336,109.44999694824219,107.0199966430664,108.9000015258789,15996
2011-03-07,105.95999908447266,107.0,105.30999755859375,107.0,68263
2011-03-08,106.77999877929688,107.77999877929688,106.16999816894531,106.16999816894531,11742
2011-03-09,107.31999969482422,107.98999786376953,107.0999984741211,107.4000015258789,16530
2011-03-10,106.9800033569336,108.5,106.4800033569336,108.44000244140625,111100
2011-03-11,106.4000015258789,107.6500015258789,105.0,107.0,325673
2011-03-14,106.56999969482422,107.7300033569336,105.8499984741211,107.4000015258789,81761
2011-03-15,106.23999786376953,107.05000305175781,104.5,104.5,13542
2011-03-16,106.66999816894531,107.69000244140625,106.0,106.0,4341
2011-03-17,105.87999725341797,107.25,105.80000305175781,106.5,25070
2011-03-18,105.88999938964844,107.58999633789062,105.19999694824219,106.63999938964844,12348
2011-03-21,104.62999725341797,107.05000305175781,104.5,106.0,34465
2011-03-22,105.37999725341797,106.97000122070312,104.62999725341797,104.62999725341797,13682
2011-03-23,107.12000274658203,107.5,104.66000366210938,104.66000366210938,48258
2011-03-24,107.91000366210938,108.23999786376953,106.91000366210938,107.5,5212
2011-03-25,108.81999969482422,109.0,107.75,108.0,8730
2011-03-28,109.26000213623047,110.38999938964844,108.80000305175781,109.0,118214
2011-03-29,109.70999908447266,111.13999938964844,109.4000015258789,110.3499984741211,152897
2011-03-30,111.41999816894531,112.0,109.31999969482422,110.0,228635
2011-03-31,111.25,112.69999694824219,110.30000305175781,112.0,121653
2011-04-01,112.86000061035156,113.98999786376953,111.69999694824219,111.98999786376953,25543
2011-04-04,114.83000183105469,115.5,114.0,114.0,23514
2011-04-05,115.86000061035156,116.0,114.45999908447266,114.5999984741211,13576
2011-04-06,116.94999694824219,117.4000015258789,115.30999755859375,116.3499984741211,38432
2011-04-07,117.48999786376953,117.5,115.5999984741211,116.87999725341797,6441
2011-04-08,114.69000244140625,117.9000015258789,114.05999755859375,117.9000015258789,9756
2011-04-11,115.08000183105469,115.5999984741211,114.25,115.0,25146
2011-04-13,115.4800033569336,116.0,114.43000030517578,115.0,9347
2011-04-15,115.18000030517578,116.43000030517578,114.72000122070312,115.97000122070312,16579
2011-04-18,114.4800033569336,117.44999694824219,114.0,116.69999694824219,51803
2011-04-19,113.5999984741211,114.4800033569336,113.01000213623047,114.4000015258789,5990
2011-04-20,114.69000244140625,115.69999694824219,113.5999984741211,113.5999984741211,68874
2011-04-21,114.06999969482422,116.87999725341797,113.9000015258789,116.5,17087
2011-04-25,116.0199966430664,116.94000244140625,114.5,114.8499984741211,131247
2011-04-26,114.19999694824219,116.37999725341797,113.69999694824219,116.37999725341797,23309
2011-04-27,115.75,116.19999694824219,114.61000061035156,115.0,28551
2011-04-28,114.75,116.9000015258789,114.30999755859375,115.5,39818
2011-04-29,113.08000183105469,115.5,112.6500015258789,115.5,31617
2011-05-02,112.5,114.27999877929688,111.56999969482422,113.5,47346
2011-05-03,109.83999633789062,115.69999694824219,109.19999694824219,114.0,81584
2011-05-04,108.29000091552734,110.19000244140625,107.9000015258789,110.0,37350
2011-05-05,107.98999786376953,112.0,107.9000015258789,112.0,20328
2011-05-06,109.08999633789062,109.5999984741211,108.0,108.69999694824219,29280
2011-05-09,110.79000091552734,111.0,109.55999755859375,110.5,20992
2011-05-10,109.41000366210938,111.19999694824219,109.25,111.0,9866
2011-05-11,109.76000213623047,111.44000244140625,109.5,110.5,42112
2011-05-12,109.2699966430664,111.9800033569336,109.05000305175781,110.97000122070312,96574
2011-05-13,111.23999786376953,111.79000091552734,110.41000366210938,110.98999786376953,3956
2011-05-16,110.12000274658203,112.0,110.0,111.0,12441
2011-05-17,110.80000305175781,112.29000091552734,110.23999786376953,111.0,14073
2011-05-18,110.0999984741211,111.5,109.55999755859375,111.5,8386
2011-05-19,108.5199966430664,111.0,108.25,111.0,18140
2011-05-20,109.11000061035156,109.7699966430664,108.30000305175781,109.5,25943
2011-05-23,108.87999725341797,109.8499984741211,108.5199966430664,108.80000305175781,27839
2011-05-24,108.55000305175781,109.5999984741211,107.87999725341797,109.44999694824219,26416
2011-05-25,108.61000061035156,110.27999877929688,108.3499984741211,109.80000305175781,49860
2011-05-26,109.41999816894531,110.0,108.9000015258789,110.0,98552
2011-05-27,111.16999816894531,111.54000091552734,110.19999694824219,110.97000122070312,7503
2011-05-30,112.7300033569336,112.9800033569336,111.0,112.5,18792
2011-05-31,113.4800033569336,113.75,112.31999969482422,113.0,10646
2011-06-01,113.73999786376953,114.94000244140625,113.5,114.0,15469
2011-06-02,113.04000091552734,114.0,112.5199966430664,113.8499984741211,19540
2011-06-03,112.9800033569336,114.79000091552734,112.69999694824219,113.9000015258789,15856
2011-06-06,112.08000183105469,113.37999725341797,112.0,113.37999725341797,6226
2011-06-07,112.51000213623047,113.4000015258789,112.0,112.0,12862
2011-06-08,113.2300033569336,113.9800033569336,113.0,113.4000015258789,7484
2011-06-09,112.72000122070312,114.05000305175781,112.30000305175781,114.05000305175781,8393
2011-06-10,112.56999969482422,113.5,111.5199966430664,112.5,11362
2011-06-13,113.05999755859375,113.30000305175781,111.5199966430664,112.5,6875
2011-06-14,111.98999786376953,113.75,111.94999694824219,113.75,26389
2011-06-15,111.44000244140625,112.9800033569336,111.25,112.9000015258789,27632
2011-06-16,111.63999938964844,111.94999694824219,110.5,111.0,17798
2011-06-17,110.98999786376953,112.30000305175781,110.5,112.0,13233
2011-06-20,109.08000183105469,111.19999694824219,108.02999877929688,111.0,91756
2011-06-21,108.7699966430664,109.75,108.0999984741211,109.5,13721
2011-06-22,107.87999725341797,109.30000305175781,107.5,109.0,61491
2011-06-23,107.33000183105469,108.08000183105469,107.0,107.8499984741211,15781
2011-06-24,109.41999816894531,110.0,108.75,109.30000305175781,8194
2011-06-27,110.80000305175781,111.5,108.5,108.5,112635
2011-06-28,111.08000183105469,112.0,110.69999694824219,112.0,51224
2011-06-29,110.91999816894531,111.83999633789062,110.5,111.1500015258789,168178
2011-06-30,111.44000244140625,111.9000015258789,110.0,111.0,41752
2011-07-01,112.0,112.87999725341797,111.51000213623047,112.87999725341797,12738
2011-07-04,113.4800033569336,114.0999984741211,112.5,112.5,16518
2011-07-05,112.95999908447266,114.0,112.91000366210938,113.4000015258789,9472
2011-07-06,113.2699966430664,114.0,113.0,113.0,16913
2011-07-07,114.55000305175781,115.75,113.41000366210938,113.5999984741211,42073
2011-07-08,113.38999938964844,115.5,112.55000305175781,115.0,14501
2011-07-11,112.88999938964844,113.97000122070312,112.5,113.0,8251
2011-07-12,111.38999938964844,112.93000030517578,111.02999877929688,112.30000305175781,31904
2011-07-13,112.02999877929688,112.73999786376953,111.75,112.5999984741211,8332
2011-07-14,113.2699966430664,113.9800033569336,111.9000015258789,112.0,6284
2011-07-15,113.16999816894531,113.87999725341797,112.75,113.87999725341797,53850
2011-07-18,113.30000305175781,114.0,113.12999725341797,113.13999938964844,36790
2011-07-19,113.33999633789062,114.0,113.19999694824219,113.5999984741211,30990
2011-07-20,111.98999786376953,114.87999725341797,111.80000305175781,114.87999725341797,24540
2011-07-21,110.58000183105469,112.87999725341797,110.5,111.0,45702
2011-07-22,111.9800033569336,113.25,111.0,111.0,35093
2011-07-25,113.31999969482422,113.69999694824219,112.0,113.0,30759
2011-07-26,111.37000274658203,114.0,111.1500015258789,114.0,66846
2011-07-27,112.98999786376953,113.4000015258789,111.02999877929688,111.02999877929688,33698
2011-07-28,110.94999694824219,112.6500015258789,110.62000274658203,112.6500015258789,19301
2011-07-29,110.19000244140625,111.94999694824219,109.69999694824219,111.75,11651
2011-08-01,108.2300033569336,111.25,108.01000213623047,111.25,32766
2011-08-02,109.0199966430664,109.9000015258789,107.72000122070312,109.9000015258789,43442
2011-08-03,108.19000244140625,108.44999694824219,106.80000305175781,107.80000305175781,11829
2011-08-04,107.37999725341797,109.6500015258789,106.4800033569336,108.9000015258789,36138
2011-08-05,110.1500015258789,113.9000015258789,103.5,107.5,122683
2011-08-08,104.9800033569336,110.0,102.20999908447266,110.0,92526
2011-08-09,103.80999755859375,105.0,102.0,103.0,103861
2011-08-10,105.30999755859375,105.8499984741211,103.0,105.0,28421
2011-08-11,104.77999877929688,105.88999938964844,104.3499984741211,105.0,10189
2011-08-12,107.18000030517578,124.80000305175781,103.5999984741211,105.87999725341797,76654
2011-08-16,103.5,121.9000015258789,102.5199966430664,110.0,90099
2011-08-17,101.37999725341797,103.75,100.8499984741211,103.4000015258789,43285
2011-08-18,100.33999633789062,102.69999694824219,99.9000015258789,102.69999694824219,73848
2011-08-19,98.81999969482422,100.30000305175781,97.0,100.0,150317
2011-08-22,99.04000091552734,102.0,98.37000274658203,100.0,414116
2011-08-23,99.73999786376953,100.58000183105469,99.0999984741211,100.0,57128
2011-08-24,100.30000305175781,101.66000366210938,99.05000305175781,101.0,25113
2011-08-25,99.05000305175781,100.58000183105469,98.69999694824219,100.58000183105469,31774
2011-08-26,96.81999969482422,99.38999938964844,96.5,99.19999694824219,106968
2011-08-29,99.22000122070312,99.54000091552734,97.52999877929688,99.0,18693
2011-08-30,99.75,101.05000305175781,98.5999984741211,100.0,126533
2011-09-02,101.02999877929688,101.9800033569336,100.0,101.5999984741211,12785
2011-09-05,101.54000091552734,101.98999786376953,100.0,101.0,33007
2011-09-06,101.80000305175781,102.0,100.20999908447266,101.5199966430664,19523
2011-09-07,102.79000091552734,103.69999694824219,101.51000213623047,101.51000213623047,61699
2011-09-08,103.08000183105469,104.0,102.5199966430664,103.4800033569336,35483
2011-09-09,101.75,104.9800033569336,101.5,104.0999984741211,23554
2011-09-12,99.7699966430664,102.0,99.0999984741211,102.0,40616
2011-09-13,100.45999908447266,102.0,99.12000274658203,100.98999786376953,18398
2011-09-14,99.54000091552734,100.94000244140625,99.19999694824219,100.69999694824219,46677
2011-09-15,101.19000244140625,101.69999694824219,100.0,101.0,35669
2011-09-16,101.66999816894531,102.69000244140625,101.0,101.0,21734
2011-09-19,101.06999969482422,102.27999877929688,100.80000305175781,101.19999694824219,22996
2011-09-20,102.3499984741211,102.69999694824219,100.76000213623047,101.94999694824219,10544
2011-09-21,103.27999877929688,103.6500015258789,102.19999694824219,102.87999725341797,25237
2011-09-22,99.81999969482422,103.0,99.25,103.0,32281
2011-09-23,99.54000091552734,100.69999694824219,98.4000015258789,100.69999694824219,23764
2011-09-26,99.19999694824219,103.69999694824219,97.12000274658203,100.30000305175781,39632
2011-09-27,101.2699966430664,101.80000305175781,99.3499984741211,100.0,22211
2011-09-28,100.12000274658203,100.98999786376953,99.80000305175781,100.80000305175781,16132
2011-09-29,99.29000091552734,99.9000015258789,98.33000183105469,99.69999694824219,11540
2011-09-30,98.7300033569336,100.48999786376953,97.80000305175781,100.0,25035
2011-10-03,98.04000091552734,99.87999725341797,96.25,98.25,25270
2011-10-04,95.36000061035156,98.75,94.51000213623047,96.80000305175781,92683
2011-10-05,93.97000122070312,97.0,93.3499984741211,95.69999694824219,44104
2011-10-07,97.47000122070312,98.0,95.9800033569336,96.0,23335
2011-10-10,100.12999725341797,100.9000015258789,96.0999984741211,96.19999694824219,31679
2011-10-11,97.38999938964844,101.0,97.0999984741211,101.0,40999
2011-10-12,99.01000213623047,99.47000122070312,97.0999984741211,98.9000015258789,12823
2011-10-13,99.23999786376953,100.5,98.5999984741211,100.0,21572
2011-10-14,99.20999908447266,99.88999938964844,98.41000366210938,99.68000030517578,14285
2011-10-17,101.9800033569336,103.0,99.0,100.0,40779
2011-10-18,98.52999877929688,100.0,98.30000305175781,100.0,41879
2011-10-19,99.41999816894531,99.75,98.1500015258789,98.1500015258789,24442
2011-10-20,98.11000061035156,99.0999984741211,98.0,99.0999984741211,16229
2011-10-21,97.0999984741211,99.0,96.5,98.93000030517578,11325
2011-10-24,98.41000366210938,99.98999786376953,97.54000091552734,98.0,71603
2011-10-25,97.98999786376953,99.9000015258789,96.75,99.9000015258789,94160
2011-10-28,100.19000244140625,100.48999786376953,99.0,99.5999984741211,31257
2011-10-31,100.05000305175781,101.0,98.9000015258789,101.0,24594
2011-11-01,99.79000091552734,100.4800033569336,99.41999816894531,100.4800033569336,39828
2011-11-02,99.98999786376953,100.44999694824219,99.0199966430664,100.0,93179
2011-11-03,100.5999984741211,101.0999984741211,99.1500015258789,99.51000213623047,20478
2011-11-04,101.47000122070312,101.98999786376953,101.0999984741211,101.75,12841
2011-11-08,101.45999908447266,102.0,101.05000305175781,101.55000305175781,14587
2011-11-09,99.93000030517578,101.94999694824219,99.41000366210938,101.9000015258789,16451
2011-11-11,99.16999816894531,100.48999786376953,98.30000305175781,100.0,106245
2011-11-14,98.33999633789062,100.4800033569336,98.05000305175781,99.4000015258789,19496
2011-11-15,96.05000305175781,98.75,95.80000305175781,98.0999984741211,22461
2011-11-16,95.0,98.0,94.05000305175781,98.0,16773
2011-11-17,93.27999877929688,95.38999938964844,92.75,94.98999786376953,33108
2011-11-18,93.4800033569336,93.69999694824219,92.25,93.5,26663
2011-11-21,91.70999908447266,94.5999984741211,91.31999969482422,94.5999984741211,26171
2011-11-22,91.13999938964844,92.5999984741211,91.02999877929688,91.94999694824219,15131
2011-11-23,90.18000030517578,92.0,90.0,91.5,68129
2011-11-24,91.63999938964844,91.80000305175781,89.0,90.25,120952
2011-11-25,91.12999725341797,92.5,90.5,92.5,26982
2011-11-28,92.38999938964844,102.0,91.80000305175781,92.5999984741211,12204
2011-11-29,92.0199966430664,93.9000015258789,91.5,93.9000015258789,9924
2011-11-30,91.08999633789062,92.2300033569336,90.9000015258789,91.9000015258789,24836
2011-12-01,92.44999694824219,94.0,91.33999633789062,92.69999694824219,21981
2011-12-02,94.22000122070312,94.3499984741211,91.62000274658203,92.75,10302
2011-12-05,93.80999755859375,94.98999786376953,93.55000305175781,94.22000122070312,17985
2011-12-07,93.37000274658203,95.25,93.25,94.0,64937
2011-12-08,91.9000015258789,93.94000244140625,91.55000305175781,93.94000244140625,90765
2011-12-09,92.66999816894531,92.9000015258789,90.69999694824219,92.47000122070312,24294
2011-12-12,89.93000030517578,93.13999938964844,89.20999908447266,93.0,34750
2011-12-13,89.76000213623047,90.25,88.4000015258789,89.94999694824219,34500
2011-12-14,89.16999816894531,90.80000305175781,88.55000305175781,90.0,13314
2011-12-15,89.33999633789062,89.5,88.01000213623047,88.5,12447
2011-12-16,87.27999877929688,90.30000305175781,86.26000213623047,89.9000015258789,22381
2011-12-19,85.68000030517578,88.75,85.25,88.75,88140
2011-12-20,83.81999969482422,87.69999694824219,83.44999694824219,86.0,23463
2011-12-21,84.98999786376953,85.25,83.26000213623047,84.94999694824219,12690
2011-12-22,84.9800033569336,85.94999694824219,83.3499984741211,84.01000213623047,28219
2011-12-23,84.75,85.94999694824219,84.05999755859375,85.9000015258789,20365
2011-12-26,85.80000305175781,86.0,84.75,85.0,11567
2011-12-27,84.55999755859375,86.5,84.02999877929688,85.9000015258789,6949
2011-12-28,83.58999633789062,85.05000305175781,83.02999877929688,84.94999694824219,19828
2011-12-29,82.9800033569336,84.33999633789062,82.7699966430664,83.5999984741211,16633
2011-12-30,83.41999816894531,84.38999938964844,82.9000015258789,84.38999938964844,15584
2012-01-02,83.1500015258789,84.3499984741211,82.02999877929688,84.3499984741211,17127
2012-01-03,85.22000122070312,85.4800033569336,83.26000213623047,83.26000213623047,21000
2012-01-04,85.36000061035156,86.44000244140625,84.9000015258789,85.9000015258789,12031
2012-01-05,85.80000305175781,86.69999694824219,85.0,86.0,10788
2012-01-06,85.63999938964844,86.80000305175781,85.1500015258789,85.80000305175781,27359
2012-01-09,85.75,86.68000030517578,85.02999877929688,86.68000030517578,12468
2012-01-10,88.55000305175781,89.25,86.69999694824219,86.88999938964844,25450
2012-01-11,89.27999877929688,89.68000030517578,88.61000061035156,88.68000030517578,25050
2012-01-12,89.62000274658203,91.0,88.9000015258789,89.5,26597
2012-01-13,91.69000244140625,92.1500015258789,90.1500015258789,90.9800033569336,31654
2012-01-16,91.44999694824219,91.69999694824219,89.9000015258789,91.69999694824219,30035
2012-01-17,92.06999969482422,93.44999694824219,91.5999984741211,92.0,26886
2012-01-18,91.23999786376953,93.63999938964844,91.1500015258789,93.4000015258789,21521
2012-01-19,92.7699966430664,93.25,92.12000274658203,92.4000015258789,18224
2012-01-20,94.47000122070312,95.19999694824219,93.05999755859375,93.4800033569336,25521
2012-01-23,93.44999694824219,95.0999984741211,93.12000274658203,94.0,38905
2012-01-24,95.87999725341797,96.5999984741211,93.62000274658203,93.91999816894531,22421
2012-01-25,96.72000122070312,97.48999786376953,95.72000122070312,95.72000122070312,72198
2012-01-27,97.58999633789062,99.1500015258789,97.0,98.0,19585
2012-01-30,97.08000183105469,98.79000091552734,95.55999755859375,97.5999984741211,64438
2012-01-31,98.61000061035156,99.0,96.66000366210938,97.0999984741211,48540
2012-02-01,98.69999694824219,101.0,97.25,101.0,12097
2012-02-02,99.94000244140625,100.5,98.01000213623047,99.80000305175781,26131
2012-02-03,99.80000305175781,100.79000091552734,99.12999725341797,99.97000122070312,29588
2012-02-06,101.66000366210938,102.68000030517578,100.8499984741211,100.8499984741211,73611
2012-02-07,100.26000213623047,102.4000015258789,100.01000213623047,101.69999694824219,15590
2012-02-08,101.55000305175781,102.0999984741211,100.66000366210938,101.44999694824219,17008
2012-02-09,102.83999633789062,103.4800033569336,101.5,101.5,52397
2012-02-10,102.8499984741211,104.5,102.5,103.0,32883
2012-02-13,102.87999725341797,103.81999969482422,102.19999694824219,102.9000015258789,27712
2012-02-14,103.91000366210938,104.4800033569336,103.19999694824219,103.48999786376953,47648
2012-02-15,106.05999755859375,106.19999694824219,104.5,104.5,77751
2012-02-16,107.0,107.75,105.5,106.0,37805
2012-02-17,107.56999969482422,109.0,106.0,107.9000015258789,75945
2012-02-21,108.20999908447266,108.9800033569336,107.0,108.0,149753
2012-02-22,104.57420349121094,104.57420349121094,104.57420349121094,104.57420349121094,0
2012-02-23,104.42759704589844,104.42759704589844,104.42759704589844,104.42759704589844,0
2012-02-24,103.63040161132812,103.63040161132812,103.63040161132812,103.63040161132812,0
2012-02-27,100.65589904785156,100.65589904785156,100.65589904785156,100.65589904785156,0
2012-02-28,104.23519897460938,104.23519897460938,104.23519897460938,104.23519897460938,0
2012-02-29,104.67530059814453,104.67530059814453,104.67530059814453,104.67530059814453,0
2012-03-01,103.95240020751953,103.95240020751953,103.95240020751953,103.95240020751953,0
2012-03-02,104.04039764404297,104.04039764404297,104.04039764404297,104.04039764404297,0
2012-03-05,102.61630249023438,102.61630249023438,102.61630249023438,102.61630249023438,0
2012-03-06,101.87409973144531,101.87409973144531,101.87409973144531,101.87409973144531,0
2012-03-07,101.29180145263672,101.29180145263672,101.29180145263672,101.29180145263672,0
2012-03-09,103.92230224609375,103.92230224609375,103.92230224609375,103.92230224609375,0
2012-03-12,104.97380065917969,104.97380065917969,104.97380065917969,104.97380065917969,0
2012-03-13,105.8843994140625,105.8843994140625,105.8843994140625,105.8843994140625,0
2012-03-14,106.93250274658203,106.93250274658203,106.93250274658203,106.93250274658203,0
2012-03-15,104.83460235595703,104.83460235595703,104.83460235595703,104.83460235595703,0
2012-03-16,103.5009994506836,103.5009994506836,103.5009994506836,103.5009994506836,0
2012-03-19,101.97229766845703,101.97229766845703,101.97229766845703,101.97229766845703,0
2012-03-20,102.8727035522461,102.8727035522461,102.8727035522461,102.8727035522461,0
2012-03-21,105.08049774169922,105.08049774169922,105.08049774169922,105.08049774169922,0
2012-03-22,102.21119689941406,102.21119689941406,102.21119689941406,102.21119689941406,0
2012-03-23,103.23259735107422,103.23259735107422,103.23259735107422,103.23259735107422,0
2012-03-26,101.70149993896484,101.70149993896484,101.70149993896484,101.70149993896484,0
2012-03-27,102.38009643554688,102.38009643554688,102.38009643554688,102.38009643554688,0
2012-03-28,101.2416000366211,101.2416000366211,101.2416000366211,101.2416000366211,0
2012-03-29,101.96199798583984,101.96199798583984,101.96199798583984,101.96199798583984,0
2012-03-30,104.98670196533203,104.98670196533203,104.98670196533203,104.98670196533203,0
2012-04-02,105.82029724121094,105.82029724121094,105.82029724121094,105.82029724121094,0
2012-04-03,107.19640350341797,107.19640350341797,107.19640350341797,107.19640350341797,0
2012-04-04,107.002197265625,107.002197265625,107.002197265625,107.002197265625,0
2012-04-09,105.27629852294922,105.27629852294922,105.27629852294922,105.27629852294922,0
2012-04-10,105.39810180664062,105.39810180664062,105.39810180664062,105.39810180664062,0
2012-04-11,104.67939758300781,104.67939758300781,104.67939758300781,104.67939758300781,0
2012-04-12,105.31539916992188,105.31539916992188,105.31539916992188,105.31539916992188,0
2012-04-13,104.64600372314453,104.64600372314453,104.64600372314453,104.64600372314453,0
2012-04-16,105.2239990234375,105.2239990234375,105.2239990234375,105.2239990234375,0
2012-04-17,106.11409759521484,106.11409759521484,106.11409759521484,106.11409759521484,0
2012-04-18,105.94439697265625,105.94439697265625,105.94439697265625,105.94439697265625,0
2012-04-19,105.6353988647461,105.6353988647461,105.6353988647461,105.6353988647461,0
2012-04-20,105.0333023071289,105.0333023071289,105.0333023071289,105.0333023071289,0
2012-04-23,103.36260223388672,103.36260223388672,103.36260223388672,103.36260223388672,0
2012-04-24,102.88079833984375,102.88079833984375,102.88079833984375,102.88079833984375,0
2012-04-25,102.57170104980469,102.57170104980469,102.57170104980469,102.57170104980469,0
2012-04-26,101.87779998779297,101.87779998779297,101.87779998779297,101.87779998779297,0
2012-04-27,101.40959930419922,101.40959930419922,101.40959930419922,101.40959930419922,0
2012-04-30,102.63050079345703,102.63050079345703,102.63050079345703,102.63050079345703,0
2012-05-02,102.52059936523438,102.52059936523438,102.52059936523438,102.52059936523438,0
2012-05-03,101.17440032958984,101.17440032958984,101.17440032958984,101.17440032958984,0
2012-05-04,99.83619689941406,99.83619689941406,99.83619689941406,99.83619689941406,0
2012-05-07,100.96240234375,100.96240234375,100.96240234375,100.96240234375,0
2012-05-08,99.17769622802734,99.17769622802734,99.17769622802734,99.17769622802734,0
2012-05-09,97.69219970703125,97.69219970703125,97.69219970703125,97.69219970703125,0
2012-05-10,97.88040161132812,97.88040161132812,97.88040161132812,97.88040161132812,0
2012-05-11,96.9834976196289,96.9834976196289,96.9834976196289,96.9834976196289,0
2012-05-14,96.56430053710938,96.56430053710938,96.56430053710938,96.56430053710938,0
2012-05-15,96.93109893798828,96.93109893798828,96.93109893798828,96.93109893798828,0
2012-05-16,95.28369903564453,95.28369903564453,95.28369903564453,95.28369903564453,0
2012-05-17,95.29409790039062,95.29409790039062,95.29409790039062,95.29409790039062,0
2012-05-18,95.0989990234375,95.0989990234375,95.0989990234375,95.0989990234375,0
2012-05-21,95.87310028076172,95.87310028076172,95.87310028076172,95.87310028076172,0
2012-05-22,94.94979858398438,94.94979858398438,94.94979858398438,94.94979858398438,0
2012-05-23,94.19290161132812,94.19290161132812,94.19290161132812,94.19290161132812,0
2012-05-24,94.92890167236328,94.92890167236328,94.92890167236328,94.92890167236328,0
2012-05-25,95.49749755859375,95.49749755859375,95.49749755859375,95.49749755859375,0
2012-05-28,96.78959655761719,96.78959655761719,96.78959655761719,96.78959655761719,0
2012-05-29,96.61740112304688,96.61740112304688,96.61740112304688,96.61740112304688,0
2012-05-30,95.37100219726562,95.37100219726562,95.37100219726562,95.37100219726562,0
2012-05-31,95.92279815673828,95.92279815673828,95.92279815673828,95.92279815673828,0
2012-06-01,94.68949890136719,94.68949890136719,94.68949890136719,94.68949890136719,0
2012-06-04,94.17579650878906,94.17579650878906,94.17579650878906,94.17579650878906,0
2012-06-05,94.35130310058594,94.35130310058594,94.35130310058594,94.35130310058594,0
2012-06-06,96.33360290527344,96.33360290527344,96.33360290527344,96.33360290527344,0
2012-06-07,97.1865005493164,97.1865005493164,97.1865005493164,97.1865005493164,0
2012-06-08,97.59870147705078,97.59870147705078,97.59870147705078,97.59870147705078,0
2012-06-11,96.94719696044922,96.94719696044922,96.94719696044922,96.94719696044922,0
2012-06-12,97.81800079345703,97.81800079345703,97.81800079345703,97.81800079345703,0
2012-06-13,98.01190185546875,98.01190185546875,98.01190185546875,98.01190185546875,0
2012-06-14,96.68009948730469,96.68009948730469,96.68009948730469,96.68009948730469,0
2012-06-15,97.5469970703125,97.5469970703125,97.5469970703125,97.5469970703125,0
2012-06-18,96.08180236816406,96.08180236816406,96.08180236816406,96.08180236816406,0
2012-06-19,96.36150360107422,96.36150360107422,96.36150360107422,96.36150360107422,0
2012-06-20,97.29219818115234,97.29219818115234,97.29219818115234,97.29219818115234,0
2012-06-21,98.4636001586914,98.4636001586914,98.4636001586914,98.4636001586914,0
2012-06-22,98.27050018310547,98.27050018310547,98.27050018310547,98.27050018310547,0
2012-06-25,97.93170166015625,97.93170166015625,97.93170166015625,97.93170166015625,0
2012-06-26,98.70110321044922,98.70110321044922,98.70110321044922,98.70110321044922,0
2012-06-27,99.1323013305664,99.1323013305664,99.1323013305664,99.1323013305664,0
2012-06-28,99.35970306396484,99.35970306396484,99.35970306396484,99.35970306396484,0
2012-06-29,101.50589752197266,101.50589752197266,101.50589752197266,101.50589752197266,0
2012-07-02,102.12409973144531,102.12409973144531,102.12409973144531,102.12409973144531,0
2012-07-03,103.40390014648438,103.40390014648438,103.40390014648438,103.40390014648438,0
2012-07-04,103.90239715576172,103.90239715576172,103.90239715576172,103.90239715576172,0
2012-07-05,104.60459899902344,104.60459899902344,104.60459899902344,104.60459899902344,0
2012-07-06,104.03939819335938,104.03939819335938,104.03939819335938,104.03939819335938,0
2012-07-09,102.87049865722656,102.87049865722656,102.87049865722656,102.87049865722656,0
2012-07-10,103.88510131835938,103.88510131835938,103.88510131835938,103.88510131835938,0
2012-07-11,103.510498046875,103.510498046875,103.510498046875,103.510498046875,0
2012-07-12,103.01110076904297,103.01110076904297,103.01110076904297,103.01110076904297,0
2012-07-13,102.65840148925781,102.65840148925781,102.65840148925781,102.65840148925781,0
2012-07-16,102.39820098876953,102.39820098876953,102.39820098876953,102.39820098876953,0
2012-07-17,101.87529754638672,101.87529754638672,101.87529754638672,101.87529754638672,0
2012-07-18,101.85600280761719,101.85600280761719,101.85600280761719,101.85600280761719,0
2012-07-19,102.07319641113281,102.07319641113281,102.07319641113281,102.07319641113281,0
2012-07-20,102.1051025390625,102.1051025390625,102.1051025390625,102.1051025390625,0
2012-07-23,100.6520004272461,100.6520004272461,100.6520004272461,100.6520004272461,0
2012-07-24,101.21320343017578,101.21320343017578,101.21320343017578,101.21320343017578,0
2012-07-25,100.6010971069336,100.6010971069336,100.6010971069336,100.6010971069336,0
2012-07-26,99.03500366210938,99.03500366210938,99.03500366210938,99.03500366210938,0
2012-07-27,98.7343978881836,98.7343978881836,98.7343978881836,98.7343978881836,0
2012-07-30,100.69249725341797,100.69249725341797,100.69249725341797,100.69249725341797,0
2012-07-31,101.19319915771484,101.19319915771484,101.19319915771484,101.19319915771484,0
2012-08-01,101.71420288085938,101.71420288085938,101.71420288085938,101.71420288085938,0
2012-08-02,102.28810119628906,102.28810119628906,102.28810119628906,102.28810119628906,0
2012-08-03,101.86720275878906,101.86720275878906,101.86720275878906,101.86720275878906,0
2012-08-06,102.4529037475586,102.4529037475586,102.4529037475586,102.4529037475586,0
2012-08-07,102.87249755859375,102.87249755859375,102.87249755859375,102.87249755859375,0
2012-08-08,102.3687973022461,102.3687973022461,102.3687973022461,102.3687973022461,0
2012-08-09,102.0,102.0,102.0,102.0,0
2012-08-10,101.73719787597656,101.73719787597656,101.73719787597656,101.73719787597656,0
2012-08-13,102.99620056152344,102.99620056152344,102.99620056152344,102.99620056152344,0
2012-08-14,103.31610107421875,103.31610107421875,103.31610107421875,103.31610107421875,0
2012-08-16,103.03119659423828,103.03119659423828,103.03119659423828,103.03119659423828,0
2012-08-17,102.88860321044922,102.88860321044922,102.88860321044922,102.88860321044922,0
2012-08-21,103.14939880371094,103.14939880371094,103.14939880371094,103.14939880371094,0
2012-08-22,102.63899993896484,102.63899993896484,102.63899993896484,102.63899993896484,0
2012-08-23,102.31400299072266,102.31400299072266,102.31400299072266,102.31400299072266,0
2012-08-24,102.00920104980469,102.00920104980469,102.00920104980469,102.00920104980469,0
2012-08-27,100.94750213623047,100.94750213623047,100.94750213623047,100.94750213623047,0
2012-08-28,100.12020111083984,100.12020111083984,100.12020111083984,100.12020111083984,0
2012-08-29,99.72889709472656,99.72889709472656,99.72889709472656,99.72889709472656,0
2012-08-30,99.99299621582031,99.99299621582031,99.99299621582031,99.99299621582031,0
2012-08-31,99.94539642333984,99.94539642333984,99.94539642333984,99.94539642333984,0
2012-09-03,99.76499938964844,99.76499938964844,99.76499938964844,99.76499938964844,0
2012-09-04,100.81379699707031,100.81379699707031,100.81379699707031,100.81379699707031,0
2012-09-05,100.20899963378906,100.20899963378906,100.20899963378906,100.20899963378906,0
2012-09-06,100.67510223388672,100.67510223388672,100.67510223388672,100.67510223388672,0
2012-09-07,101.6594009399414,101.6594009399414,101.6594009399414,101.6594009399414,0
2012-09-10,102.60030364990234,102.60030364990234,102.60030364990234,102.60030364990234,0
2012-09-11,102.6812973022461,102.6812973022461,102.6812973022461,102.6812973022461,0
2012-09-12,102.747802734375,102.747802734375,102.747802734375,102.747802734375,0
2012-09-13,102.23999786376953,102.23999786376953,102.23999786376953,102.23999786376953,0
2012-09-14,103.1791000366211,103.1791000366211,103.1791000366211,103.1791000366211,0
2012-09-17,104.71430206298828,104.71430206298828,104.71430206298828,104.71430206298828,0
2012-09-18,106.1146011352539,106.1146011352539,106.1146011352539,106.1146011352539,0
2012-09-20,105.96890258789062,105.96890258789062,105.96890258789062,105.96890258789062,0
2012-09-21,107.82080078125,107.82080078125,107.82080078125,107.82080078125,0
2012-09-24,108.4760971069336,108.4760971069336,108.4760971069336,108.4760971069336,0
2012-09-25,109.04560089111328,109.04560089111328,109.04560089111328,109.04560089111328,0
2012-09-26,109.0875015258789,109.0875015258789,109.0875015258789,109.0875015258789,0
2012-09-27,109.8906021118164,109.8906021118164,109.8906021118164,109.8906021118164,0
2012-09-28,111.47740173339844,111.47740173339844,111.47740173339844,111.47740173339844,0
2012-10-01,112.22630310058594,112.22630310058594,112.22630310058594,112.22630310058594,0
2012-10-03,112.97570037841797,112.97570037841797,112.97570037841797,112.97570037841797,0
2012-10-04,113.89360046386719,113.89360046386719,113.89360046386719,113.89360046386719,0
2012-10-05,113.30010223388672,113.30010223388672,113.30010223388672,113.30010223388672,0
2012-10-08,112.44110107421875,112.44110107421875,112.44110107421875,112.44110107421875,0
2012-10-09,113.11810302734375,113.11810302734375,113.11810302734375,113.11810302734375,0
2012-10-10,111.8761978149414,111.8761978149414,111.8761978149414,111.8761978149414,0
2012-10-11,113.154296875,113.154296875,113.154296875,113.154296875,0
2012-10-12,113.1688003540039,113.1688003540039,113.1688003540039,113.1688003540039,0
2012-10-15,112.66639709472656,112.66639709472656,112.66639709472656,112.66639709472656,0
2012-10-16,111.65399932861328,111.65399932861328,111.65399932861328,111.65399932861328,0
2012-10-17,111.77189636230469,111.77189636230469,111.77189636230469,111.77189636230469,0
2012-10-18,112.79350280761719,112.79350280761719,112.79350280761719,112.79350280761719,0
2012-10-19,112.1261978149414,112.1261978149414,112.1261978149414,112.1261978149414,0
2012-10-22,112.27529907226562,112.27529907226562,112.27529907226562,112.27529907226562,0
2012-10-23,111.81079864501953,111.81079864501953,111.81079864501953,111.81079864501953,0
2012-10-25,111.77210235595703,111.77210235595703,111.77210235595703,111.77210235595703,0
2012-10-29,109.64900207519531,109.64900207519531,109.64900207519531,109.64900207519531,0
2012-10-30,108.76830291748047,108.76830291748047,108.76830291748047,108.76830291748047,0
2012-10-31,110.00019836425781,110.00019836425781,110.00019836425781,110.00019836425781,0
2012-11-01,110.99169921875,110.99169921875,110.99169921875,110.99169921875,0
2012-11-02,111.82450103759766,111.82450103759766,111.82450103759766,111.82450103759766,0
2012-11-05,111.65380096435547,111.65380096435547,111.65380096435547,111.65380096435547,0
2012-11-06,111.9634017944336,111.9634017944336,111.9634017944336,111.9634017944336,0
2012-11-07,113.31300354003906,113.31300354003906,113.31300354003906,113.31300354003906,0
2012-11-08,113.41919708251953,113.41919708251953,113.41919708251953,113.41919708251953,0
2012-11-09,112.5988998413086,112.5988998413086,112.5988998413086,112.5988998413086,0
2012-11-12,114.43900299072266,114.43900299072266,114.43900299072266,114.43900299072266,0
2012-11-15,114.67400360107422,114.67400360107422,114.67400360107422,114.67400360107422,0
2012-11-16,113.41629791259766,113.41629791259766,113.41629791259766,113.41629791259766,0
2012-11-19,112.252197265625,112.252197265625,112.252197265625,112.252197265625,0
2012-11-20,111.73040008544922,111.73040008544922,111.73040008544922,111.73040008544922,0
2012-11-21,112.25810241699219,112.25810241699219,112.25810241699219,112.25810241699219,0
2012-11-22,113.03309631347656,113.03309631347656,113.03309631347656,113.03309631347656,0
2012-11-23,113.51139831542969,113.51139831542969,113.51139831542969,113.51139831542969,0
2012-11-26,115.11109924316406,115.11109924316406,115.11109924316406,115.11109924316406,0
2012-11-27,116.95349884033203,116.95349884033203,116.95349884033203,116.95349884033203,0
2012-11-29,118.11849975585938,118.11849975585938,118.11849975585938,118.11849975585938,0
2012-11-30,118.89309692382812,118.89309692382812,118.89309692382812,118.89309692382812,0
2012-12-03,119.84490203857422,119.84490203857422,119.84490203857422,119.84490203857422,0
2012-12-04,120.42400360107422,120.42400360107422,120.42400360107422,120.42400360107422,0
2012-12-05,120.64649963378906,120.64649963378906,120.64649963378906,120.64649963378906,0
2012-12-06,121.59709930419922,121.59709930419922,121.59709930419922,121.59709930419922,0
2012-12-07,120.97049713134766,120.97049713134766,120.97049713134766,120.97049713134766,0
2012-12-10,121.43509674072266,121.43509674072266,121.43509674072266,121.43509674072266,0
2012-12-11,120.84529876708984,120.84529876708984,120.84529876708984,120.84529876708984,0
2012-12-12,120.95120239257812,120.95120239257812,120.95120239257812,120.95120239257812,0
2012-12-13,119.82669830322266,119.82669830322266,119.82669830322266,119.82669830322266,0
2012-12-14,120.7334976196289,120.7334976196289,120.7334976196289,120.7334976196289,0
2012-12-17,121.38459777832031,121.38459777832031,121.38459777832031,121.38459777832031,0
2012-12-18,123.04900360107422,123.04900360107422,123.04900360107422,123.04900360107422,0
2012-12-19,123.92890167236328,123.92890167236328,123.92890167236328,123.92890167236328,0
2012-12-20,124.06759643554688,124.06759643554688,124.06759643554688,124.06759643554688,0
2012-12-21,122.41410064697266,122.41410064697266,122.41410064697266,122.41410064697266,0
2012-12-24,122.57129669189453,122.57129669189453,122.57129669189453,122.57129669189453,0
2012-12-26,123.22059631347656,123.22059631347656,123.22059631347656,123.22059631347656,0
2012-12-27,122.7802963256836,122.7802963256836,122.7802963256836,122.7802963256836,0
2012-12-28,123.71720123291016,123.71720123291016,123.71720123291016,123.71720123291016,0
2012-12-31,124.32710266113281,124.32710266113281,124.32710266113281,124.32710266113281,0
2013-01-01,125.84590148925781,125.84590148925781,125.84590148925781,125.84590148925781,0
2013-01-02,126.64289855957031,126.64289855957031,126.64289855957031,126.64289855957031,0
2013-01-03,127.29000091552734,127.29000091552734,127.29000091552734,127.29000091552734,0
2013-01-04,127.17160034179688,127.17160034179688,127.17160034179688,127.17160034179688,0
2013-01-07,127.32640075683594,127.32640075683594,127.32640075683594,127.32640075683594,0
2013-01-08,127.25170135498047,127.25170135498047,127.25170135498047,127.25170135498047,0
2013-01-09,127.00640106201172,127.00640106201172,127.00640106201172,127.00640106201172,0
2013-01-10,126.77870178222656,126.77870178222656,126.77870178222656,126.77870178222656,0
2013-01-11,125.18299865722656,125.18299865722656,125.18299865722656,125.18299865722656,0
2013-01-14,126.99369812011719,126.99369812011719,126.99369812011719,126.99369812011719,0
2013-01-15,127.3595962524414,127.3595962524414,127.3595962524414,127.3595962524414,0
2013-01-16,125.62960052490234,125.62960052490234,125.62960052490234,125.62960052490234,0
2013-01-17,125.8021011352539,125.8021011352539,125.8021011352539,125.8021011352539,0
2013-01-18,125.2854995727539,125.2854995727539,125.2854995727539,125.2854995727539,0
2013-01-21,125.56909942626953,125.56909942626953,125.56909942626953,125.56909942626953,0
2013-01-22,124.28800201416016,124.28800201416016,124.28800201416016,124.28800201416016,0
2013-01-23,123.74210357666016,123.74210357666016,123.74210357666016,123.74210357666016,0
2013-01-24,121.61820220947266,121.61820220947266,121.61820220947266,121.61820220947266,0
2013-01-25,123.5416030883789,123.5416030883789,123.5416030883789,123.5416030883789,0
2013-01-28,123.70379638671875,123.70379638671875,123.70379638671875,123.70379638671875,0
2013-01-29,122.76080322265625,122.76080322265625,122.76080322265625,122.76080322265625,0
2013-01-30,122.60310363769531,122.60310363769531,122.60310363769531,122.60310363769531,0
2013-01-31,123.56109619140625,123.56109619140625,123.56109619140625,123.56109619140625,0
2013-02-01,123.89929962158203,123.89929962158203,123.89929962158203,123.89929962158203,0
2013-02-04,123.41110229492188,123.41110229492188,123.41110229492188,123.41110229492188,0
2013-02-05,122.83370208740234,122.83370208740234,122.83370208740234,122.83370208740234,0
2013-02-06,123.356201171875,123.356201171875,123.356201171875,123.356201171875,0
2013-02-07,122.41909790039062,122.41909790039062,122.41909790039062,122.41909790039062,0
2013-02-08,121.64759826660156,121.64759826660156,121.64759826660156,121.64759826660156,0
2013-02-11,121.60279846191406,121.60279846191406,121.60279846191406,121.60279846191406,0
2013-02-12,121.93550109863281,121.93550109863281,121.93550109863281,121.93550109863281,0
2013-02-13,121.09020233154297,121.09020233154297,121.09020233154297,121.09020233154297,0
2013-02-14,119.41179656982422,119.41179656982422,119.41179656982422,119.41179656982422,0
2013-02-15,119.7125015258789,119.7125015258789,119.7125015258789,119.7125015258789,0
2013-02-18,120.22039794921875,120.22039794921875,120.22039794921875,120.22039794921875,0
2013-02-19,121.33170318603516,121.33170318603516,121.33170318603516,121.33170318603516,0
2013-02-20,121.14990234375,121.14990234375,121.14990234375,121.14990234375,0
2013-02-21,118.62989807128906,118.62989807128906,118.62989807128906,118.62989807128906,0
2013-02-22,119.0438003540039,119.0438003540039,119.0438003540039,119.0438003540039,0
2013-02-25,118.39350128173828,118.39350128173828,118.39350128173828,118.39350128173828,0
2013-02-26,116.89969635009766,116.89969635009766,116.89969635009766,116.89969635009766,0
2013-02-27,118.24169921875,118.24169921875,118.24169921875,118.24169921875,0
2013-02-28,115.50789642333984,115.50789642333984,115.50789642333984,115.50789642333984,0
2013-03-01,116.54199981689453,116.54199981689453,116.54199981689453,116.54199981689453,0
2013-03-04,115.52970123291016,115.52970123291016,115.52970123291016,115.52970123291016,0
2013-03-05,117.21029663085938,117.21029663085938,117.21029663085938,117.21029663085938,0
2013-03-06,117.814697265625,117.814697265625,117.814697265625,117.814697265625,0
2013-03-07,118.2490005493164,118.2490005493164,118.2490005493164,118.2490005493164,0
2013-03-08,119.53209686279297,119.53209686279297,119.53209686279297,119.53209686279297,0
2013-03-11,119.6968002319336,119.6968002319336,119.6968002319336,119.6968002319336,0
2013-03-12,118.60970306396484,118.60970306396484,118.60970306396484,118.60970306396484,0
2013-03-13,116.76080322265625,116.76080322265625,116.76080322265625,116.76080322265625,0
2013-03-14,117.87409973144531,117.87409973144531,117.87409973144531,117.87409973144531,0
2013-03-15,117.31839752197266,117.31839752197266,117.31839752197266,117.31839752197266,0
2013-03-18,117.24759674072266,117.24759674072266,117.24759674072266,117.24759674072266,0
2013-03-19,114.90039825439453,114.90039825439453,114.90039825439453,114.90039825439453,0
2013-03-20,112.65080261230469,112.65080261230469,112.65080261230469,112.65080261230469,0
2013-03-21,111.83679962158203,111.83679962158203,111.83679962158203,111.83679962158203,0
2013-03-22,111.7968978881836,111.7968978881836,111.7968978881836,111.7968978881836,0
2013-03-25,111.1001968383789,111.1001968383789,111.1001968383789,111.1001968383789,0
2013-03-26,111.2876968383789,111.2876968383789,111.2876968383789,111.2876968383789,0
2013-03-28,113.07080078125,113.07080078125,113.07080078125,113.07080078125,0
2013-04-01,114.118896484375,114.118896484375,114.118896484375,114.118896484375,0
2013-04-02,115.7385025024414,115.7385025024414,115.7385025024414,115.7385025024414,0
2013-04-03,114.39830017089844,114.39830017089844,114.39830017089844,114.39830017089844,0
2013-04-04,112.64360046386719,112.64360046386719,112.64360046386719,112.64360046386719,0
2013-04-05,112.5905990600586,112.5905990600586,112.5905990600586,112.5905990600586,0
2013-04-08,112.95860290527344,112.95860290527344,112.95860290527344,112.95860290527344,0
2013-04-09,112.05130004882812,112.05130004882812,112.05130004882812,112.05130004882812,0
2013-04-10,113.11799621582031,113.11799621582031,113.11799621582031,113.11799621582031,0
2013-04-11,113.41590118408203,113.41590118408203,113.41590118408203,113.41590118408203,0
2013-04-12,114.12770080566406,114.12770080566406,114.12770080566406,114.12770080566406,0
2013-04-15,113.82959747314453,113.82959747314453,113.82959747314453,113.82959747314453,0
2013-04-16,115.43659973144531,115.43659973144531,115.43659973144531,115.43659973144531,0
2013-04-17,115.80889892578125,115.80889892578125,115.80889892578125,115.80889892578125,0
2013-04-18,117.28600311279297,117.28600311279297,117.28600311279297,117.28600311279297,0
2013-04-22,119.0656967163086,119.0656967163086,119.0656967163086,119.0656967163086,0
2013-04-23,118.53410339355469,118.53410339355469,118.53410339355469,118.53410339355469,0
2013-04-25,119.38420104980469,119.38420104980469,119.38420104980469,119.38420104980469,0
2013-04-26,118.89409637451172,118.89409637451172,118.89409637451172,118.89409637451172,0
2013-04-29,120.19609832763672,120.19609832763672,120.19609832763672,120.19609832763672,0
2013-04-30,121.29070281982422,121.29070281982422,121.29070281982422,121.29070281982422,0
2013-05-02,123.10150146484375,123.10150146484375,123.10150146484375,123.10150146484375,0
2013-05-03,122.79759979248047,122.79759979248047,122.79759979248047,122.79759979248047,0
2013-05-06,123.61000061035156,123.61000061035156,123.61000061035156,123.61000061035156,0
2013-05-07,124.84950256347656,124.84950256347656,124.84950256347656,124.84950256347656,0
2013-05-08,124.57649993896484,124.57649993896484,124.57649993896484,124.57649993896484,0
2013-05-09,124.1937026977539,124.1937026977539,124.1937026977539,124.1937026977539,0
2013-05-10,125.1854019165039,125.1854019165039,125.1854019165039,125.1854019165039,0
2013-05-13,123.72250366210938,123.72250366210938,123.72250366210938,123.72250366210938,0
2013-05-14,124.11799621582031,124.11799621582031,124.11799621582031,124.11799621582031,0
2013-05-15,126.40869903564453,126.40869903564453,126.40869903564453,126.40869903564453,0
2013-05-16,127.28980255126953,127.28980255126953,127.28980255126953,127.28980255126953,0
2013-05-17,128.23599243164062,128.23599243164062,128.23599243164062,128.23599243164062,0
2013-05-20,126.82659912109375,126.82659912109375,126.82659912109375,126.82659912109375,0
2013-05-21,125.92479705810547,125.92479705810547,125.92479705810547,125.92479705810547,0
2013-05-22,125.26349639892578,125.26349639892578,125.26349639892578,125.26349639892578,0
2013-05-23,123.177001953125,123.177001953125,123.177001953125,123.177001953125,0
2013-05-24,124.13300323486328,124.13300323486328,124.13300323486328,124.13300323486328,0
2013-05-27,125.61979675292969,125.61979675292969,125.61979675292969,125.61979675292969,0
2013-05-28,125.77770233154297,125.77770233154297,125.77770233154297,125.77770233154297,0
2013-05-29,125.09400177001953,125.09400177001953,125.09400177001953,125.09400177001953,0
2013-05-30,124.96700286865234,124.96700286865234,124.96700286865234,124.96700286865234,0
2013-05-31,123.96910095214844,123.96910095214844,123.96910095214844,123.96910095214844,0
2013-06-03,124.54869842529297,124.54869842529297,124.54869842529297,124.54869842529297,0
2013-06-04,125.33489990234375,125.33489990234375,125.33489990234375,125.33489990234375,0
2013-06-05,125.52230072021484,125.52230072021484,125.52230072021484,125.52230072021484,0
2013-06-06,125.04989624023438,125.04989624023438,125.04989624023438,125.04989624023438,0
2013-06-07,123.59100341796875,123.59100341796875,123.59100341796875,123.59100341796875,0
2013-06-10,121.97570037841797,121.97570037841797,121.97570037841797,121.97570037841797,0
2013-06-11,119.68710327148438,119.68710327148438,119.68710327148438,119.68710327148438,0
2013-06-12,117.96050262451172,117.96050262451172,117.96050262451172,117.96050262451172,0
2013-06-13,116.10479736328125,116.10479736328125,116.10479736328125,116.10479736328125,0
2013-06-14,117.81770324707031,117.81770324707031,117.81770324707031,117.81770324707031,0
2013-06-17,119.20950317382812,119.20950317382812,119.20950317382812,119.20950317382812,0
2013-06-18,119.72709655761719,119.72709655761719,119.72709655761719,119.72709655761719,0
2013-06-19,120.56310272216797,120.56310272216797,120.56310272216797,120.56310272216797,0
2013-06-20,117.58290100097656,117.58290100097656,117.58290100097656,117.58290100097656,0
2013-06-21,116.19740295410156,116.19740295410156,116.19740295410156,116.19740295410156,0
2013-06-24,114.44999694824219,117.0,113.1500015258789,116.11000061035156,8821
2013-06-25,115.37999725341797,116.5,112.6500015258789,115.80000305175781,17424
2013-06-26,115.12999725341797,115.4000015258789,114.1500015258789,114.18000030517578,4432
2013-06-27,115.5999984741211,116.2699966430664,114.36000061035156,115.98999786376953,2510
2013-06-28,115.91999816894531,116.9000015258789,114.72000122070312,116.0,6669
2013-07-01,119.08000183105469,119.87999725341797,115.19999694824219,115.95999908447266,19096
2013-07-02,118.62000274658203,119.83999633789062,118.22000122070312,119.69999694824219,4232
2013-07-03,116.0199966430664,118.62000274658203,115.75,118.62000274658203,10932
2013-07-04,118.0999984741211,118.5,116.05000305175781,116.05000305175781,9037
2013-07-05,118.77999877929688,119.9000015258789,118.19999694824219,119.44999694824219,10072
2013-07-08,119.06999969482422,119.9000015258789,115.25,117.0,7067
2013-07-09,119.05000305175781,119.9800033569336,117.8499984741211,118.5,2154
2013-07-10,119.87999725341797,120.5,118.5999984741211,119.0,3199
2013-07-11,120.9000015258789,121.0,119.8499984741211,120.5,8331
2013-07-12,120.80000305175781,122.44999694824219,119.66000366210938,122.0,3702
2013-07-15,121.20999908447266,121.98999786376953,120.3499984741211,121.0,17297
2013-07-16,120.01000213623047,121.25,118.75,120.0,26608
2013-07-17,119.06999969482422,121.9000015258789,118.5999984741211,120.0,8484
2013-07-18,121.83000183105469,122.0,119.41999816894531,119.5999984741211,8505
2013-07-19,121.05999755859375,122.0,121.0,121.8499984741211,5218
2013-07-22,121.7699966430664,122.0,120.5199966430664,121.69999694824219,4285
2013-07-23,120.0199966430664,122.5,119.25,122.0,43220
2013-07-24,117.2699966430664,120.4000015258789,116.80000305175781,120.0,15967
2013-07-25,116.91999816894531,117.94999694824219,116.72000122070312,117.94999694824219,6183
2013-07-26,117.0999984741211,118.43000030517578,115.1500015258789,117.77999877929688,4121
2013-07-29,115.72000122070312,116.91999816894531,115.5,115.5,6088
2013-07-30,113.41000366210938,116.83999633789062,113.0999984741211,116.83999633789062,9026
2013-07-31,113.86000061035156,113.9000015258789,111.5,113.0999984741211,7934
2013-08-01,111.5199966430664,115.94999694824219,111.0,114.88999938964844,13635
2013-08-02,109.2300033569336,112.44999694824219,108.5,111.55000305175781,32721
2013-08-05,108.86000061035156,111.3499984741211,108.52999877929688,109.55999755859375,163836
2013-08-06,109.6500015258789,111.0,107.05999755859375,108.43000030517578,41557
2013-08-07,110.7699966430664,112.44999694824219,108.26000213623047,110.0,42740
2013-08-08,112.94999694824219,114.55000305175781,110.12000274658203,110.19000244140625,5897
2013-08-12,112.22000122070312,112.9000015258789,110.62000274658203,112.5,43879
2013-08-13,113.19999694824219,113.94999694824219,109.19999694824219,109.19999694824219,5016
2013-08-14,113.45999908447266,114.5999984741211,113.44999694824219,114.0,3712
2013-08-16,111.55000305175781,114.0,110.5,114.0,8353
2013-08-19,109.0199966430664,110.0,106.0,110.0,25006
2013-08-20,107.33000183105469,107.9000015258789,104.5199966430664,107.0,12034
2013-08-21,106.12999725341797,110.4800033569336,105.11000061035156,110.4800033569336,28488
2013-08-22,105.16999816894531,106.80000305175781,104.0,106.5,34676
2013-08-23,106.69000244140625,108.0,105.31999969482422,108.0,6309
2013-08-26,107.87000274658203,109.3499984741211,107.75,108.0,6609
2013-08-27,106.06999969482422,108.6500015258789,105.0199966430664,108.6500015258789,13452
2013-08-28,104.41999816894531,106.8499984741211,100.5,106.8499984741211,57207
2013-08-29,105.9000015258789,106.0,104.2699966430664,105.87999725341797,5008
2013-08-30,105.58999633789062,106.94999694824219,104.55000305175781,106.94999694824219,7331
2013-09-02,107.87000274658203,108.1500015258789,106.02999877929688,106.9000015258789,10549
2013-09-03,105.02999877929688,108.0,104.5,108.0,9576
2013-09-04,107.13999938964844,107.4800033569336,106.19999694824219,106.19999694824219,2173
2013-09-05,107.91999816894531,108.9800033569336,107.16000366210938,108.0,6717
2013-09-06,108.20999908447266,108.80000305175781,107.22000122070312,108.77999877929688,6794
2013-09-10,110.9000015258789,111.47000122070312,108.75,109.0,13926
2013-09-11,111.05000305175781,112.0,109.9000015258789,110.9000015258789,11060
2013-09-12,111.30999755859375,112.55000305175781,110.80000305175781,111.0,74399
2013-09-13,111.02999877929688,111.80000305175781,110.6500015258789,111.80000305175781,2973
2013-09-16,110.44999694824219,113.7699966430664,109.75,112.9000015258789,9278
2013-09-17,110.61000061035156,111.41999816894531,110.0,111.05000305175781,2019
2013-09-18,110.7699966430664,111.69999694824219,110.5,111.5,3497
2013-09-19,115.31999969482422,115.5,113.0,113.0,20941
2013-09-20,114.51000213623047,115.88999938964844,112.0,113.1500015258789,35456
2013-09-23,112.87000274658203,114.5999984741211,112.25,114.54000091552734,42496
2013-09-24,113.79000091552734,113.9000015258789,111.9000015258789,111.9000015258789,24968
2013-09-25,113.66000366210938,114.44999694824219,112.5,113.05000305175781,2875
2013-09-26,113.51000213623047,114.0,113.19000244140625,113.66000366210938,5086
2013-09-27,114.41999816894531,115.0,112.8499984741211,113.8499984741211,42118
2013-09-30,114.04000091552734,114.5999984741211,113.01000213623047,114.4000015258789,18676
2013-10-01,115.12999725341797,115.4000015258789,113.05000305175781,113.19999694824219,7548
2013-10-03,115.37999725341797,116.55000305175781,115.0,115.5,7046
2013-10-04,115.31999969482422,116.4800033569336,115.0,116.0,12393
2013-10-07,115.80999755859375,116.37999725341797,114.75,115.9800033569336,12432
2013-10-08,117.01000213623047,117.9800033569336,115.75,116.5,32503
2013-10-09,118.05999755859375,118.4800033569336,115.76000213623047,117.31999969482422,459232
2013-10-10,117.87000274658203,118.25,117.5,117.58000183105469,19372
2013-10-11,119.06999969482422,119.5,118.22000122070312,118.30000305175781,348908
2013-10-14,119.55000305175781,120.69000244140625,118.25,118.25,332691
2013-10-15,117.62000274658203,120.0,117.3499984741211,119.1500015258789,217956
2013-10-17,117.87000274658203,118.97000122070312,117.19999694824219,118.97000122070312,17063
2013-10-18,118.36000061035156,119.19999694824219,117.75,118.30999755859375,304745
2013-10-21,121.05000305175781,121.9000015258789,119.0,119.0,41678
2013-10-22,120.55999755859375,121.77999877929688,119.75,119.75,10820
2013-10-23,121.43000030517578,121.9000015258789,119.9000015258789,120.75,31364
2013-10-24,120.19000244140625,122.0,120.05000305175781,121.25,8036
2013-10-25,120.2300033569336,121.6500015258789,119.25,121.6500015258789,4513
2013-10-28,119.7300033569336,120.75,119.0199966430664,119.55000305175781,1877
2013-10-29,120.4000015258789,120.5,117.5999984741211,118.33000183105469,28746
2013-10-30,121.19999694824219,121.44999694824219,120.0199966430664,120.44000244140625,4468
2013-10-31,121.6500015258789,122.0,120.44999694824219,121.75,4554
2013-11-01,122.73999786376953,123.88999938964844,121.68000030517578,121.68000030517578,16373
2013-11-05,124.37999725341797,124.80000305175781,122.6500015258789,123.8499984741211,77113
2013-11-06,122.54000091552734,124.6500015258789,122.5,124.0,3802
2013-11-07,121.68000030517578,124.0,120.77999877929688,122.5,3404
2013-11-08,120.68000030517578,122.0,120.3499984741211,120.5999984741211,7268
2013-11-11,121.19000244140625,122.0,120.30000305175781,121.66000366210938,13263
2013-11-12,120.05999755859375,121.5999984741211,119.30000305175781,120.75,3261
2013-11-13,118.94999694824219,120.91999816894531,118.4000015258789,120.0,3951
2013-11-14,122.0199966430664,123.0,120.5,120.87999725341797,22794
2013-11-18,123.9800033569336,124.19999694824219,121.0,123.0,7698
2013-11-19,123.04000091552734,124.5999984741211,122.61000061035156,124.1500015258789,5808
2013-11-20,121.79000091552734,123.68000030517578,121.5,123.66999816894531,6538
2013-11-21,120.04000091552734,121.73999786376953,120.0,120.0999984741211,1936
2013-11-22,121.0,121.2699966430664,120.3499984741211,120.3499984741211,879
2013-11-25,121.47000122070312,122.55000305175781,121.0,122.55000305175781,6939
2013-11-26,121.87000274658203,122.18000030517578,121.05999755859375,121.9800033569336,3430
2013-11-27,120.72000122070312,122.4800033569336,120.0,121.87000274658203,6340
2013-11-28,121.93000030517578,122.44999694824219,121.9000015258789,122.0,1316
2013-11-29,123.3499984741211,123.75,122.55000305175781,122.83999633789062,2628
2013-12-02,124.45999908447266,125.0,124.1500015258789,124.80000305175781,4785
2013-12-03,124.97000122070312,125.5,123.75,125.4000015258789,10801
2013-12-04,123.61000061035156,125.69999694824219,123.05999755859375,125.69999694824219,23111
2013-12-05,125.11000061035156,126.0,124.5999984741211,126.0,6540
2013-12-06,125.52999877929688,125.9800033569336,124.0199966430664,125.9800033569336,4251
2013-12-09,126.18000030517578,127.4800033569336,125.0,126.0,54694
2013-12-10,125.6500015258789,127.5,125.3499984741211,126.25,12915
2013-12-11,124.7699966430664,126.4800033569336,124.52999877929688,126.4800033569336,10434
2013-12-12,123.55000305175781,125.4800033569336,123.55000305175781,124.80000305175781,14882
2013-12-13,122.7699966430664,124.29000091552734,122.20999908447266,124.29000091552734,5262
2013-12-16,123.91000366210938,124.75,122.80000305175781,122.80000305175781,2523
2013-12-17,123.55000305175781,124.80000305175781,123.19999694824219,124.80000305175781,5434
2013-12-18,125.13999938964844,125.4000015258789,123.55000305175781,123.9800033569336,4970
2013-12-19,125.05999755859375,125.9000015258789,124.66000366210938,125.9000015258789,3833
2013-12-20,127.77999877929688,129.5,124.8499984741211,124.8499984741211,10805
2013-12-23,127.33000183105469,129.8000030517578,127.0,127.75,12479
2013-12-24,128.6699981689453,129.47999572753906,127.5,127.5,18920
2013-12-26,129.14999389648438,131.0,128.22999572753906,128.6999969482422,13063
2013-12-27,128.83999633789062,130.4499969482422,128.60000610351562,130.0,15375
2013-12-30,128.72000122070312,130.75,128.52000427246094,130.0,7053
2013-12-31,129.77999877929688,130.0,128.80999755859375,129.6699981689453,2072
2014-01-01,130.08999633789062,130.89999389648438,129.6999969482422,129.77000427246094,7559
2014-01-02,130.97000122070312,131.8000030517578,129.8000030517578,130.89999389648438,23628
2014-01-03,128.08999633789062,129.4600067138672,127.05999755859375,129.4600067138672,4849
2014-01-06,129.92999267578125,129.97999572753906,127.69999694824219,128.7899932861328,3014
2014-01-07,128.4600067138672,130.9499969482422,128.14999389648438,130.89999389648438,3417
2014-01-08,128.6999969482422,131.0,128.0,128.0,4132
2014-01-09,128.8699951171875,129.89999389648438,128.0500030517578,129.89999389648438,1218
2014-01-10,128.5399932861328,129.94000244140625,128.14999389648438,129.35000610351562,2515
2014-01-13,129.5500030517578,130.88999938964844,128.36000061035156,129.0,5507
2014-01-14,128.44000244140625,129.0,128.0500030517578,129.0,1338
2014-01-15,129.07000732421875,129.85000610351562,128.44000244140625,129.0,3179
2014-01-16,127.5,129.77999877929688,127.30000305175781,129.77999877929688,1865
2014-01-17,123.86000061035156,128.64999389648438,123.55000305175781,127.19999694824219,15664
2014-01-20,125.27999877929688,126.23999786376953,123.87999725341797,124.5,4305
2014-01-21,125.08999633789062,126.4800033569336,125.0,126.0,5089
2014-01-22,126.04000091552734,127.0999984741211,124.81999969482422,125.08999633789062,24835
2014-01-23,126.58000183105469,127.1500015258789,125.22000122070312,126.0,4944
2014-01-24,125.7300033569336,126.80000305175781,125.5,126.5999984741211,7207
2014-01-27,122.01000213623047,125.48999786376953,121.4000015258789,124.0999984741211,23971
2014-01-28,121.3499984741211,123.5,119.30000305175781,123.5,9446
2014-01-29,121.05000305175781,122.0,120.1500015258789,121.36000061035156,2682
2014-01-30,119.87999725341797,121.5999984741211,119.1500015258789,121.5999984741211,8391
2014-01-31,120.94000244140625,121.5,119.25,120.88999938964844,19891
2014-02-03,120.44999694824219,121.88999938964844,118.75,121.0,13514
2014-02-04,119.88999938964844,121.3499984741211,118.6500015258789,119.0999984741211,5680
2014-02-05,120.5,121.0,119.5999984741211,120.98999786376953,22091
2014-02-06,121.37000274658203,121.80000305175781,119.8499984741211,121.0,12266
2014-02-07,121.9000015258789,122.30000305175781,121.4000015258789,122.0,2073
2014-02-10,120.55999755859375,122.05000305175781,120.5,122.0,5297
2014-02-11,120.77999877929688,121.51000213623047,120.41000366210938,121.0999984741211,14906
2014-02-12,120.91999816894531,121.69999694824219,120.8499984741211,121.69000244140625,1622
2014-02-13,119.05000305175781,121.9000015258789,118.5199966430664,121.8499984741211,4888
2014-02-14,118.94000244140625,120.13999938964844,117.76000213623047,120.0,26887
2014-02-17,118.9000015258789,120.87000274658203,118.0,119.5,9420
2014-02-18,120.70999908447266,120.80000305175781,119.26000213623047,119.26000213623047,5757
2014-02-19,121.9000015258789,121.9000015258789,120.1500015258789,120.1500015258789,1821
2014-02-20,121.19999694824219,121.44999694824219,120.75,120.87999725341797,1004
2014-02-21,122.6500015258789,122.80000305175781,120.8499984741211,121.80000305175781,1652
2014-02-24,120.6500015258789,122.69999694824219,120.55000305175781,122.69999694824219,13523
2014-02-25,122.1500015258789,122.58000183105469,121.25,121.5999984741211,34160
2014-02-26,121.7699966430664,122.87999725341797,121.30999755859375,122.30999755859375,2542
2014-02-28,122.27999877929688,123.4000015258789,121.7300033569336,121.7300033569336,12142
2014-03-03,123.27999877929688,125.0,122.75,123.4000015258789,26350
2014-03-04,124.9000015258789,125.4000015258789,123.01000213623047,123.75,1879
2014-03-05,126.47000122070312,126.48999786376953,124.11000061035156,125.0,3546
2014-03-06,126.81999969482422,127.9000015258789,124.9000015258789,124.9000015258789,66433
2014-03-07,127.13999938964844,127.5,126.05000305175781,127.48999786376953,19937
2014-03-10,127.8499984741211,128.64999389648438,125.55000305175781,126.69999694824219,24940
2014-03-11,126.22000122070312,128.44000244140625,126.0199966430664,128.0,128676
2014-03-12,127.77999877929688,128.19000244140625,126.05000305175781,127.0,17696
2014-03-13,126.80999755859375,128.0,126.0999984741211,128.0,24715
2014-03-14,125.41000366210938,127.5,125.3499984741211,126.5999984741211,32422
2014-03-18,126.5,128.0,125.75,126.0,53297
2014-03-19,128.1300048828125,128.5800018310547,127.30999755859375,127.87999725341797,22649
2014-03-20,127.4800033569336,128.60000610351562,127.05999755859375,128.47000122070312,22946
2014-03-21,127.11000061035156,128.75,126.83000183105469,128.47999572753906,36836
2014-03-24,129.44000244140625,129.5,128.0,128.0,24300
2014-03-25,128.39999389648438,129.8000030517578,128.0,129.3000030517578,43254
2014-03-26,129.8699951171875,132.0,128.75,129.6999969482422,30416
2014-03-27,129.9499969482422,130.47999572753906,127.25,130.0,79749
2014-03-28,130.22000122070312,130.6999969482422,130.0,130.6999969482422,11489
2014-03-31,132.9199981689453,133.47999572753906,130.25,133.47999572753906,25500
2014-04-01,133.52999877929688,134.77999877929688,133.0,133.0,19112
2014-04-02,135.9499969482422,136.0,133.5500030517578,134.0,113567
2014-04-03,134.25,135.9499969482422,134.0,135.9499969482422,3245
2014-04-04,135.33999633789062,135.83999633789062,131.41000366210938,134.0,41953
2014-04-07,134.60000610351562,135.5,133.5500030517578,135.39999389648438,21076
2014-04-09,137.25999450683594,137.5,134.5,134.5,20581
2014-04-10,140.8300018310547,141.8800048828125,137.32000732421875,137.75,34791
2014-04-11,139.66000366210938,140.44000244140625,136.52000427246094,136.52000427246094,10577
2014-04-15,137.47000122070312,139.75,136.52000427246094,139.75,9147
2014-04-16,136.55999755859375,139.8000030517578,136.35000610351562,139.8000030517578,3677
2014-04-17,136.25999450683594,137.97000122070312,135.36000061035156,137.89999389648438,18003
2014-04-21,137.9600067138672,139.4499969482422,135.8000030517578,137.0,16196
2014-04-22,139.0,139.63999938964844,138.25,138.89999389648438,3298
2014-04-23,139.82000732421875,140.47999572753906,138.5399932861328,139.0,16719
2014-04-25,139.39999389648438,140.9600067138672,138.22000122070312,140.0,50722
2014-04-28,139.6199951171875,139.77999877929688,139.0,139.4499969482422,5081
2014-04-29,138.24000549316406,140.14999389648438,138.0,139.11000061035156,4837
2014-04-30,135.83999633789062,139.5,135.05999755859375,139.35000610351562,22717
2014-05-02,137.24000549316406,138.6999969482422,135.5,137.97999572753906,5932
2014-05-05,137.47999572753906,138.1999969482422,136.6199951171875,137.89999389648438,8653
2014-05-06,136.72000122070312,138.6999969482422,136.41000366210938,137.32000732421875,6941
2014-05-07,137.0399932861328,138.47999572753906,136.0500030517578,137.99000549316406,8777
2014-05-08,136.25,138.39999389648438,136.10000610351562,138.39999389648438,2226
2014-05-09,139.41000366210938,139.5,137.0,137.1999969482422,11748
2014-05-12,139.77000427246094,141.99000549316406,139.0,139.5,45597
2014-05-13,143.1199951171875,145.44000244140625,140.0,140.0500030517578,122900
2014-05-14,145.0,146.83999633789062,143.1199951171875,143.1199951171875,23766
2014-05-15,146.47000122070312,148.0,144.0,145.0,731329
2014-05-16,148.6199951171875,153.75,145.0,145.0,112125
2014-05-19,155.77999877929688,159.6999969482422,148.9499969482422,149.0500030517578,187810
2014-05-20,157.39999389648438,158.85000610351562,155.25,157.5,50625
2014-05-21,156.30999755859375,158.6999969482422,155.1999969482422,157.97999572753906,85422
2014-05-22,159.77000427246094,160.6999969482422,157.85000610351562,158.47999572753906,67250
2014-05-23,162.17999267578125,164.0,159.0,161.6999969482422,48191
2014-05-26,158.1300048828125,165.8000030517578,156.60000610351562,162.97000122070312,177729
2014-05-27,156.30999755859375,158.0,155.0,158.0,24093
2014-05-28,156.58999633789062,157.64999389648438,156.0,156.0500030517578,13765
2014-05-29,155.24000549316406,158.97999572753906,153.35000610351562,156.75,34794
2014-05-30,155.1699981689453,157.8800048828125,155.0,155.89999389648438,10649
2014-06-02,159.58999633789062,159.89999389648438,156.0,156.0,13068
2014-06-03,160.27000427246094,161.8699951171875,158.72000122070312,159.89999389648438,13429
2014-06-04,161.80999755859375,162.0,160.27000427246094,160.27000427246094,30154
2014-06-05,165.55999755859375,170.0,162.0,162.7899932861328,51448
2014-06-06,164.94000244140625,168.0,163.25,166.97999572753906,32951
2014-06-09,167.5,168.85000610351562,165.75,165.75,30482
2014-06-10,167.52999877929688,168.97999572753906,164.0,168.0,12727
2014-06-11,165.50999450683594,168.0,164.02999877929688,166.02999877929688,22677
2014-06-12,163.4499969482422,166.97999572753906,163.14999389648438,166.0,691043
2014-06-13,160.1699981689453,166.0,158.52000427246094,163.0,41525
2014-06-16,160.1199951171875,160.6999969482422,158.0,160.1999969482422,11023
2014-06-17,161.75999450683594,162.0,159.02000427246094,160.10000610351562,21405
2014-06-18,160.5,164.0,160.0,162.0,13725
2014-06-19,159.94000244140625,163.14999389648438,159.0,160.75,12982
2014-06-20,159.52999877929688,160.75,158.75,160.0,7847
2014-06-23,159.72999572753906,161.89999389648438,159.0500030517578,160.0,11694
2014-06-24,161.11000061035156,162.0,160.0,160.0,9504
2014-06-25,160.4499969482422,162.3800048828125,160.3000030517578,161.5,10421
2014-06-26,161.44000244140625,162.3000030517578,160.0,160.75,13549
2014-06-27,161.66000366210938,163.0,161.07000732421875,163.0,6120
2014-06-30,164.5800018310547,165.0,162.0,162.0,40136
2014-07-01,167.5800018310547,168.1999969482422,165.02000427246094,165.89999389648438,71796
2014-07-02,169.36000061035156,169.88999938964844,166.14999389648438,166.14999389648438,13276
2014-07-03,169.32000732421875,171.0,168.60000610351562,170.0,35130
2014-07-04,170.83999633789062,171.0,167.83999633789062,171.0,35021
2014-07-07,169.33999633789062,170.9499969482422,168.3699951171875,170.9499969482422,19606
2014-07-08,165.5,170.5800018310547,164.0,170.0,22797
2014-07-09,162.11000061035156,167.0,160.64999389648438,167.0,50715
2014-07-10,162.0800018310547,165.8000030517578,156.35000610351562,163.0,48329
2014-07-11,156.97999572753906,163.8800048828125,156.0,163.8800048828125,33434
2014-07-14,159.35000610351562,160.60000610351562,156.10000610351562,158.0,11655
2014-07-15,162.36000061035156,163.1999969482422,159.52000427246094,160.0,21281
2014-07-16,164.6199951171875,164.89999389648438,162.36000061035156,162.36000061035156,3776
2014-07-17,166.69000244140625,170.75,163.02999877929688,167.97999572753906,5415
2014-07-18,164.75,165.97000122070312,164.0,165.9499969482422,3550
2014-07-21,165.72000122070312,168.0,165.0,165.0,11660
2014-07-22,165.94000244140625,167.0,165.0,165.89999389648438,14870
2014-07-23,164.85000610351562,167.0,164.6999969482422,166.10000610351562,12102
2014-07-24,165.24000549316406,167.0,164.10000610351562,164.85000610351562,18684
2014-07-25,162.0399932861328,169.0,161.52000427246094,169.0,8789
2014-07-28,162.52999877929688,163.89999389648438,161.32000732421875,162.5,9682
2014-07-30,163.14999389648438,164.85000610351562,162.11000061035156,164.85000610351562,13109
2014-07-31,163.60000610351562,164.9499969482422,163.10000610351562,163.10000610351562,7677
2014-08-01,162.22000122070312,164.5,161.36000061035156,163.3300018310547,8012
2014-08-04,164.2100067138672,164.67999267578125,163.17999267578125,164.67999267578125,4947
2014-08-05,164.42999267578125,165.24000549316406,163.4499969482422,165.0,10188
2014-08-06,163.75999450683594,166.0,163.5,164.1999969482422,5971
2014-08-07,163.91000366210938,164.97000122070312,163.05999755859375,164.0,5126
2014-08-08,164.8300018310547,167.85000610351562,161.3000030517578,163.0,19469
2014-08-11,163.35000610351562,165.0,163.10000610351562,165.0,15175
2014-08-12,164.47999572753906,165.0,162.60000610351562,163.0,3276
2014-08-13,162.97000122070312,165.97000122070312,162.41000366210938,163.52000427246094,9225
2014-08-14,164.0,166.5,163.0,164.67999267578125,6122
2014-08-18,168.97999572753906,169.0,163.32000732421875,164.25,23246
2014-08-19,167.75999450683594,169.6999969482422,166.75,169.0,51262
2014-08-20,168.97999572753906,170.0,167.8000030517578,168.0,11987
2014-08-21,169.27000427246094,171.0,168.5,169.5,21539
2014-08-22,169.89999389648438,172.9600067138672,169.5,169.5,12709
2014-08-25,168.4499969482422,171.5,166.5500030517578,170.5,11859
2014-08-26,169.35000610351562,169.97000122070312,167.02999877929688,169.0,3639
2014-08-27,167.7899932861328,171.0,167.5,170.8000030517578,7386
2014-08-28,169.72999572753906,169.88999938964844,168.1199951171875,169.0,3051
2014-09-01,171.13999938964844,172.97999572753906,168.89999389648438,170.0,25066
2014-09-02,175.0,175.5,171.0,171.0,36236
2014-09-03,174.0,177.60000610351562,172.85000610351562,177.60000610351562,10433
2014-09-04,172.8800048828125,176.8000030517578,172.5500030517578,176.8000030517578,77234
2014-09-05,174.6300048828125,175.25,172.0,172.0,17945
2014-09-08,177.08999633789062,178.47999572753906,166.14999389648438,174.75,12792
2014-09-09,177.75,179.0,174.77000427246094,177.0,28590
2014-09-10,176.10000610351562,178.47999572753906,175.25,178.0,9817
2014-09-11,176.32000732421875,177.0,175.11000061035156,175.11000061035156,29264
2014-09-12,176.91000366210938,177.35000610351562,175.61000061035156,177.0,3631
2014-09-15,175.6199951171875,177.67999267578125,175.0500030517578,176.6999969482422,122841
2014-09-16,169.8699951171875,177.47000122070312,169.50999450683594,175.0,26324
2014-09-17,171.8699951171875,173.8000030517578,170.3000030517578,173.8000030517578,11840
2014-09-18,174.2899932861328,174.97999572753906,172.0,173.0,17757
2014-09-19,175.49000549316406,176.97999572753906,174.89999389648438,174.89999389648438,6824
2014-09-22,175.7100067138672,177.5,172.5500030517578,175.6999969482422,9304
2014-09-23,173.52999877929688,176.8000030517578,172.5,176.8000030517578,18299
2014-09-24,169.74000549316406,174.0,168.1999969482422,174.0,10508
2014-09-25,167.3800048828125,171.0,166.3000030517578,170.89999389648438,10724
2014-09-26,169.35000610351562,169.6999969482422,165.0,167.0,21082
2014-09-29,171.1699981689453,172.6999969482422,170.0,170.0,76577
2014-09-30,170.85000610351562,173.6999969482422,170.0500030517578,170.0500030517578,14537
2014-10-01,171.4499969482422,173.25,170.52000427246094,172.0,18472
2014-10-07,168.41000366210938,171.5500030517578,168.10000610351562,171.5500030517578,72878
2014-10-08,167.9600067138672,169.39999389648438,167.0500030517578,169.35000610351562,9167
2014-10-09,169.9600067138672,170.64999389648438,166.75,167.0,11060
2014-10-10,166.2899932861328,169.0,166.0,168.14999389648438,11169
2014-10-13,168.63999938964844,169.89999389648438,164.75,167.47999572753906,29542
2014-10-14,168.2100067138672,169.77999877929688,168.0500030517578,168.5,22664
2014-10-16,165.0500030517578,169.27999877929688,163.64999389648438,168.64999389648438,10546
2014-10-17,166.22000122070312,167.0,165.10000610351562,167.0,14788
2014-10-20,167.9600067138672,169.8000030517578,167.0,167.0,9657
2014-10-21,171.4499969482422,172.35000610351562,168.25,168.25,42208
2014-10-22,172.2100067138672,172.4499969482422,171.0,171.0,5855
2014-10-27,171.88999938964844,173.89999389648438,171.25,173.19000244140625,26081
2014-10-28,172.5500030517578,173.0,171.75,171.75,7267
2014-10-29,173.55999755859375,174.0,173.0,173.0500030517578,9039
2014-10-30,174.0500030517578,174.9499969482422,172.72000122070312,174.0,76272
2014-10-31,179.91000366210938,180.0,175.0,175.89999389648438,42867
2014-11-03,179.74000549316406,182.8000030517578,178.39999389648438,180.0,50460
2014-11-05,178.75999450683594,180.58999633789062,178.0500030517578,180.0,42873
2014-11-07,178.47999572753906,180.0,178.10000610351562,180.0,9022
2014-11-10,179.50999450683594,181.5,179.0500030517578,179.88999938964844,9722
2014-11-11,181.0800018310547,182.0,180.0,180.94000244140625,11396
2014-11-12,182.9600067138672,183.89999389648438,180.9499969482422,181.1999969482422,12146
2014-11-13,184.50999450683594,186.0,182.52000427246094,184.0,18263
2014-11-14,184.39999389648438,184.9499969482422,183.00999450683594,184.4499969482422,3913
2014-11-17,186.00999450683594,186.89999389648438,182.64999389648438,182.64999389648438,7874
2014-11-18,188.2100067138672,188.75,186.1300048828125,186.83999633789062,9878
2014-11-19,184.30999755859375,189.64999389648438,183.75,188.97999572753906,8113
2014-11-20,185.00999450683594,186.75,183.60000610351562,184.7100067138672,7540
2014-11-21,185.5800018310547,187.35000610351562,184.64999389648438,184.64999389648438,3781
2014-11-24,185.99000549316406,186.75,185.0500030517578,186.0,13451
2014-11-25,182.89999389648438,186.8000030517578,181.39999389648438,186.8000030517578,33115
2014-11-26,184.80999755859375,185.9499969482422,182.0500030517578,183.0,7854
2014-11-27,186.1300048828125,187.0,183.0500030517578,184.0500030517578,9650
2014-11-28,186.0399932861328,187.77999877929688,185.0800018310547,186.97999572753906,9300
2014-12-01,185.8300018310547,192.0,185.5,186.97999572753906,32385
2014-12-02,188.72000122070312,189.67999267578125,185.05999755859375,186.8800048828125,5876
2014-12-03,189.89999389648438,190.89999389648438,189.0,189.0,5649
2014-12-04,190.99000549316406,197.60000610351562,189.52000427246094,190.0,15072
2014-12-05,190.50999450683594,194.0,188.0,190.0,16921
2014-12-08,186.22999572753906,191.4499969482422,185.5,190.0,15528
2014-12-09,183.52000427246094,187.8000030517578,182.5500030517578,186.05999755859375,10907
2014-12-10,186.9600067138672,187.47999572753906,183.27999877929688,184.47999572753906,14507
2014-12-11,185.19000244140625,186.0,184.0500030517578,185.9499969482422,19279
2014-12-12,183.1300048828125,186.0,182.55999755859375,186.0,13119
2014-12-15,181.97999572753906,184.6699981689453,181.6999969482422,183.0,11981
2014-12-16,178.3300018310547,183.0,177.0,182.0,45709
2014-12-17,178.1999969482422,179.47999572753906,173.02000427246094,177.5500030517578,61894
2014-12-18,183.08999633789062,186.8000030517578,177.14999389648438,180.0,15140
2014-12-19,182.72000122070312,186.0500030517578,182.0,184.89999389648438,49184
2014-12-22,184.83999633789062,188.8000030517578,182.0,188.8000030517578,18405
2014-12-23,183.07000732421875,186.0,182.2100067138672,184.5,18061
2014-12-24,183.75999450683594,184.35000610351562,181.5500030517578,183.77999877929688,13073
2014-12-26,183.69000244140625,184.4499969482422,182.60000610351562,183.60000610351562,10627
2014-12-29,184.4600067138672,185.75999450683594,183.80999755859375,184.85000610351562,9376
2014-12-30,184.88999938964844,185.5,183.35000610351562,184.02000427246094,10433
2014-12-31,186.49000549316406,187.0,185.0,185.66000366210938,5770
2015-01-01,189.02999877929688,189.8000030517578,186.0,186.0,6575
2015-01-02,190.47000122070312,191.39999389648438,188.52000427246094,189.85000610351562,4031
2015-01-05,191.22000122070312,193.47999572753906,190.10000610351562,191.0,31733
2015-01-06,186.4600067138672,189.8800048828125,183.52000427246094,188.14999389648438,23311
2015-01-07,183.97999572753906,187.89999389648438,183.24000549316406,187.89999389648438,27284
2015-01-08,186.25,187.0,184.3000030517578,185.89999389648438,14075
2015-01-09,185.0,189.39999389648438,184.14999389648438,187.89999389648438,9368
2015-01-12,186.8000030517578,187.47999572753906,185.0,185.0,9046
2015-01-13,187.9600067138672,188.77999877929688,187.0,187.0,6006
2015-01-14,186.88999938964844,188.97999572753906,186.0,187.0,6351
2015-01-15,191.61000061035156,192.0,187.97999572753906,187.97999572753906,8694
2015-01-16,191.25999450683594,191.8000030517578,189.0,190.14999389648438,2195
2015-01-19,190.99000549316406,192.8000030517578,190.5,191.89999389648438,116616
2015-01-20,191.86000061035156,193.0,190.55999755859375,192.4499969482422,9786
2015-01-21,192.02999877929688,193.97999572753906,191.86000061035156,192.3000030517578,7720
2015-01-22,192.13999938964844,193.67999267578125,191.0,191.0500030517578,19642
2015-01-23,194.64999389648438,195.74000549316406,192.52000427246094,194.0,9023
2015-01-27,194.38999938964844,196.5,193.0500030517578,195.39999389648438,25469
2015-01-28,197.07000732421875,197.97999572753906,194.52000427246094,194.99000549316406,36286
2015-01-29,196.55999755859375,198.6999969482422,195.0,198.6999969482422,14349
2015-01-30,196.67999267578125,197.85000610351562,195.0,197.0,14264
2015-02-02,196.4199981689453,197.8000030517578,195.02000427246094,197.8000030517578,13435
2015-02-03,196.02999877929688,198.97999572753906,196.0,197.0,24667
2015-02-04,194.74000549316406,196.9499969482422,194.2100067138672,196.0500030517578,16247
2015-02-05,193.57000732421875,195.97999572753906,193.0500030517578,194.3000030517578,5644
2015-02-06,193.02000427246094,193.99000549316406,192.02000427246094,192.1999969482422,3998
2015-02-09,189.50999450683594,192.0,189.3000030517578,191.3000030517578,8453
2015-02-10,193.88999938964844,200.0,189.0,190.0500030517578,16828
2015-02-11,193.80999755859375,195.89999389648438,191.80999755859375,193.0399932861328,24077
2015-02-12,194.58999633789062,195.47999572753906,192.5500030517578,194.6999969482422,11909
2015-02-13,196.33999633789062,197.1999969482422,195.0,195.6999969482422,6912
2015-02-16,196.94000244140625,198.25,196.0500030517578,196.52000427246094,6322
2015-02-18,196.0,197.89999389648438,193.0,196.0500030517578,15886
2015-02-19,195.42999267578125,197.75,194.14999389648438,197.75,13555
2015-02-20,196.5800018310547,197.75,194.75999450683594,196.88999938964844,7480
2015-02-23,196.77999877929688,197.74000549316406,196.14999389648438,197.0,2734
2015-02-24,194.49000549316406,197.0,194.0,195.11000061035156,10218
2015-02-25,195.92999267578125,197.0,195.5,195.89999389648438,6915
2015-02-26,194.02999877929688,196.39999389648438,193.60000610351562,195.1999969482422,18086
2015-02-27,197.8000030517578,198.5,194.5500030517578,194.5500030517578,20852
2015-02-28,197.7736053466797,197.7736053466797,197.7736053466797,197.7736053466797,0
2015-03-02,199.13999938964844,200.0,197.3000030517578,198.83999633789062,11688
2015-03-03,200.52000427246094,201.0,199.0,199.25,8523
2015-03-04,199.64999389648438,204.0,198.0,201.0,8421
2015-03-05,200.02000427246094,202.0,198.60000610351562,199.89999389648438,5947
2015-03-09,198.19000244140625,200.75999450683594,198.0,199.0,23924
2015-03-10,198.94000244140625,200.9499969482422,197.0,197.02000427246094,84615
2015-03-11,197.42999267578125,200.25,196.10000610351562,199.0500030517578,7757
2015-03-12,199.97999572753906,200.47999572753906,197.89999389648438,198.27000427246094,6362
2015-03-13,199.16000366210938,201.69000244140625,197.5,200.1999969482422,11177
2015-03-16,196.22000122070312,202.0,196.0,202.0,7936
2015-03-17,199.17999267578125,201.64999389648438,197.0,197.75999450683594,9545
2015-03-18,202.47999572753906,203.77999877929688,199.14999389648438,199.99000549316406,21107
2015-03-19,199.7100067138672,202.85000610351562,198.5,201.0,3357
2015-03-20,198.5500030517578,200.4499969482422,197.10000610351562,200.4499969482422,7880
2015-03-23,195.52000427246094,199.89999389648438,195.36000061035156,198.0,15062
2015-03-24,195.0,196.35000610351562,194.5500030517578,195.9499969482422,9384
2015-03-25,193.92999267578125,196.67999267578125,192.9499969482422,196.0,12724
2015-03-26,194.9499969482422,196.0,193.89999389648438,194.0500030517578,9603
2015-03-27,192.1199951171875,195.5,190.89999389648438,195.5,13216
2015-03-30,194.19000244140625,194.89999389648438,193.25,193.89999389648438,7758
2015-03-31,194.00999450683594,195.8800048828125,193.6999969482422,194.0,10627
2015-04-01,196.02999877929688,196.47999572753906,193.10000610351562,195.35000610351562,5762
2015-04-06,198.85000610351562,199.0,196.1999969482422,196.64999389648438,29950
2015-04-07,202.64999389648438,204.0,198.52000427246094,199.3000030517578,8119
2015-04-08,201.0800018310547,203.75,200.3800048828125,202.0500030517578,8753
2015-04-09,207.44000244140625,208.5,201.6999969482422,202.75,16240
2015-04-10,204.80999755859375,207.0,203.35000610351562,207.0,8238
2015-04-13,207.24000549316406,207.6999969482422,203.5,205.0,10965
2015-04-15,206.27999877929688,208.0,204.10000610351562,207.5,9021
2015-04-16,203.05999755859375,206.74000549316406,202.89999389648438,206.74000549316406,7870
2015-04-17,198.13999938964844,203.97999572753906,197.57000732421875,203.97999572753906,11745
2015-04-20,196.55999755859375,200.33999633789062,196.0,199.0500030517578,9082
2015-04-21,195.13999938964844,197.99000549316406,194.75999450683594,196.97999572753906,9838
2015-04-22,197.25,198.0,194.99000549316406,197.0500030517578,6111
2015-04-23,198.55999755859375,199.0,197.02000427246094,198.77999877929688,9060
2015-04-24,194.1699981689453,200.0,192.0500030517578,200.0,71221
2015-04-27,190.66000366210938,195.0,188.9499969482422,195.0,44217
2015-04-28,192.25,198.0,189.02000427246094,198.0,32823
2015-04-29,191.58999633789062,194.08999633789062,190.8000030517578,193.0,17189
2015-04-30,192.8000030517578,193.89999389648438,190.0500030517578,191.97999572753906,6656
2015-05-04,194.97000122070312,196.5,193.0,193.0,12947
2015-05-05,195.4600067138672,196.4499969482422,195.00999450683594,195.5,14911
2015-05-06,192.6300048828125,196.67999267578125,192.0,196.67999267578125,9753
2015-05-07,186.19000244140625,195.0500030517578,185.5,194.39999389648438,39112
2015-05-08,188.3300018310547,189.4499969482422,187.89999389648438,189.39999389648438,20662
2015-05-11,193.0500030517578,193.9499969482422,189.60000610351562,190.0,12231
2015-05-12,191.22000122070312,193.97999572753906,189.60000610351562,193.02000427246094,18167
2015-05-13,195.50999450683594,196.89999389648438,191.25,191.64999389648438,64958
2015-05-14,195.6999969482422,196.0,194.39999389648438,195.44000244140625,2571
2015-05-15,196.6699981689453,198.75,196.1999969482422,196.89999389648438,9762
2015-05-18,198.67999267578125,198.97999572753906,196.52000427246094,197.89999389648438,56608
2015-05-19,198.91000366210938,199.89999389648438,197.16000366210938,198.72999572753906,55868
2015-05-20,199.50999450683594,200.47999572753906,199.3000030517578,199.5,4477
2015-05-21,199.5800018310547,200.8000030517578,197.58999633789062,200.8000030517578,39045
2015-05-22,199.92999267578125,200.89999389648438,198.72000122070312,199.89999389648438,3067
2015-05-25,199.9199981689453,201.44000244140625,198.8000030517578,200.0,7254
2015-05-26,197.86000061035156,200.8000030517578,196.60000610351562,200.0,12685
2015-05-27,198.8800048828125,199.0,197.0,197.5,10948
2015-05-28,196.35000610351562,199.8800048828125,195.14999389648438,199.5,17328
2015-05-29,198.3000030517578,199.89999389648438,197.5,198.0,5668
2015-06-01,198.47999572753906,200.89999389648438,198.3000030517578,200.0,7883
2015-06-02,195.4499969482422,199.8699951171875,195.0,199.8699951171875,14142
2015-06-03,192.25,196.0500030517578,191.60000610351562,196.0500030517578,14092
2015-06-04,193.30999755859375,194.97999572753906,191.5500030517578,193.0500030517578,4408
2015-06-05,193.44000244140625,194.64999389648438,193.0,193.0,6600
2015-06-08,189.99000549316406,194.75,189.52000427246094,193.0,10489
2015-06-09,191.47999572753906,192.97999572753906,189.4499969482422,191.89999389648438,10082
2015-06-10,192.52000427246094,193.39999389648438,191.47999572753906,191.47999572753906,6017
2015-06-11,191.07000732421875,193.8000030517578,190.60000610351562,193.8000030517578,7444
2015-06-12,190.63999938964844,191.39999389648438,189.89999389648438,190.0,7087
2015-06-15,190.0399932861328,193.5,189.6999969482422,190.11000061035156,27108
2015-06-16,190.47999572753906,190.99000549316406,190.0,190.9499969482422,4510
2015-06-17,192.67999267578125,193.5,191.0,191.89999389648438,21312
2015-06-18,194.25999450683594,194.75,191.11000061035156,191.11000061035156,2947
2015-06-19,195.60000610351562,195.8800048828125,194.25999450683594,194.25999450683594,4788
2015-06-22,197.17999267578125,197.85000610351562,195.35000610351562,196.0,6171
2015-06-23,197.5800018310547,199.25,197.39999389648438,198.02000427246094,9641
2015-06-24,197.91000366210938,199.75,197.5500030517578,198.02000427246094,6910
2015-06-25,199.1999969482422,199.6999969482422,195.11000061035156,196.02000427246094,5465
2015-06-26,197.77999877929688,199.97999572753906,197.6999969482422,199.97000122070312,8347
2015-06-29,196.52999877929688,196.97000122070312,193.60000610351562,196.97000122070312,12388
2015-06-30,196.92999267578125,198.9499969482422,195.25,197.0,17653
2015-07-01,201.75999450683594,202.5500030517578,197.67999267578125,197.89999389648438,14344
2015-07-02,203.6199951171875,203.89999389648438,200.0,200.0,13863
2015-07-03,201.14999389648438,204.0,201.0,203.9499969482422,9574
2015-07-06,203.49000549316406,204.25,198.35000610351562,200.10000610351562,18372
2015-07-07,204.1999969482422,205.0,203.0,203.0,12730
2015-07-08,202.67999267578125,204.4499969482422,202.14999389648438,203.8000030517578,20250
2015-07-09,202.94000244140625,203.8800048828125,202.5399932861328,203.8800048828125,7178
2015-07-10,203.1300048828125,203.77999877929688,202.5500030517578,203.77999877929688,12476
2015-07-13,204.36000061035156,204.89999389648438,203.64999389648438,204.89999389648438,10164
2015-07-14,204.83999633789062,206.89999389648438,204.0,204.8000030517578,9863
2015-07-15,204.5500030517578,207.6999969482422,204.44000244140625,205.25,30529
2015-07-16,207.0,207.25,205.0,205.0,22107
2015-07-17,208.64999389648438,209.0,206.72000122070312,206.72000122070312,6194
2015-07-20,209.0,209.6999969482422,207.14999389648438,209.6999969482422,7169
2015-07-21,206.3300018310547,209.99000549316406,205.52000427246094,209.25,4915
2015-07-22,207.1699981689453,208.39999389648438,206.25999450683594,206.6999969482422,18247
2015-07-23,207.9499969482422,210.0,207.75,208.8000030517578,12890
2015-07-24,207.27000427246094,209.8000030517578,207.02000427246094,207.02000427246094,3627
2015-07-27,204.1699981689453,206.97999572753906,203.75,206.97999572753906,14741
2015-07-28,205.0,205.8800048828125,204.07000732421875,205.0,3513
2015-07-29,205.5,206.97999572753906,204.50999450683594,205.0,4015
2015-07-30,207.3000030517578,207.3800048828125,205.0,205.0,1945
2015-07-31,209.57000732421875,211.0,207.3000030517578,207.97999572753906,10599
2015-08-03,210.77999877929688,211.0,208.8000030517578,209.97999572753906,23930
2015-08-04,212.9600067138672,213.25,210.6199951171875,212.0,3814
2015-08-05,216.67999267578125,216.85000610351562,214.0,214.0,13004
2015-08-06,216.64999389648438,217.0,215.0,216.0,1903
2015-08-07,215.97000122070312,217.0,215.5,216.5,3646
2015-08-10,216.52999877929688,218.39999389648438,215.9499969482422,216.8800048828125,10296
2015-08-11,213.52999877929688,217.77000427246094,211.32000732421875,216.52999877929688,13768
2015-08-12,210.08999633789062,214.77999877929688,209.3000030517578,214.77999877929688,8831
2015-08-13,210.5500030517578,213.64999389648438,209.5,212.77999877929688,5602
2015-08-14,212.52000427246094,213.89999389648438,210.3000030517578,212.97999572753906,8373
2015-08-17,213.94000244140625,215.85000610351562,211.8000030517578,212.60000610351562,13299
2015-08-18,215.00999450683594,216.67999267578125,214.02000427246094,215.0,3943
2015-08-19,215.17999267578125,216.3000030517578,215.14999389648438,215.5,4682
2015-08-20,213.6999969482422,216.5,213.05999755859375,215.67999267578125,7104
2015-08-21,210.63999938964844,214.89999389648438,209.10000610351562,214.89999389648438,21537
2015-08-24,194.80999755859375,209.0500030517578,193.5,209.0500030517578,66687
2015-08-25,199.13999938964844,205.9499969482422,190.5,198.89999389648438,53718
2015-08-26,197.89999389648438,203.9499969482422,194.11000061035156,199.6999969482422,40712
2015-08-27,201.8000030517578,201.97999572753906,199.10000610351562,201.8000030517578,4857
2015-08-28,203.5500030517578,205.64999389648438,201.11000061035156,203.0,11925
2015-08-31,202.4199981689453,204.9499969482422,201.11000061035156,204.4499969482422,7553
2015-09-01,199.00999450683594,203.4499969482422,198.00999450683594,203.0,14352
2015-09-02,200.33999633789062,202.8000030517578,198.5,202.6999969482422,15108
2015-09-03,199.5399932861328,202.8000030517578,199.4600067138672,202.8000030517578,6659
2015-09-04,197.9499969482422,205.9499969482422,195.11000061035156,199.60000610351562,17342
2015-09-07,192.47000122070312,199.85000610351562,191.52000427246094,199.85000610351562,22456
2015-09-08,191.64999389648438,194.8000030517578,189.0,194.8000030517578,17760
2015-09-09,195.1199951171875,196.89999389648438,193.64999389648438,194.8000030517578,14946
2015-09-10,195.27999877929688,198.60000610351562,192.0,195.8800048828125,10092
2015-09-11,195.63999938964844,198.39999389648438,195.5,196.8000030517578,6500
2015-09-14,198.9600067138672,199.47999572753906,197.0,197.0,7083
2015-09-15,197.5,199.9499969482422,196.75,199.39999389648438,12670
2015-09-16,197.69000244140625,198.97999572753906,197.10000610351562,198.97999572753906,5336
2015-09-18,199.91000366210938,201.17999267578125,198.50999450683594,199.85000610351562,8433
2015-09-21,198.58999633789062,199.89999389648438,197.02000427246094,199.47999572753906,5197
2015-09-22,196.97999572753906,209.69000244140625,195.0500030517578,199.52000427246094,53777
2015-09-23,196.97000122070312,198.8800048828125,192.0,192.25,10393
2015-09-24,197.42999267578125,198.0,196.0,197.0,2769
2015-09-28,194.22999572753906,197.8800048828125,193.52000427246094,197.47999572753906,8290
2015-09-29,194.3699951171875,194.88999938964844,191.89999389648438,193.0,12311
2015-09-30,197.61000061035156,197.77999877929688,194.0,195.89999389648438,27542
2015-10-01,198.1300048828125,199.5,197.64999389648438,198.97999572753906,5152
2015-10-05,202.10000610351562,203.5,199.05999755859375,200.0,6007
2015-10-06,203.99000549316406,205.97999572753906,201.2100067138672,202.0,13230
2015-10-07,203.8699951171875,204.9499969482422,202.6999969482422,202.6999969482422,3509
2015-10-08,201.39999389648438,204.97999572753906,201.0,203.89999389648438,26741
2015-10-09,201.2899932861328,204.39999389648438,200.5,202.10000610351562,5281
2015-10-12,201.3000030517578,202.97999572753906,200.2100067138672,202.0,5797
2015-10-13,200.69000244140625,202.99000549316406,200.02999877929688,201.0,11250
2015-10-14,199.72000122070312,201.8800048828125,199.10000610351562,201.0,3687
2015-10-15,201.0500030517578,202.4499969482422,200.0399932861328,201.3800048828125,4595
2015-10-16,202.38999938964844,202.75,200.6999969482422,202.0,2474
2015-10-19,202.9199981689453,204.0,202.0,204.0,3645
2015-10-20,202.8800048828125,204.0,202.02000427246094,202.02000427246094,4973
2015-10-21,202.1199951171875,204.02000427246094,201.4499969482422,204.02000427246094,4503
2015-10-23,200.97000122070312,203.85000610351562,200.02000427246094,203.0,10918
2015-10-26,200.85000610351562,202.97999572753906,200.02000427246094,202.97999572753906,4553
2015-10-27,200.02999877929688,201.6999969482422,199.3800048828125,201.0,4086
2015-10-28,198.6999969482422,201.8000030517578,197.05999755859375,200.0,8138
2015-10-29,198.33999633789062,199.97999572753906,197.89999389648438,199.92999267578125,6412
2015-10-30,199.0,200.75,198.66000366210938,199.3800048828125,8102
2015-11-02,199.25,200.89999389648438,197.6300048828125,200.89999389648438,8927
2015-11-03,199.47999572753906,201.3000030517578,198.0,200.0,29368
2015-11-04,199.8300018310547,201.47999572753906,199.6999969482422,200.0,4292
2015-11-05,198.75999450683594,199.97999572753906,197.50999450683594,199.97999572753906,4158
2015-11-06,197.3800048828125,199.9499969482422,196.5500030517578,199.9499969482422,7775
2015-11-09,198.75,199.8000030517578,194.02000427246094,195.89999389648438,6937
2015-11-10,195.72999572753906,198.67999267578125,195.10000610351562,197.0,12048
2015-11-13,194.33999633789062,200.0,193.5500030517578,200.0,14509
2015-11-16,193.7899932861328,195.97999572753906,193.02000427246094,194.0,14723
2015-11-17,193.67999267578125,194.74000549316406,193.50999450683594,194.74000549316406,6957
2015-11-18,193.80999755859375,195.42999267578125,193.5500030517578,194.0,7644
2015-11-19,195.72999572753906,195.75,193.60000610351562,194.97999572753906,4632
2015-11-20,197.1199951171875,197.5,194.50999450683594,195.0,3496
2015-11-23,199.11000061035156,200.0,197.2100067138672,197.5,4448
2015-11-24,198.10000610351562,199.39999389648438,198.0,198.8800048828125,10522
2015-11-26,198.75,199.89999389648438,198.14999389648438,198.14999389648438,3036
2015-11-27,198.6999969482422,200.11000061035156,198.02000427246094,198.25,3893
2015-11-30,198.55999755859375,199.77999877929688,198.02000427246094,198.02000427246094,3829
2015-12-01,199.27000427246094,200.39999389648438,198.60000610351562,199.0,5896
2015-12-02,199.89999389648438,200.47999572753906,199.11000061035156,199.14999389648438,2646
2015-12-03,198.05999755859375,199.97999572753906,197.50999450683594,199.97999572753906,8151
2015-12-04,196.80999755859375,198.39999389648438,196.75,198.39999389648438,4420
2015-12-07,197.08999633789062,198.27999877929688,196.1999969482422,198.27999877929688,5093
2015-12-08,195.55999755859375,197.0,191.6999969482422,196.0,10731
2015-12-09,192.50999450683594,195.0,192.0,195.0,10063
2015-12-10,193.83999633789062,195.97999572753906,191.5,193.0,12398
2015-12-11,192.41000366210938,195.47999572753906,191.52000427246094,193.0,5248
2015-12-14,192.10000610351562,193.5,191.99000549316406,193.0,6682
2015-12-15,193.11000061035156,194.47999572753906,192.1999969482422,193.39999389648438,4615
2015-12-16,194.8800048828125,195.5,194.1300048828125,195.0,2555
2015-12-17,196.08999633789062,196.77999877929688,193.64999389648438,196.77999877929688,45855
2015-12-18,196.57000732421875,197.8800048828125,195.1999969482422,196.5,11390
2015-12-21,198.0500030517578,198.9600067138672,196.0,197.89999389648438,11411
2015-12-22,197.6699981689453,199.8000030517578,197.5,199.8000030517578,4456
2015-12-23,198.33999633789062,199.6999969482422,197.14999389648438,197.75,4864
2015-12-24,198.60000610351562,198.97999572753906,198.14999389648438,198.1999969482422,3247
2015-12-28,199.92999267578125,200.97999572753906,199.0,199.0,32159
2015-12-29,199.9199981689453,200.8000030517578,198.99000549316406,200.0,11921
2015-12-30,200.14999389648438,200.9499969482422,199.52000427246094,200.8800048828125,3216
2015-12-31,201.1699981689453,201.5,200.00999450683594,200.00999450683594,3738
2016-01-01,203.6199951171875,203.6999969482422,200.11000061035156,201.0,4199
2016-01-04,200.5800018310547,203.49000549316406,199.0500030517578,203.0,7575
2016-01-05,201.32000732421875,202.3000030517578,200.11000061035156,201.0,1569
2016-01-06,199.97999572753906,202.72999572753906,199.60000610351562,201.0,9416
2016-01-07,195.77999877929688,200.8000030517578,195.3699951171875,200.8000030517578,10617
2016-01-08,197.80999755859375,198.14999389648438,196.25,196.99000549316406,7268
2016-01-11,197.61000061035156,197.8000030517578,195.0,197.0,10814
2016-01-12,194.97999572753906,198.0,194.5500030517578,197.11000061035156,8784
2016-01-13,193.50999450683594,196.77999877929688,189.02000427246094,196.77999877929688,18109
2016-01-14,191.24000549316406,194.47999572753906,185.5500030517578,188.5,15148
2016-01-15,188.72999572753906,192.6999969482422,185.0,192.5,19279
2016-01-18,182.57000732421875,187.89999389648438,182.10000610351562,185.0,12370
2016-01-19,183.36000061035156,184.89999389648438,181.0500030517578,183.39999389648438,11008
2016-01-20,181.61000061035156,184.47999572753906,179.25,181.0,20547
2016-01-21,178.77999877929688,183.89999389648438,176.0,183.47999572753906,85701
2016-01-22,182.60000610351562,183.3000030517578,179.14999389648438,180.89999389648438,6509
2016-01-25,183.1300048828125,184.6999969482422,182.6999969482422,184.5,7645
2016-01-27,182.22000122070312,183.97999572753906,181.5,182.5,9993
2016-01-28,182.4199981689453,183.1999969482422,182.0,182.9499969482422,8514
2016-01-29,185.02999877929688,185.47999572753906,181.02000427246094,182.0,5652
2016-02-01,186.64999389648438,187.0,185.0,186.0,12102
2016-02-02,183.19000244140625,186.99000549316406,182.4499969482422,186.99000549316406,6546
2016-02-03,179.75999450683594,182.0,179.0,181.89999389648438,36231
2016-02-04,179.85000610351562,182.5,179.39999389648438,182.0,5431
2016-02-05,182.0399932861328,182.97999572753906,180.44000244140625,181.0,27446
2016-02-08,182.72999572753906,186.10000610351562,182.5,183.8800048828125,65062
2016-02-09,179.74000549316406,183.8800048828125,179.2100067138672,183.8800048828125,11944
2016-02-10,177.2899932861328,180.0,176.1199951171875,180.0,13972
2016-02-11,171.72000122070312,178.8800048828125,171.10000610351562,177.0,30175
2016-02-12,172.17999267578125,174.86000061035156,168.0,174.86000061035156,49322
2016-02-15,183.47000122070312,187.8699951171875,175.0,176.60000610351562,9563
2016-02-16,173.4499969482422,182.60000610351562,172.14999389648438,182.60000610351562,10015
2016-02-17,174.83999633789062,175.6199951171875,170.11000061035156,172.14999389648438,4927
2016-02-18,173.9600067138672,177.8800048828125,173.02000427246094,174.85000610351562,6593
2016-02-19,174.60000610351562,174.8000030517578,173.02000427246094,173.9600067138672,1522
2016-02-22,175.72000122070312,176.39999389648438,175.0,175.0,3094
2016-02-23,173.33999633789062,176.60000610351562,173.0,176.0,26716
2016-02-24,171.8699951171875,173.77999877929688,171.60000610351562,173.0,2484
2016-02-25,171.85000610351562,178.5800018310547,171.0,172.5,13890
2016-02-26,172.9600067138672,173.89999389648438,171.5500030517578,173.89999389648438,3257
2016-02-29,172.57000732421875,174.47000122070312,170.10000610351562,173.5,8596
2016-03-01,179.77999877929688,180.8000030517578,172.0,173.0,7883
2016-03-02,180.61000061035156,183.9499969482422,179.0,179.0,11216
2016-03-03,181.52999877929688,183.5800018310547,181.00999450683594,181.89999389648438,6989
2016-03-04,183.7100067138672,184.0,181.14999389648438,182.0,3536
2016-03-08,182.75999450683594,185.5500030517578,181.02000427246094,184.0,9824
2016-03-09,183.2899932861328,183.8800048828125,181.02000427246094,183.8800048828125,9807
2016-03-10,182.86000061035156,184.8800048828125,182.0500030517578,184.8800048828125,5514
2016-03-11,183.2899932861328,184.5800018310547,181.02000427246094,181.02000427246094,3040
2016-03-14,184.5800018310547,186.4499969482422,181.1999969482422,184.8800048828125,8376
2016-03-15,183.88999938964844,185.0,182.1199951171875,183.5,5347
2016-03-16,181.77999877929688,184.63999938964844,180.10000610351562,184.0,13657
2016-03-17,181.80999755859375,184.97999572753906,180.3000030517578,182.0500030517578,10937
2016-03-18,183.50999450683594,184.4499969482422,183.0,183.19000244140625,4376
2016-03-21,185.6999969482422,186.83999633789062,184.0,184.0,17539
2016-03-22,187.3000030517578,188.8000030517578,185.0,185.6999969482422,12022
2016-03-23,186.8000030517578,187.86000061035156,186.0,186.0,2601
2016-03-28,184.63999938964844,187.77999877929688,184.02000427246094,187.77999877929688,9251
2016-03-29,184.4199981689453,185.97999572753906,181.32000732421875,185.97999572753906,12080
2016-03-30,188.07000732421875,188.1199951171875,185.83999633789062,185.97999572753906,3788
2016-03-31,188.13999938964844,189.5,185.11000061035156,185.50999450683594,8447
2016-04-01,189.5500030517578,189.9499969482422,186.0,189.0,118017
2016-04-04,189.75,191.9499969482422,189.02999877929688,191.9499969482422,6935
2016-04-05,186.74000549316406,190.4499969482422,186.02000427246094,189.0,13724
2016-04-06,187.14999389648438,187.75,185.89999389648438,187.0,10687
2016-04-07,187.55999755859375,188.75,182.0,186.0500030517578,3922
2016-04-08,188.24000549316406,188.5500030517578,187.0,187.0,3737
2016-04-11,190.08999633789062,190.16000366210938,186.05999755859375,189.0,5032
2016-04-12,191.00999450683594,191.94000244140625,190.02000427246094,190.16000366210938,22720
2016-04-13,193.47999572753906,193.89999389648438,191.39999389648438,191.5,8898
2016-04-18,194.3800048828125,195.44000244140625,191.02000427246094,191.02000427246094,24742
2016-04-20,195.5399932861328,195.99000549316406,194.97000122070312,194.97000122070312,9435
2016-04-21,194.08999633789062,196.35000610351562,193.64999389648438,196.35000610351562,7249
2016-04-22,195.22000122070312,195.47999572753906,193.6199951171875,193.6199951171875,7526
2016-04-25,193.8699951171875,195.97999572753906,193.52000427246094,194.5,20016
2016-04-26,195.75,195.89999389648438,193.50999450683594,194.0,8470
2016-04-27,195.52000427246094,197.9499969482422,195.0,197.9499969482422,24409
2016-04-28,193.57000732421875,196.47999572753906,193.10000610351562,196.4499969482422,5286
2016-04-29,193.8800048828125,194.97999572753906,192.0,193.0,24397
2016-05-02,197.74000549316406,198.0500030517578,193.1199951171875,193.8800048828125,16885
2016-05-03,197.0800018310547,199.5,196.5500030517578,197.75,9396
2016-05-04,194.07000732421875,196.1999969482422,193.02000427246094,196.1999969482422,3074
2016-05-05,192.94000244140625,194.0,192.10000610351562,193.25,3878
2016-05-06,194.11000061035156,194.60000610351562,192.50999450683594,193.3000030517578,2263
2016-05-09,196.41000366210938,197.0,195.0,195.0,4028
2016-05-10,196.17999267578125,197.8800048828125,195.64999389648438,197.8800048828125,6994
2016-05-11,197.52000427246094,199.9499969482422,194.14999389648438,195.0,9680
2016-05-12,198.5,198.8000030517578,197.5,197.97999572753906,1787
2016-05-13,196.55999755859375,199.8800048828125,196.10000610351562,198.5,3570
2016-05-16,196.24000549316406,198.47999572753906,195.6999969482422,197.0,5984
2016-05-17,195.94000244140625,198.0,195.7100067138672,198.0,2185
2016-05-18,194.9600067138672,196.97999572753906,193.64999389648438,195.5,6174
2016-05-19,193.33999633789062,196.2899932861328,193.1999969482422,196.0,2586
2016-05-20,192.60000610351562,194.61000061035156,192.0800018310547,193.0,3017
2016-05-23,192.14999389648438,194.39999389648438,192.0,194.39999389648438,2810
2016-05-24,191.5800018310547,193.14999389648438,190.5,193.14999389648438,3390
2016-05-25,193.02000427246094,194.75,192.60000610351562,193.47999572753906,3308
2016-05-26,195.6199951171875,195.85000610351562,192.05999755859375,192.25,2900
2016-05-27,198.52999877929688,199.9499969482422,195.25,199.5,7290
2016-05-30,198.6699981689453,199.89999389648438,196.75999450683594,199.89999389648438,11177
2016-05-31,198.0399932861328,209.89999389648438,197.8000030517578,206.60000610351562,7312
2016-06-01,199.1699981689453,199.89999389648438,198.50999450683594,199.0,5708
2016-06-02,199.14999389648438,199.9499969482422,198.0500030517578,199.0,2658
2016-06-03,199.22000122070312,201.0,199.00999450683594,200.0,4833
2016-06-06,198.0399932861328,200.8800048828125,198.0,200.8800048828125,27294
2016-06-07,199.86000061035156,200.25,198.5,198.5,4484
2016-06-08,199.49000549316406,200.77999877929688,199.0,200.0,6245
2016-06-09,199.72000122070312,201.0,199.27000427246094,200.0,7527
2016-06-10,199.33999633789062,201.1999969482422,199.00999450683594,200.97000122070312,5745
2016-06-13,197.7899932861328,199.47999572753906,197.0,199.47999572753906,2694
2016-06-14,198.30999755859375,199.0,196.5,197.00999450683594,4684
2016-06-15,199.9600067138672,200.07000732421875,199.0,199.0,4808
2016-06-16,198.8699951171875,199.9600067138672,197.02000427246094,199.9600067138672,5719
2016-06-17,198.47000122070312,199.99000549316406,197.52000427246094,199.5,3046
2016-06-20,198.8300018310547,199.97999572753906,198.0,198.39999389648438,8031
2016-06-21,200.8699951171875,201.47999572753906,199.0,199.0,5025
2016-06-22,200.3000030517578,200.89999389648438,183.8000030517578,183.8000030517578,5513
2016-06-23,200.42999267578125,200.67999267578125,199.25,200.67999267578125,3588
2016-06-24,199.6999969482422,201.13999938964844,194.02000427246094,199.0,18082
2016-06-27,199.32000732421875,201.0,199.0,199.9499969482422,6741
2016-06-28,202.72999572753906,203.8000030517578,200.0,201.0,4114
2016-06-29,203.6699981689453,205.0,201.02000427246094,205.0,5975
2016-06-30,205.92999267578125,206.5,203.9499969482422,205.0,10356
2016-07-01,208.66000366210938,209.3000030517578,205.02000427246094,207.0,12626
2016-07-04,211.49000549316406,211.9499969482422,208.35000610351562,209.3000030517578,10421
2016-07-05,210.02000427246094,212.0,209.0,212.0,7180
2016-07-07,211.10000610351562,211.75,209.02000427246094,211.0,3680
2016-07-08,211.3699951171875,211.9499969482422,209.02000427246094,211.9499969482422,8398
2016-07-11,213.8000030517578,215.0,210.89999389648438,215.0,34304
2016-07-12,215.02999877929688,215.8800048828125,214.16000366210938,215.0,16593
2016-07-13,215.22999572753906,217.47999572753906,215.00999450683594,217.0,16053
2016-07-14,216.08999633789062,217.0,215.0,217.0,2170
2016-07-15,219.13999938964844,222.5,215.4499969482422,218.0,32063
2016-07-18,216.10000610351562,220.0,211.10000610351562,220.0,5014
2016-07-19,216.2899932861328,218.0,214.35000610351562,218.0,8819
2016-07-20,217.60000610351562,218.07000732421875,215.85000610351562,215.85000610351562,2559
2016-07-21,217.22999572753906,219.3000030517578,216.02999877929688,218.0,121635
2016-07-22,220.07000732421875,220.64999389648438,216.89999389648438,218.85000610351562,9918
2016-07-25,223.1199951171875,224.5,220.0,220.07000732421875,15642
2016-07-26,222.1699981689453,224.89999389648438,221.52000427246094,223.89999389648438,16060
2016-07-27,223.67999267578125,224.8800048828125,222.6300048828125,224.8800048828125,8021
2016-07-28,225.1199951171875,225.75,223.35000610351562,224.0,16866
2016-07-29,225.41000366210938,226.97999572753906,224.35000610351562,224.5,7764
2016-08-01,225.35000610351562,229.14999389648438,224.1999969482422,226.0,11348
2016-08-02,225.49000549316406,227.89999389648438,225.05999755859375,227.5,11002
2016-08-03,221.36000061035156,225.0,202.1999969482422,202.1999969482422,8275
2016-08-04,221.52999877929688,223.0,221.14999389648438,223.0,4178
2016-08-05,225.8699951171875,226.10000610351562,223.0,223.5,10256
2016-08-08,227.55999755859375,228.14999389648438,225.5,227.47999572753906,11802
2016-08-09,225.91000366210938,228.0,225.0,228.0,10380
2016-08-10,224.33999633789062,227.67999267578125,223.02000427246094,226.0,16415
2016-08-11,225.32000732421875,225.85000610351562,222.5,224.33999633789062,6991
2016-08-12,225.1999969482422,226.97999572753906,224.0,225.0,32604
2016-08-16,227.0500030517578,227.88999938964844,225.02000427246094,225.9499969482422,12105
2016-08-17,228.9600067138672,229.85000610351562,226.30999755859375,228.1999969482422,6377
2016-08-18,229.85000610351562,230.89999389648438,228.1999969482422,229.8800048828125,3867
2016-08-19,230.88999938964844,244.39999389648438,228.11000061035156,239.39999389648438,5799
2016-08-22,229.02999877929688,231.69000244140625,228.52000427246094,231.5500030517578,4343
2016-08-23,227.66000366210938,229.97000122070312,227.02999877929688,229.89999389648438,3558
2016-08-24,229.77000427246094,229.9499969482422,228.1999969482422,228.97999572753906,3132
2016-08-25,229.1699981689453,231.47999572753906,228.7100067138672,230.0,6136
2016-08-26,228.57000732421875,229.97999572753906,228.0,228.0,11621
2016-08-29,229.08999633789062,229.5,228.0,229.5,6433
2016-08-30,231.8699951171875,232.1999969482422,228.11000061035156,228.11000061035156,3743
2016-08-31,230.8800048828125,233.8000030517578,230.0500030517578,232.8800048828125,9095
2016-09-01,231.1300048828125,236.89999389648438,230.10000610351562,236.89999389648438,4898
2016-09-02,231.92999267578125,232.0,230.25,231.97999572753906,4065
2016-09-06,235.52999877929688,236.35000610351562,231.3000030517578,232.0,89349
2016-09-07,235.38999938964844,237.8800048828125,235.02000427246094,235.39999389648438,4373
2016-09-08,235.8699951171875,237.47999572753906,228.85000610351562,237.0,20042
2016-09-09,235.33999633789062,237.39999389648438,235.0,237.39999389648438,7129
2016-09-12,229.6999969482422,235.0,229.02000427246094,235.0,9650
2016-09-14,230.94000244140625,231.0,226.75,231.0,7232
2016-09-15,231.16000366210938,231.97999572753906,229.55999755859375,231.6999969482422,3330
2016-09-16,231.97999572753906,233.89999389648438,231.02000427246094,231.97999572753906,5378
2016-09-19,231.13999938964844,233.77999877929688,230.5500030517578,232.47999572753906,6033
2016-09-20,232.22000122070312,232.75,230.11000061035156,231.89999389648438,2955
2016-09-21,230.47999572753906,232.47999572753906,230.14999389648438,232.3000030517578,3119
2016-09-22,233.33999633789062,233.97999572753906,231.0,231.0,4752
2016-09-23,234.88999938964844,235.85000610351562,233.0,233.0,7711
2016-09-26,233.72999572753906,235.7100067138672,232.25,235.7100067138672,7367
2016-09-27,233.02000427246094,235.0,232.41000366210938,234.0,2630
2016-09-28,234.92999267578125,235.6999969482422,231.02000427246094,234.8800048828125,6331
2016-09-29,227.36000061035156,236.0,225.0,235.97999572753906,16337
2016-09-30,230.0800018310547,230.97999572753906,224.25,227.00999450683594,5495
2016-10-03,236.41000366210938,237.1999969482422,231.02999877929688,232.8699951171875,7851
2016-10-04,237.99000549316406,238.3000030517578,236.0,236.4499969482422,4608
2016-10-05,238.0,239.4499969482422,237.52000427246094,239.25,10342
2016-10-06,237.97999572753906,240.0,237.02000427246094,239.4499969482422,7430
2016-10-07,238.02000427246094,239.8000030517578,237.05999755859375,239.0,3064
2016-10-10,239.49000549316406,240.0,237.11000061035156,239.0,6015
2016-10-13,234.27999877929688,239.0,233.3000030517578,239.0,8823
2016-10-14,235.63999938964844,236.4600067138672,234.14999389648438,236.4199981689453,4624
2016-10-17,234.05999755859375,236.89999389648438,233.8000030517578,236.0,4602
2016-10-18,238.00999450683594,239.0,234.02000427246094,235.75,6201
2016-10-19,237.92999267578125,241.5,234.0,237.99000549316406,13459
2016-10-20,237.39999389648438,240.0,237.39999389648438,239.0,4833
2016-10-21,238.25,239.8000030517578,237.16000366210938,238.97999572753906,1419
2016-10-24,237.55999755859375,240.0,233.60000610351562,239.97999572753906,5338
2016-10-25,238.36000061035156,239.8800048828125,237.10000610351562,239.8800048828125,2931
2016-10-26,236.44000244140625,238.89999389648438,235.02000427246094,237.39999389648438,3574
2016-10-27,234.60000610351562,236.9499969482422,234.11000061035156,236.4499969482422,9392
2016-10-28,237.89999389648438,238.0,235.5,236.8800048828125,1579
2016-11-01,239.5,239.89999389648438,236.02000427246094,238.5,4210
2016-11-02,235.27999877929688,238.49000549316406,234.02000427246094,238.44000244140625,9176
2016-11-03,233.8800048828125,236.97999572753906,233.0,235.0,3915
2016-11-04,230.3000030517578,234.0,228.25,233.0,12692
2016-11-07,230.57000732421875,241.5,229.5,241.5,8579
2016-11-08,232.85000610351562,233.97999572753906,230.1999969482422,232.0,3299
2016-11-09,227.39999389648438,263.1000061035156,216.75,229.0,130897
2016-11-10,231.80999755859375,233.97999572753906,230.0,230.0,7217
2016-11-11,225.5399932861328,231.35000610351562,224.5,227.0,14688
2016-11-15,211.58999633789062,227.8699951171875,207.22000122070312,227.0,66829
2016-11-16,215.30999755859375,217.97999572753906,212.5500030517578,215.8000030517578,8198
2016-11-17,214.82000732421875,217.97999572753906,212.02000427246094,215.0,6741
2016-11-18,214.30999755859375,217.3000030517578,214.0,215.14999389648438,9619
2016-11-21,215.60000610351562,219.8000030517578,210.11000061035156,216.97999572753906,20131
2016-11-22,218.75999450683594,219.89999389648438,214.0,216.97999572753906,4524
2016-11-23,219.32000732421875,221.0,214.11000061035156,216.0,3912
2016-11-24,216.88999938964844,218.97000122070312,215.6999969482422,218.0,3553
2016-11-25,220.74000549316406,220.85000610351562,216.4600067138672,216.5500030517578,4593
2016-11-28,220.4199981689453,223.75,220.0,220.89999389648438,3945
2016-11-29,221.25999450683594,223.0,221.0,221.6999969482422,2762
2016-11-30,222.92999267578125,223.0,220.05999755859375,222.97999572753906,3819
2016-12-01,222.1199951171875,223.8000030517578,221.5,223.8000030517578,5874
2016-12-02,219.22999572753906,223.0,218.75,223.0,5023
2016-12-05,220.3000030517578,221.47000122070312,219.10000610351562,221.47000122070312,3957
2016-12-06,221.58999633789062,222.8800048828125,220.7100067138672,222.8800048828125,4217
2016-12-07,220.19000244140625,222.97999572753906,218.0,222.97999572753906,11527
2016-12-08,225.3000030517578,225.8000030517578,221.80999755859375,222.97999572753906,4933
2016-12-09,224.7899932861328,225.8000030517578,223.52000427246094,225.75,4514
2016-12-12,222.25,223.99000549316406,221.05999755859375,223.0,5294
2016-12-13,221.7899932861328,224.27999877929688,220.02000427246094,224.27999877929688,2283
2016-12-14,218.72999572753906,221.33999633789062,217.83999633789062,220.8300018310547,12564
2016-12-15,219.27999877929688,220.61000061035156,218.2100067138672,219.0,6455
2016-12-16,217.3800048828125,219.72999572753906,217.3000030517578,219.5,4401
2016-12-19,216.9600067138672,218.61000061035156,216.5500030517578,218.0,3588
2016-12-20,215.7100067138672,217.2100067138672,215.39999389648438,216.9600067138672,2369
2016-12-21,212.24000549316406,216.33999633789062,211.86000061035156,216.0,37219
2016-12-22,211.47000122070312,213.86000061035156,211.0,213.86000061035156,5527
2016-12-23,210.39999389648438,219.1999969482422,209.55999755859375,217.8000030517578,6586
2016-12-26,206.85000610351562,212.85000610351562,206.10000610351562,210.39999389648438,14640
2016-12-27,210.17999267578125,210.64999389648438,205.10000610351562,208.8800048828125,6610
2016-12-28,211.1300048828125,213.9499969482422,210.0500030517578,210.64999389648438,4640
2016-12-29,213.35000610351562,213.75,211.2899932861328,211.2899932861328,4707
2016-12-30,216.16000366210938,216.38999938964844,213.0,213.0,3787
2017-01-02,218.61000061035156,218.8000030517578,215.25,216.16000366210938,5073
2017-01-03,219.49000549316406,219.8000030517578,216.64999389648438,218.0,1934
2017-01-04,219.5399932861328,220.0,215.39999389648438,220.0,12237
2017-01-05,221.11000061035156,222.17999267578125,218.74000549316406,220.0,31899
2017-01-06,221.9499969482422,223.75,221.33999633789062,223.0,2745
2017-01-09,222.41000366210938,222.8800048828125,220.99000549316406,222.0,22593
2017-01-10,224.2100067138672,224.8000030517578,222.4499969482422,223.6999969482422,5911
2017-01-11,225.97000122070312,226.88999938964844,224.61000061035156,224.77999877929688,4214
2017-01-12,228.22999572753906,229.0,226.9199981689453,227.0,3335
2017-01-13,229.41000366210938,229.6199951171875,226.41000366210938,229.0,7876
2017-01-16,230.22000122070312,230.35000610351562,228.39999389648438,229.6999969482422,3775
2017-01-17,228.3300018310547,231.4499969482422,228.0,230.0,3828
2017-01-18,229.55999755859375,230.97000122070312,229.14999389648438,229.9600067138672,2223
2017-01-19,231.14999389648438,232.8800048828125,229.80999755859375,232.8800048828125,3576
2017-01-20,227.97000122070312,231.6999969482422,227.50999450683594,231.0,7769
2017-01-23,229.60000610351562,230.47000122070312,227.44000244140625,227.75,48578
2017-01-24,231.69000244140625,232.0,229.91000366210938,231.0,8236
2017-01-25,235.64999389648438,236.5,231.6999969482422,231.6999969482422,13039
2017-01-27,237.22999572753906,238.5,235.64999389648438,235.64999389648438,18555
2017-01-30,237.19000244140625,238.0,232.11000061035156,235.10000610351562,15791
2017-01-31,235.75999450683594,238.25,234.89999389648438,237.99000549316406,3232
2017-02-01,239.3300018310547,240.10000610351562,233.6199951171875,235.67999267578125,10485
2017-02-02,241.0399932861328,241.1999969482422,237.02000427246094,239.89999389648438,4628
2017-02-03,240.6199951171875,242.47999572753906,239.5,241.0,14536
2017-02-06,242.6699981689453,243.99000549316406,240.4499969482422,241.0,8111
2017-02-07,243.05999755859375,244.0,241.25,243.9499969482422,5306
2017-02-08,244.1699981689453,244.5,242.75999450683594,243.0500030517578,2898
2017-02-09,244.8300018310547,245.5,242.0,242.02000427246094,16114
2017-02-10,244.38999938964844,245.0,243.8000030517578,244.0,1755
2017-02-13,243.67999267578125,245.0,243.1999969482422,244.9499969482422,4121
2017-02-14,242.83999633789062,244.3300018310547,241.50999450683594,242.60000610351562,4640
2017-02-15,239.72000122070312,243.8800048828125,238.50999450683594,242.0,10496
2017-02-16,242.11000061035156,243.0,237.35000610351562,241.0,4955
2017-02-17,243.97000122070312,244.89999389648438,241.33999633789062,241.33999633789062,25423
2017-02-20,247.0399932861328,247.2100067138672,243.9499969482422,243.9499969482422,6741
2017-02-21,248.33999633789062,248.5,246.41000366210938,247.5,2497
2017-02-22,247.5399932861328,249.17999267578125,246.0,248.0,8140
2017-02-23,245.5500030517578,249.8800048828125,245.0,249.8800048828125,9269
2017-02-27,245.66000366210938,247.08999633789062,245.5,246.0,4782
2017-02-28,247.0800018310547,247.85000610351562,243.5500030517578,244.0,50316
2017-03-01,247.5,248.97999572753906,247.0,247.5,4789
2017-03-02,244.52999877929688,248.75,244.25,247.00999450683594,5508
2017-03-03,243.8800048828125,246.0,242.11000061035156,246.0,6649
2017-03-06,245.4199981689453,245.77999877929688,244.0,245.0,3784
2017-03-07,245.1699981689453,246.11000061035156,243.35000610351562,243.35000610351562,4712
2017-03-08,242.47999572753906,245.75,241.5500030517578,245.75,6720
2017-03-09,242.69000244140625,244.35000610351562,242.25,243.10000610351562,5233
2017-03-10,243.17999267578125,244.74000549316406,243.0,244.74000549316406,1981
2017-03-14,247.08999633789062,250.0,244.02000427246094,244.02000427246094,16934
2017-03-15,247.6199951171875,248.8000030517578,245.80999755859375,248.0,57636
2017-03-16,251.00999450683594,252.8800048828125,249.0,249.97999572753906,20911
2017-03-17,250.85000610351562,252.75,250.35000610351562,251.0,6255
2017-03-20,251.55999755859375,255.39999389648438,250.32000732421875,255.39999389648438,10323
2017-03-21,251.4499969482422,255.0,249.3699951171875,255.0,19898
2017-03-22,248.9600067138672,251.8800048828125,247.5500030517578,249.0,3466
2017-03-23,251.47999572753906,252.0,248.9600067138672,252.0,223453
2017-03-24,250.02999877929688,252.97999572753906,249.8300018310547,252.0,10478
2017-03-27,250.3000030517578,253.5,248.5,251.9499969482422,8074
2017-03-28,251.05999755859375,251.97999572753906,248.61000061035156,251.97999572753906,4676
2017-03-29,252.1699981689453,252.9499969482422,250.39999389648438,252.25,7491
2017-03-30,252.8699951171875,253.4499969482422,247.1999969482422,247.1999969482422,6325
2017-03-31,253.11000061035156,254.99000549316406,252.1999969482422,253.8000030517578,9348
2017-04-03,255.00999450683594,256.70001220703125,252.2100067138672,252.25,20174
2017-04-05,256.9599914550781,257.8999938964844,252.02000427246094,252.02000427246094,9249
2017-04-06,257.4700012207031,257.9800109863281,256.0,257.95001220703125,6903
2017-04-07,259.1700134277344,259.8999938964844,256.0199890136719,257.0,22858
2017-04-10,259.44000244140625,259.9800109863281,258.1000061035156,258.5,23611
2017-04-11,262.1499938964844,262.3999938964844,249.10000610351562,258.0,10093
2017-04-12,262.3699951171875,263.9700012207031,260.6000061035156,262.0,11659
2017-04-13,262.739990234375,262.9800109863281,261.79998779296875,262.0,35027
2017-04-17,261.17999267578125,263.55999755859375,260.75,262.5,12314
2017-04-18,259.1000061035156,263.70001220703125,258.44000244140625,261.0,7112
2017-04-19,260.29998779296875,262.8800048828125,257.0199890136719,262.8800048828125,9024
2017-04-20,261.7900085449219,262.8800048828125,261.010009765625,262.0,6586
2017-04-21,261.7699890136719,263.6000061035156,261.0,263.6000061035156,8627
2017-04-24,263.92999267578125,263.989990234375,262.0,262.0,14827
2017-04-25,267.739990234375,268.0,263.92999267578125,264.9800109863281,23324
2017-04-26,267.0400085449219,269.5,265.0,269.5,36525
2017-04-27,266.7200012207031,268.6300048828125,266.3999938964844,268.6300048828125,5941
2017-04-28,266.70001220703125,267.6099853515625,265.9800109863281,267.5400085449219,4202
2017-05-02,268.19000244140625,269.0,264.0199890136719,267.0,11257
2017-05-03,267.9700012207031,270.0,267.6600036621094,269.0,5092
2017-05-04,269.0299987792969,269.989990234375,267.6400146484375,269.989990234375,9475
2017-05-05,265.5299987792969,269.79998779296875,264.0199890136719,269.79998779296875,12596
2017-05-08,265.5299987792969,269.9800109863281,265.0199890136719,269.9800109863281,21766
2017-05-09,268.1199951171875,269.04998779296875,265.5,265.5,4708
2017-05-10,271.2099914550781,271.3900146484375,267.0,267.0,5875
2017-05-11,271.57000732421875,273.6099853515625,271.20001220703125,272.989990234375,6815
2017-05-12,270.2099914550781,272.6000061035156,269.1400146484375,270.0199890136719,2899
2017-05-15,272.7200012207031,274.0,254.0,268.0,11861
2017-05-16,272.6000061035156,274.20001220703125,272.260009765625,273.1400146484375,13063
2017-05-17,272.2200012207031,273.8800048828125,271.260009765625,272.6000061035156,4911
2017-05-18,266.5899963378906,270.79998779296875,266.20001220703125,270.79998779296875,7791
2017-05-19,264.8500061035156,269.0,262.2099914550781,267.2300109863281,16144
2017-05-22,262.5400085449219,267.4800109863281,262.04998779296875,267.4800109863281,7487
2017-05-23,259.4700012207031,263.0,255.94000244140625,263.0,17176
2017-05-24,255.52999877929688,260.20001220703125,254.11000061035156,256.0199890136719,10078
2017-05-25,257.7200012207031,258.7799987792969,255.00999450683594,258.7799987792969,9377
2017-05-26,263.44000244140625,264.20001220703125,258.0,258.0,9675
2017-05-29,261.6000061035156,265.4800109863281,259.70001220703125,265.0,6611
2017-05-30,263.1400146484375,263.3500061035156,258.8999938964844,259.95001220703125,4099
2017-05-31,264.6499938964844,265.04998779296875,263.0,263.0,5883
2017-06-01,264.1199951171875,264.79998779296875,263.0799865722656,264.45001220703125,4355
2017-06-02,265.510009765625,266.0,265.0,265.0,5714
2017-06-05,268.6199951171875,269.45001220703125,266.75,267.8800048828125,9239
2017-06-06,265.7900085449219,269.0,265.1099853515625,267.54998779296875,4975
2017-06-07,267.6000061035156,268.70001220703125,266.8999938964844,267.8800048828125,4072
2017-06-08,268.75,269.3999938964844,267.25,268.0,8736
2017-06-09,268.989990234375,269.260009765625,267.75,268.5,41647
2017-06-12,268.6300048828125,270.70001220703125,267.8999938964844,269.5,27395
2017-06-13,269.7799987792969,270.79998779296875,268.760009765625,270.0,5000
2017-06-14,268.1700134277344,270.04998779296875,267.6000061035156,270.04998779296875,4955
2017-06-15,268.8800048828125,269.9800109863281,268.0,269.5,4137
2017-06-16,269.4100036621094,270.0,268.3900146484375,270.0,4874
2017-06-19,269.94000244140625,270.3999938964844,268.25,268.25,7237
2017-06-20,270.0299987792969,271.55999755859375,269.6499938964844,270.989990234375,19209
2017-06-21,270.07000732421875,271.3999938964844,269.3999938964844,269.5199890136719,10962
2017-06-22,268.4700012207031,272.7099914550781,267.3999938964844,270.55999755859375,45146
2017-06-23,266.1400146484375,269.79998779296875,264.510009765625,269.79998779296875,9427
2017-06-27,262.67999267578125,266.5,262.04998779296875,266.5,13503
2017-06-28,263.8999938964844,264.69000244140625,262.04998779296875,262.79998779296875,13044
2017-06-29,264.010009765625,266.7799987792969,263.70001220703125,265.3999938964844,5665
2017-06-30,266.6300048828125,267.20001220703125,263.0,264.75,15304
2017-07-03,269.1000061035156,269.510009765625,265.29998779296875,266.1000061035156,47682
2017-07-04,269.7799987792969,271.92999267578125,269.1000061035156,269.8500061035156,27215
2017-07-05,271.010009765625,272.0,267.8500061035156,268.04998779296875,18930
2017-07-06,272.9700012207031,273.5,272.0,272.75,12583
2017-07-07,273.29998779296875,273.79998779296875,272.0,273.04998779296875,39413
2017-07-10,275.1600036621094,286.3999938964844,270.04998779296875,270.04998779296875,7900
2017-07-11,273.6700134277344,276.510009765625,273.0,275.0,7482
2017-07-12,274.57000732421875,276.0,273.6199951171875,274.95001220703125,8628
2017-07-13,277.2900085449219,278.44000244140625,276.70001220703125,276.70001220703125,43263
2017-07-14,277.4599914550781,278.3999938964844,276.3900146484375,278.0,10937
2017-07-17,277.9100036621094,278.8999938964844,276.9200134277344,278.0,10396
2017-07-18,276.2799987792969,278.95001220703125,276.1400146484375,278.95001220703125,11055
2017-07-19,280.0899963378906,281.1700134277344,276.989990234375,276.989990234375,7871
2017-07-20,278.7699890136719,281.3900146484375,278.4800109863281,281.0,6282
2017-07-21,279.25,281.0899963378906,277.5,280.3500061035156,14919
2017-07-24,279.8900146484375,281.3999938964844,279.30999755859375,281.3999938964844,4787
2017-07-25,281.239990234375,281.6000061035156,279.7900085449219,280.5899963378906,4296
2017-07-26,280.9700012207031,282.0,280.7799987792969,282.0,5872
2017-07-27,280.0400085449219,282.8800048828125,279.2200012207031,282.0,8072
2017-07-28,280.9100036621094,281.2099914550781,279.0,279.8599853515625,7283
2017-07-31,282.95001220703125,284.1499938964844,281.1099853515625,281.54998779296875,14290
2017-08-01,282.9700012207031,284.5,282.5,283.45001220703125,10860
2017-08-02,281.92999267578125,284.54998779296875,280.0199890136719,284.54998779296875,16997
2017-08-03,281.6099853515625,283.8500061035156,281.0299987792969,281.8299865722656,4746
2017-08-04,285.4700012207031,286.75,281.1000061035156,282.3299865722656,4725
2017-08-07,289.5799865722656,290.0,285.739990234375,286.6600036621094,22179
2017-08-08,285.6600036621094,290.20001220703125,284.510009765625,290.0,11764
2017-08-09,281.7099914550781,302.79998779296875,280.1499938964844,284.7699890136719,70975
2017-08-10,273.05999755859375,282.20001220703125,271.3599853515625,282.20001220703125,76701
2017-08-11,272.5799865722656,275.0,267.4100036621094,271.04998779296875,27064
2017-08-14,278.2900085449219,278.8999938964844,274.04998779296875,274.04998779296875,17146
2017-08-16,280.9800109863281,282.0,278.70001220703125,280.0,23717
2017-08-17,280.6600036621094,283.5,280.3999938964844,281.8900146484375,10878
2017-08-18,280.0299987792969,281.739990234375,278.6000061035156,279.95001220703125,21241
2017-08-21,276.6099853515625,283.239990234375,275.8599853515625,280.75,10342
2017-08-22,275.0400085449219,278.8999938964844,274.5199890136719,278.8999938964844,17621
2017-08-23,278.17999267578125,278.5,275.5199890136719,275.6000061035156,5715
2017-08-24,281.5199890136719,281.6099853515625,278.5199890136719,278.70001220703125,3902
2017-08-28,282.8299865722656,283.8500061035156,280.1000061035156,282.0,17105
2017-08-29,280.1099853515625,283.29998779296875,279.79998779296875,283.0,13779
2017-08-30,284.5899963378906,285.7799987792969,282.29998779296875,282.29998779296875,9107
2017-08-31,285.05999755859375,285.95001220703125,283.7200012207031,285.0,4284
2017-09-01,287.7799987792969,288.45001220703125,285.1499938964844,285.1499938964844,10402
2017-09-04,286.9800109863281,288.32000732421875,283.5,288.0,13221
2017-09-05,288.3500061035156,288.6499938964844,286.25,286.25,9619
2017-09-06,288.739990234375,288.8999938964844,285.260009765625,286.55999755859375,3807
2017-09-07,290.17999267578125,290.79998779296875,288.8500061035156,290.25,10732
2017-09-08,288.2799987792969,291.69000244140625,288.0,291.0,4374
2017-09-11,291.5799865722656,292.0299987792969,288.75,288.75,8229
2017-09-12,293.4100036621094,293.5299987792969,290.510009765625,292.30999755859375,3767
2017-09-13,291.7900085449219,295.5799865722656,291.75,293.0,1815
2017-09-14,292.6199951171875,295.29998779296875,292.5,292.5,13226
2017-09-15,292.9100036621094,294.20001220703125,290.260009765625,292.5,30860
2017-09-18,293.3599853515625,295.1000061035156,293.30999755859375,293.8500061035156,15357
2017-09-19,295.04998779296875,295.1499938964844,293.4100036621094,295.0,8391
2017-09-20,294.20001220703125,295.9599914550781,294.20001220703125,294.739990234375,3650
2017-09-21,291.20001220703125,294.20001220703125,290.0,294.20001220703125,11693
2017-09-22,285.1400146484375,291.0,284.0,291.0,13915
2017-09-25,280.760009765625,285.70001220703125,278.0,285.70001220703125,25562
2017-09-26,281.55999755859375,283.0,278.1400146484375,280.0,11344
2017-09-27,276.20001220703125,283.8999938964844,275.4700012207031,283.8999938964844,14680
2017-09-28,276.44000244140625,277.95001220703125,273.5,276.0,33655
2017-09-29,279.1300048828125,282.510009765625,276.0,277.0,13885
2017-10-03,283.82000732421875,284.8500061035156,281.6499938964844,282.5,119227
2017-10-04,283.8299865722656,284.75,282.489990234375,283.7699890136719,7298
2017-10-05,284.05999755859375,285.0,283.3999938964844,283.3999938964844,5875
2017-10-06,286.7099914550781,287.25,285.0,285.0,29051
2017-10-09,285.989990234375,289.0799865722656,285.3500061035156,286.8999938964844,98981
2017-10-10,287.489990234375,288.75,287.0,287.0,9944
2017-10-11,285.9700012207031,290.8999938964844,284.95001220703125,289.1700134277344,11065
2017-10-12,289.2699890136719,289.79998779296875,286.0,288.54998779296875,10839
2017-10-13,290.3500061035156,292.3500061035156,289.75,290.25,6481
2017-10-16,291.42999267578125,292.5,289.75,291.5,9362
2017-10-17,291.8399963378906,292.0,290.6000061035156,291.8900146484375,2670
2017-10-18,291.42999267578125,293.3500061035156,291.25,293.0,8321
2017-10-19,291.94000244140625,299.5,290.5,299.5,3442
2017-10-23,291.1199951171875,292.25,289.75,291.9800109863281,7025
2017-10-24,291.7099914550781,292.6000061035156,291.0,291.0,4605
2017-10-25,294.3800048828125,295.0,292.0,294.0,7050
2017-10-26,296.80999755859375,297.4100036621094,292.45001220703125,292.45001220703125,15323
2017-10-27,298.54998779296875,319.5,297.0,319.5,3212
2017-10-30,301.45001220703125,308.5,298.5,308.5,4816
2017-10-31,300.70001220703125,302.0,299.29998779296875,301.5,25070
2017-11-01,304.8999938964844,306.0,302.0,302.0,26588
2017-11-02,305.9100036621094,306.7200012207031,303.6400146484375,304.95001220703125,8957
2017-11-03,306.1199951171875,307.29998779296875,305.0,306.9599914550781,3610
2017-11-06,307.9800109863281,309.25,305.7099914550781,306.25,21920
2017-11-07,302.92999267578125,308.5,302.29998779296875,308.5,15329
2017-11-08,299.5899963378906,304.3399963378906,299.0799865722656,303.0,14005
2017-11-09,301.9800109863281,304.0,299.5799865722656,300.1000061035156,12432
2017-11-10,302.6700134277344,303.0,300.260009765625,301.0,8701
2017-11-13,300.8999938964844,303.0,299.6000061035156,303.0,24931
2017-11-14,299.9800109863281,301.1600036621094,298.7200012207031,300.5,14036
2017-11-15,296.0199890136719,300.0,295.0,300.0,9590
2017-11-16,299.1400146484375,300.0,295.54998779296875,296.1000061035156,6583
2017-11-17,303.3500061035156,304.3500061035156,300.04998779296875,300.75,8825
2017-11-20,303.8399963378906,304.17999267578125,301.8599853515625,303.75,15358
2017-11-21,303.7699890136719,305.4700012207031,303.0,304.0,5059
2017-11-22,303.0199890136719,305.0400085449219,302.3999938964844,304.54998779296875,6596
2017-11-23,304.05999755859375,304.510009765625,301.8500061035156,304.0,8295
2017-11-24,304.6099853515625,305.0,303.79998779296875,304.0,8023
2017-11-27,305.32000732421875,307.0,303.3500061035156,304.5,6508
2017-11-28,305.5,306.9100036621094,304.20001220703125,304.20001220703125,11582
2017-11-29,304.9800109863281,307.4800109863281,304.79998779296875,306.0,3245
2017-11-30,303.6300048828125,306.0,303.1499938964844,305.75,6359
2017-12-01,300.8800048828125,306.0400085449219,300.1700134277344,304.95001220703125,11793
2017-12-04,300.1400146484375,302.1600036621094,298.6300048828125,302.0,19482
2017-12-05,300.3399963378906,300.5,297.9599914550781,300.0,15749
2017-12-06,298.239990234375,300.5,297.9599914550781,300.0,5518
2017-12-07,303.04998779296875,303.3399963378906,298.25,298.75,9132
2017-12-08,304.7699890136719,306.1000061035156,303.0,303.0,8658
2017-12-11,306.1300048828125,307.3500061035156,305.0,307.0,13505
2017-12-12,303.7200012207031,306.8999938964844,303.0,306.3900146484375,13791
2017-12-13,299.6199951171875,304.3999938964844,298.45001220703125,303.8599853515625,22040
2017-12-14,300.2200012207031,302.3999938964844,297.9200134277344,302.3999938964844,19267
2017-12-15,302.30999755859375,312.20001220703125,302.0400085449219,306.20001220703125,26445
2017-12-18,304.94000244140625,306.0,296.67999267578125,302.0,24439
2017-12-19,309.0899963378906,309.5,306.0,306.0,14480
2017-12-20,309.8800048828125,311.4800109863281,309.1099853515625,310.0,4741
2017-12-21,311.6000061035156,312.0,309.8999938964844,310.0,5160
2017-12-22,313.1600036621094,314.29998779296875,311.7099914550781,313.1000061035156,11730
2017-12-26,314.6400146484375,315.0,313.0,313.1000061035156,9973
2017-12-27,313.20001220703125,316.0,311.17999267578125,313.25,15335
2017-12-28,312.45001220703125,314.5,311.95001220703125,314.5,10019
2017-12-29,314.30999755859375,318.0,310.0,312.0,8313
2018-01-01,315.5,320.0,314.2099914550781,320.0,9019
2018-01-02,313.1600036621094,316.5,311.5,315.3999938964844,10425
2018-01-03,314.54998779296875,322.5,313.8399963378906,322.5,3730
2018-01-04,318.8399963378906,319.0199890136719,315.0,315.1000061035156,10774
2018-01-05,322.25,322.5,319.6700134277344,320.0,13503
2018-01-08,324.5899963378906,325.0,322.0,322.0,9168
2018-01-09,324.0400085449219,325.9599914550781,322.0799865722656,324.25,9732
2018-01-10,322.6300048828125,325.0,321.5,324.25,21294
2018-01-11,321.3599853515625,323.04998779296875,321.1700134277344,323.0,4576
2018-01-12,321.8299865722656,324.3500061035156,320.3999938964844,324.3500061035156,6437
2018-01-15,322.7699890136719,324.75,322.04998779296875,324.29998779296875,6759
2018-01-16,317.489990234375,323.3999938964844,316.3999938964844,323.0,17510
2018-01-17,319.239990234375,319.8399963378906,312.30999755859375,317.20001220703125,9860
2018-01-18,314.0299987792969,322.0,312.1499938964844,322.0,13937
2018-01-19,315.95001220703125,317.0,301.5,307.70001220703125,10404
2018-01-22,320.1099853515625,320.5,316.0299987792969,318.5,40445
2018-01-23,321.5400085449219,323.04998779296875,320.5899963378906,321.29998779296875,34780
2018-01-24,320.0,321.8999938964844,318.4100036621094,321.8999938964844,16408
2018-01-25,316.3500061035156,320.0,315.6499938964844,320.0,34411
2018-01-29,314.2099914550781,317.29998779296875,313.3800048828125,316.20001220703125,19024
2018-01-30,312.010009765625,314.0,311.79998779296875,313.8500061035156,7010
2018-01-31,309.5899963378906,312.9100036621094,308.32000732421875,312.0,11948
2018-02-01,309.9700012207031,312.3500061035156,305.010009765625,309.20001220703125,34539
2018-02-02,302.80999755859375,308.95001220703125,300.6000061035156,308.95001220703125,42353
2018-02-05,300.7799987792969,302.739990234375,290.5,290.5,22771
2018-02-06,297.07000732421875,300.0,285.20001220703125,300.0,52368
2018-02-07,299.75,302.25,298.0,301.75,18232
2018-02-08,304.25,305.05999755859375,298.0,298.0,5202
2018-02-09,302.1499938964844,304.0,299.5,300.0,18776
2018-02-12,307.7099914550781,308.0199890136719,304.3299865722656,305.0,8768
2018-02-14,306.95001220703125,309.6400146484375,306.0,307.70001220703125,9289
2018-02-15,305.0400085449219,308.70001220703125,304.0,308.6000061035156,11845
2018-02-16,301.3399963378906,306.5,300.1000061035156,306.45001220703125,17568
2018-02-19,298.260009765625,301.75,296.25,301.75,17762
2018-02-20,299.3399963378906,300.0,297.0400085449219,298.05999755859375,6286
2018-02-21,297.8800048828125,300.3999938964844,296.2200012207031,300.3999938964844,6800
2018-02-22,295.70001220703125,310.0,295.25,306.79998779296875,10673
2018-02-23,300.510009765625,300.6400146484375,295.8900146484375,295.8900146484375,5670
2018-02-26,301.760009765625,303.0,299.0,301.0,15557
2018-02-27,301.5,303.3999938964844,300.05999755859375,302.04998779296875,9603
2018-02-28,300.1300048828125,301.239990234375,297.92999267578125,300.0,6106
2018-03-01,298.760009765625,301.8399963378906,298.3999938964844,300.95001220703125,7312
2018-03-05,295.760009765625,298.760009765625,294.04998779296875,298.760009765625,16872
2018-03-06,292.6700134277344,297.79998779296875,291.95001220703125,296.1400146484375,11134
2018-03-07,289.489990234375,293.0,289.0,292.5,18541
2018-03-08,289.04998779296875,291.5299987792969,286.20001220703125,291.5299987792969,15991
2018-03-09,289.260009765625,291.2900085449219,288.0,290.5,5854
2018-03-12,291.4100036621094,292.45001220703125,288.79998779296875,292.45001220703125,10797
2018-03-13,294.69000244140625,300.20001220703125,290.8299865722656,297.20001220703125,10212
2018-03-14,295.9100036621094,296.04998779296875,292.6199951171875,294.0,10707
2018-03-15,296.0400085449219,296.6499938964844,295.0,295.70001220703125,10427
2018-03-16,293.0299987792969,295.5799865722656,292.0,295.5799865722656,15087
2018-03-19,288.6300048828125,293.5,287.1199951171875,293.0,18307
2018-03-20,290.57000732421875,290.9599914550781,287.0,290.0,16180
2018-03-21,290.2699890136719,293.0,290.0,290.8399963378906,5529
2018-03-22,289.8599853515625,292.1199951171875,289.0,291.6000061035156,9781
2018-03-23,288.1099853515625,289.8599853515625,284.1000061035156,284.1000061035156,27076
2018-03-26,290.7099914550781,291.45001220703125,287.510009765625,290.0,40811
2018-03-27,294.1199951171875,295.3999938964844,292.7099914550781,293.6400146484375,9008
2018-03-28,293.8800048828125,295.0,292.1300048828125,292.2300109863281,32734
2018-04-02,298.2900085449219,298.8900146484375,292.1600036621094,293.5,24652
2018-04-03,300.69000244140625,300.989990234375,297.0,298.0,9782
2018-04-04,297.67999267578125,302.739990234375,296.2300109863281,301.75,12974
2018-04-05,302.4800109863281,303.3699951171875,300.1099853515625,302.0,8629
2018-04-06,305.5899963378906,306.20001220703125,301.44000244140625,302.0,17408
2018-04-09,307.0299987792969,307.92999267578125,305.3900146484375,306.0,10191
2018-04-10,307.0299987792969,308.0,305.0,307.3999938964844,11978
2018-04-11,307.2300109863281,309.0,303.5,303.5,5253
2018-04-12,306.510009765625,307.7900085449219,305.70001220703125,307.25,31207
2018-04-13,306.7900085449219,308.5,305.5,306.5,24217
2018-04-16,308.1099853515625,308.4200134277344,304.9200134277344,306.0,7700
2018-04-17,308.7799987792969,309.0,307.1300048828125,308.29998779296875,3406
2018-04-18,307.9200134277344,309.3699951171875,307.0799865722656,308.75,6338
2018-04-19,309.6300048828125,310.17999267578125,308.0,308.8999938964844,8589
2018-04-20,307.6099853515625,310.8999938964844,306.6600036621094,310.8999938964844,13448
2018-04-23,309.07000732421875,310.5,307.5,307.5,22567
2018-04-24,309.9100036621094,311.1499938964844,309.5,311.1499938964844,5478
2018-04-25,310.9599914550781,311.7900085449219,309.5,309.75,5603
2018-04-26,309.44000244140625,311.7099914550781,309.0,311.25,4040
2018-04-27,310.80999755859375,312.8399963378906,309.79998779296875,309.79998779296875,14004
2018-04-30,313.79998779296875,314.0,311.739990234375,313.0,6065
2018-05-02,309.7699890136719,315.0,308.2200012207031,314.0,55488
2018-05-03,306.1400146484375,310.25,300.0,306.5,74434
2018-05-04,304.1199951171875,306.79998779296875,303.67999267578125,306.79998779296875,49163
2018-05-07,305.3399963378906,306.19000244140625,303.4100036621094,305.45001220703125,24757
2018-05-08,305.4200134277344,306.80999755859375,304.6499938964844,306.0,14828
2018-05-09,303.57000732421875,305.0,303.1000061035156,305.0,7335
2018-05-10,299.9599914550781,304.25,298.7200012207031,304.25,17541
2018-05-11,299.7900085449219,300.8500061035156,297.5,300.79998779296875,7675
2018-05-14,298.6199951171875,300.20001220703125,297.0,300.0,24934
2018-05-15,296.57000732421875,301.42999267578125,295.510009765625,298.1499938964844,28141
2018-05-16,297.4800109863281,298.1000061035156,294.04998779296875,298.0,66337
2018-05-17,297.7900085449219,298.3299865722656,295.7200012207031,297.3500061035156,11525
2018-05-18,292.9100036621094,297.6000061035156,292.20001220703125,297.6000061035156,23124
2018-05-21,288.57000732421875,293.260009765625,287.54998779296875,292.95001220703125,30641
2018-05-22,292.3800048828125,292.7099914550781,287.5,288.75,11675
2018-05-23,291.0,293.44000244140625,290.5,292.70001220703125,56122
2018-05-24,291.4100036621094,292.2799987792969,289.45001220703125,291.1000061035156,10843
2018-05-25,294.8900146484375,295.5,291.5,292.6099853515625,12702
2018-05-28,301.4200134277344,325.8999938964844,297.0,325.8999938964844,12353
2018-05-29,301.5,302.3599853515625,299.04998779296875,301.79998779296875,11773
2018-05-30,300.5299987792969,301.3699951171875,299.0,300.0,4809
2018-05-31,299.4200134277344,301.70001220703125,299.0,300.5,10264
2018-06-01,295.57000732421875,300.6600036621094,295.20001220703125,299.79998779296875,36802
2018-06-04,292.3800048828125,326.6000061035156,291.82000732421875,326.6000061035156,23208
2018-06-05,290.6700134277344,293.1000061035156,289.1000061035156,293.0,26640
2018-06-06,294.010009765625,294.92999267578125,290.0,290.95001220703125,8134
2018-06-07,298.8299865722656,299.1099853515625,295.0,296.0,14948
2018-06-08,299.2300109863281,299.8999938964844,296.2099914550781,297.25,10613
2018-06-11,300.55999755859375,301.8699951171875,299.0,300.0,35794
2018-06-12,301.9599914550781,302.5899963378906,299.2099914550781,300.0,7618
2018-06-13,302.1499938964844,303.7099914550781,301.55999755859375,302.0,8111
2018-06-14,301.3299865722656,302.0,298.79998779296875,302.0,12421
2018-06-15,297.7300109863281,301.5,297.70001220703125,301.2099914550781,28898
2018-06-18,297.7300109863281,299.5899963378906,297.04998779296875,298.0,28021
2018-06-19,295.17999267578125,297.760009765625,294.20001220703125,297.0,10670
2018-06-20,294.4800109863281,296.54998779296875,294.0,296.5,14508
2018-06-21,293.8399963378906,317.3999938964844,293.3999938964844,317.3999938964844,34223
2018-06-22,294.80999755859375,295.25,291.29998779296875,293.1000061035156,8332
2018-06-25,291.510009765625,294.79998779296875,290.8800048828125,294.5,13143
2018-06-26,291.6499938964844,292.80999755859375,290.25,291.5,10130
2018-06-27,287.0,292.45001220703125,286.510009765625,291.0,147406
2018-06-28,285.29998779296875,287.92999267578125,284.45001220703125,287.0,25409
2018-06-29,289.17999267578125,289.79998779296875,286.0,286.0,7075
2018-07-02,286.95001220703125,290.989990234375,285.5,290.44000244140625,25668
2018-07-03,287.989990234375,288.260009765625,286.0,286.95001220703125,11099
2018-07-04,287.54998779296875,288.6499938964844,285.5,288.6499938964844,10919
2018-07-05,287.0799865722656,288.79998779296875,286.54998779296875,288.79998779296875,19461
2018-07-06,288.8500061035156,290.0199890136719,286.239990234375,287.0,46271
2018-07-09,290.7300109863281,291.0,288.0,288.0,24465
2018-07-10,292.3500061035156,293.45001220703125,290.7300109863281,290.75,30314
2018-07-11,290.9100036621094,293.7200012207031,290.30999755859375,292.3500061035156,12694
2018-07-12,290.95001220703125,294.2300109863281,290.0,293.0299987792969,12098
2018-07-13,288.67999267578125,291.79998779296875,288.260009765625,291.79998779296875,9489
2018-07-16,283.19000244140625,290.25,282.95001220703125,289.20001220703125,46071
2018-07-17,286.2799987792969,286.5,282.04998779296875,285.5,39724
2018-07-18,283.20001220703125,287.8999938964844,281.80999755859375,287.70001220703125,15173
2018-07-19,281.45001220703125,284.32000732421875,280.79998779296875,284.0,19018
2018-07-20,281.44000244140625,283.0,280.1000061035156,281.8500061035156,20429
2018-07-23,288.05999755859375,288.2200012207031,282.6499938964844,282.6499938964844,28854
2018-07-24,295.260009765625,295.6600036621094,287.5799865722656,287.5799865722656,23267
2018-07-25,294.8500061035156,296.7099914550781,293.510009765625,295.0,22818
2018-07-26,297.8900146484375,298.25,295.0,295.0,10995
2018-07-27,299.67999267578125,300.4700012207031,291.8999938964844,291.8999938964844,14800
2018-07-30,302.70001220703125,302.95001220703125,299.6600036621094,300.5,32056
2018-07-31,303.2900085449219,303.989990234375,300.6700134277344,303.0,45698
2018-08-01,305.6499938964844,306.0,300.0,304.8500061035156,32923
2018-08-02,305.0899963378906,306.79998779296875,303.20001220703125,306.0,26387
2018-08-03,306.92999267578125,308.0,305.0,305.0,13169
2018-08-06,307.42999267578125,308.7099914550781,306.0,307.5,23204
2018-08-07,306.17999267578125,308.7200012207031,305.5,307.0,19110
2018-08-08,308.05999755859375,308.4200134277344,306.2699890136719,308.0,28051
2018-08-09,308.0899963378906,308.8999938964844,307.3399963378906,308.4800109863281,10151
2018-08-10,307.0400085449219,308.5,306.0,308.5,30982
2018-08-13,303.17999267578125,308.0,302.1000061035156,308.0,29870
2018-08-14,305.2900085449219,305.5799865722656,303.25,303.8999938964844,41933
2018-08-16,303.0,305.8699951171875,302.70001220703125,304.4200134277344,56619
2018-08-17,307.2900085449219,307.7699890136719,303.04998779296875,304.75,18434
2018-08-20,311.2799987792969,311.45001220703125,308.0,308.0,38784
2018-08-21,312.6000061035156,315.0,310.0,311.25,14366
2018-08-23,314.42999267578125,316.0,311.44000244140625,316.0,15815
2018-08-24,314.07000732421875,314.8900146484375,311.75,313.54998779296875,49865
2018-08-27,316.69000244140625,316.8900146484375,313.6000061035156,315.0,17391
2018-08-28,315.55999755859375,317.989990234375,314.0799865722656,316.0,25665
2018-08-29,318.5799865722656,320.0,315.29998779296875,318.0,40078
2018-08-30,318.3999938964844,320.0,317.0,317.1000061035156,20159
2018-08-31,321.0899963378906,321.8999938964844,319.0,319.9800109863281,49729
2018-09-03,319.1000061035156,325.70001220703125,318.489990234375,321.0,52675
2018-09-04,308.8500061035156,319.8999938964844,308.0,318.6000061035156,54730
2018-09-05,306.8800048828125,308.8800048828125,303.30999755859375,308.8800048828125,103385
2018-09-06,309.6000061035156,309.8900146484375,305.54998779296875,307.3999938964844,17171
2018-09-07,312.19000244140625,315.0,307.30999755859375,315.0,21541
2018-09-10,308.19000244140625,313.3800048828125,307.17999267578125,312.0,34542
2018-09-11,302.239990234375,309.0,301.5,307.0,129821
2018-09-12,303.0899963378906,303.6499938964844,299.6499938964844,302.5,48466
2018-09-14,307.57000732421875,308.9200134277344,304.04998779296875,304.04998779296875,42253
2018-09-17,306.4700012207031,307.70001220703125,305.0,305.0,31843
2018-09-18,301.9800109863281,306.989990234375,301.5,306.0,20154
2018-09-19,300.5299987792969,303.75,299.0,303.3999938964844,53834
2018-09-21,294.95001220703125,315.0,280.6000061035156,315.0,154155
2018-09-24,285.92999267578125,296.0,285.3999938964844,296.0,51458
2018-09-25,288.0,289.25,281.510009765625,285.3500061035156,46853
2018-09-26,289.1000061035156,291.20001220703125,286.260009765625,290.0,34487
2018-09-27,285.5299987792969,291.0,285.0,291.0,37681
2018-09-28,280.8999938964844,286.70001220703125,278.010009765625,286.0,147747
2018-10-01,280.80999755859375,281.75,274.5,280.8999938964844,77663
2018-10-03,277.739990234375,282.95001220703125,277.0,282.95001220703125,105827
2018-10-04,273.30999755859375,276.1000061035156,270.0,275.0,126822
2018-10-05,266.5199890136719,272.5,265.5,271.95001220703125,165270
2018-10-08,263.9200134277344,267.80999755859375,260.5,267.0,81234
2018-10-09,262.92999267578125,265.6499938964844,258.57000732421875,265.3500061035156,91663
2018-10-10,270.5400085449219,271.17999267578125,262.92999267578125,263.0,51762
2018-10-11,266.0899963378906,281.3999938964844,260.1199951171875,276.0,69952
2018-10-12,271.5299987792969,272.3399963378906,269.0,269.0,46803
2018-10-15,272.9700012207031,273.239990234375,269.1499938964844,272.0,36220
2018-10-16,276.07000732421875,276.8399963378906,272.5,272.5,32849
2018-10-17,270.5199890136719,279.45001220703125,270.04998779296875,278.0,51461
2018-10-19,268.4599914550781,274.0,266.54998779296875,269.3999938964844,51820
2018-10-22,267.2300109863281,270.6300048828125,266.5,270.0,73529
2018-10-23,264.010009765625,275.0,262.1000061035156,272.6000061035156,81262
2018-10-24,265.010009765625,267.4599914550781,261.6600036621094,264.6400146484375,162392
2018-10-25,261.0299987792969,265.0,260.54998779296875,265.0,76416
2018-10-26,261.05999755859375,262.9200134277344,257.8500061035156,261.79998779296875,39702
2018-10-29,267.1000061035156,267.5,260.0,262.04998779296875,55092
2018-10-30,268.75,269.5799865722656,266.1600036621094,267.8999938964844,535510
2018-10-31,273.04998779296875,275.0,266.30999755859375,274.1000061035156,49212
2018-11-01,275.1700134277344,275.8999938964844,273.0,274.04998779296875,119933
2018-11-02,278.0899963378906,280.989990234375,275.0,275.0,45068
2018-11-05,280.3299865722656,289.20001220703125,274.0,283.70001220703125,51261
2018-11-06,279.1099853515625,281.5,277.1199951171875,281.0,108539
2018-11-07,280.67999267578125,295.0,279.1000061035156,295.0,22048
2018-11-09,281.8900146484375,285.0,280.0,283.0,36330
2018-11-12,278.6000061035156,283.239990234375,278.010009765625,281.92999267578125,28279
2018-11-13,279.1400146484375,279.80999755859375,275.0199890136719,278.0,11760
2018-11-14,279.54998779296875,281.07000732421875,278.04998779296875,280.0,37968
2018-11-15,280.92999267578125,281.0,278.0,279.8599853515625,13067
2018-11-16,282.260009765625,282.69000244140625,280.0,281.70001220703125,20351
2018-11-19,283.1400146484375,284.0,281.0,281.0,35029
2018-11-20,280.29998779296875,283.5,279.54998779296875,282.1099853515625,26951
2018-11-21,282.2300109863281,282.94000244140625,279.32000732421875,280.0199890136719,35724
2018-11-22,280.3699951171875,282.7099914550781,279.8299865722656,281.260009765625,21203
2018-11-26,281.6099853515625,282.1600036621094,278.0199890136719,280.5,27988
2018-11-27,280.760009765625,282.1000061035156,280.0,282.0,21239
2018-11-28,280.3999938964844,282.1499938964844,278.7300109863281,280.0,45772
2018-11-29,282.7099914550781,283.2699890136719,280.0,281.0,30833
2018-11-30,284.0899963378906,284.510009765625,281.3900146484375,283.25,303077
2018-12-03,285.1199951171875,286.1499938964844,283.510009765625,285.0,77508
2018-12-04,284.3699951171875,286.5,284.010009765625,286.0,28253
2018-12-05,279.5299987792969,284.5,279.0,284.5,95548
2018-12-06,276.3299865722656,282.0,275.510009765625,282.0,27279
2018-12-07,277.4100036621094,278.0799865722656,275.20001220703125,277.9100036621094,23418
2018-12-10,272.7099914550781,275.20001220703125,271.25,275.20001220703125,152946
2018-12-11,276.8699951171875,296.0,268.6400146484375,296.0,110074
2018-12-12,283.2300109863281,283.44000244140625,276.8500061035156,276.8500061035156,60960
2018-12-13,285.8900146484375,287.0199890136719,283.8999938964844,284.7900085449219,31959
2018-12-14,286.3999938964844,287.5,284.04998779296875,286.07000732421875,189064
2018-12-17,288.1400146484375,289.0,286.55999755859375,287.70001220703125,32874
2018-12-18,290.5899963378906,291.25,286.75,287.95001220703125,35819
2018-12-19,294.79998779296875,295.5,290.6300048828125,290.6300048828125,53221
2018-12-20,293.1000061035156,295.0,291.1700134277344,292.010009765625,34664
2018-12-21,288.4700012207031,294.0,288.0,293.5,80424
2018-12-24,284.739990234375,288.5,284.05999755859375,288.5,47146
2018-12-26,286.1099853515625,286.4700012207031,279.6000061035156,285.0,88333
2018-12-27,286.760009765625,288.2900085449219,286.1000061035156,287.0,52541
2018-12-28,289.3500061035156,290.8500061035156,286.4200134277344,287.0,43198
2018-12-31,290.7699890136719,292.0,288.0,288.0,23708
2019-01-01,289.7099914550781,292.0,288.29998779296875,290.0,32952
2019-01-02,287.45001220703125,291.0,286.25,291.0,55273
2019-01-03,285.17999267578125,288.739990234375,284.5,287.25,51214
2019-01-04,285.7699890136719,286.70001220703125,283.25,286.0,65275
2019-01-07,285.5,287.79998779296875,285.20001220703125,287.6400146484375,63085
2019-01-08,285.510009765625,288.0,284.3500061035156,288.0,32572
2019-01-09,285.6600036621094,286.7900085449219,283.010009765625,286.0,25688
2019-01-10,286.6400146484375,286.82000732421875,284.2200012207031,285.0,60489
2019-01-11,285.7300109863281,287.0,284.010009765625,287.0,18683
2019-01-14,283.94000244140625,285.25,282.0,285.25,46739
2019-01-15,285.5299987792969,285.8599853515625,283.5299987792969,284.75,32311
2019-01-16,285.9700012207031,286.8999938964844,284.260009765625,285.5299987792969,23300
2019-01-17,286.010009765625,286.9800109863281,284.5,286.69000244140625,17899
2019-01-18,282.4800109863281,285.54998779296875,281.510009765625,285.54998779296875,26495
2019-01-21,282.04998779296875,284.67999267578125,281.20001220703125,283.0,50920
2019-01-22,282.7200012207031,283.25,279.1400146484375,281.489990234375,25550
2019-01-23,281.1600036621094,283.2099914550781,280.6000061035156,282.0,25417
2019-01-24,280.6099853515625,281.67999267578125,279.5,280.0,60382
2019-01-25,277.29998779296875,281.94000244140625,275.79998779296875,281.8399963378906,58889
2019-01-28,271.8800048828125,280.0,266.20001220703125,276.0,60897
2019-01-29,272.57000732421875,273.0,269.70001220703125,271.5,22711
2019-01-30,271.4100036621094,272.9800109863281,270.1099853515625,272.0,14720
2019-01-31,272.8500061035156,274.0299987792969,270.0,272.0,43585
2019-02-01,276.8800048828125,278.1400146484375,273.05999755859375,274.0,54099
2019-02-04,274.3800048828125,276.0,272.0,276.0,38082
2019-02-05,272.42999267578125,274.8500061035156,271.6199951171875,273.0,82205
2019-02-06,274.8900146484375,275.2699890136719,270.5,273.29998779296875,29098
2019-02-07,278.4100036621094,278.989990234375,273.6000061035156,273.6000061035156,64184
2019-02-08,273.9800109863281,278.0400085449219,273.1700134277344,277.5,45753
2019-02-11,270.8699951171875,273.0,269.6099853515625,273.0,80870
2019-02-12,268.8699951171875,271.3500061035156,268.5,270.0,115659
2019-02-14,267.54998779296875,267.8999938964844,265.54998779296875,266.0,35739
2019-02-15,262.9800109863281,267.54998779296875,261.1099853515625,267.54998779296875,107374
2019-02-18,260.2699890136719,262.0,259.0299987792969,262.0,54675
2019-02-19,261.4599914550781,263.7099914550781,261.1199951171875,261.3999938964844,37007
2019-02-20,265.45001220703125,265.739990234375,262.6700134277344,262.70001220703125,18890
2019-02-21,267.05999755859375,267.5199890136719,264.6099853515625,265.3999938964844,16591
2019-02-22,268.7900085449219,269.44000244140625,266.7699890136719,268.0,44315
2019-02-25,270.3800048828125,270.70001220703125,268.70001220703125,268.79998779296875,22781
2019-02-26,270.239990234375,270.75,265.5199890136719,266.75,31694
2019-02-27,271.54998779296875,275.0,268.6400146484375,271.0,50844
2019-02-28,273.3999938964844,273.9800109863281,271.54998779296875,271.54998779296875,27032
2019-03-01,276.8599853515625,277.54998779296875,274.0,274.0,75703
2019-03-05,282.6000061035156,283.29998779296875,276.0,278.0,121962
2019-03-06,284.2699890136719,285.8999938964844,282.70001220703125,283.3999938964844,48449
2019-03-07,283.6600036621094,285.4700012207031,282.70001220703125,284.0,63167
2019-03-08,282.69000244140625,284.5,280.6499938964844,282.3999938964844,84376
2019-03-11,289.7200012207031,292.0,282.0,288.29998779296875,62260
2019-03-12,290.989990234375,293.5799865722656,290.20001220703125,290.20001220703125,108820
2019-03-13,288.45001220703125,291.79998779296875,287.94000244140625,291.0,44335
2019-03-14,288.4800109863281,300.0,286.79998779296875,294.20001220703125,70093
2019-03-15,288.260009765625,289.8900146484375,287.25,287.25,50154
2019-03-18,288.6000061035156,290.04998779296875,287.239990234375,290.04998779296875,88133
2019-03-19,289.2099914550781,290.1400146484375,287.0,287.0,27197
2019-03-20,288.6499938964844,300.79998779296875,288.0199890136719,295.0,34206
2019-03-22,287.0,290.3999938964844,286.54998779296875,287.3299865722656,63348
2019-03-25,283.3399963378906,286.0,281.9800109863281,285.45001220703125,90773
2019-03-26,286.1300048828125,286.8999938964844,283.010009765625,284.0,39209
2019-03-27,285.4800109863281,288.5400085449219,284.55999755859375,288.0,51620
2019-03-28,289.1600036621094,294.1000061035156,285.0,285.0,61361
2019-04-01,291.4800109863281,296.0,290.42999267578125,293.0,151883
2019-04-02,289.57000732421875,292.8500061035156,288.7699890136719,291.3999938964844,33138
2019-04-03,289.75,292.0,288.5,290.0,57002
2019-04-04,288.6700134277344,289.989990234375,287.5,288.5,23471
2019-04-05,289.2900085449219,291.0,289.0,289.0,17992
2019-04-08,289.32000732421875,292.0,288.010009765625,290.0,47767
2019-04-09,289.07000732421875,289.9700012207031,286.55999755859375,289.0,149407
2019-04-10,289.5299987792969,291.0,286.8999938964844,288.0,34899
2019-04-11,290.07000732421875,290.6600036621094,288.04998779296875,289.70001220703125,19346
2019-04-12,290.7799987792969,291.1300048828125,289.80999755859375,290.0,15846
2019-04-15,292.32000732421875,292.6400146484375,279.1000061035156,285.0,39528
2019-04-16,294.0400085449219,294.5,290.0,290.0,20338
2019-04-18,292.32000732421875,294.5899963378906,291.010009765625,294.0,51667
2019-04-22,287.7200012207031,293.0,287.010009765625,292.0,78582
2019-04-23,286.9599914550781,289.0,286.5,287.8299865722656,23303
2019-04-24,288.3399963378906,288.5,285.0,286.5,53155
2019-04-25,287.95001220703125,290.70001220703125,286.70001220703125,289.0,15486
2019-04-26,288.2300109863281,288.989990234375,287.5,287.95001220703125,21542
2019-04-30,285.7799987792969,289.95001220703125,284.5,288.0,61712
2019-05-02,285.55999755859375,287.92999267578125,283.260009765625,286.0,70493
2019-05-03,284.0899963378906,296.95001220703125,282.7200012207031,291.29998779296875,45035
2019-05-06,279.32000732421875,295.5,278.8399963378906,289.79998779296875,153593
2019-05-07,278.29998779296875,281.8500061035156,277.510009765625,280.0,32984
2019-05-08,275.6199951171875,289.3999938964844,275.1000061035156,280.0,80212
2019-05-09,274.80999755859375,275.4800109863281,272.2099914550781,275.20001220703125,42958
2019-05-10,272.94000244140625,275.6499938964844,272.3800048828125,275.6400146484375,29263
2019-05-13,269.0,274.0,268.5,273.0,60070
2019-05-14,269.2099914550781,270.95001220703125,266.42999267578125,269.25,54051
2019-05-15,268.17999267578125,271.1099853515625,267.6400146484375,269.0,185243
2019-05-16,267.7699890136719,268.5,265.6000061035156,268.3399963378906,48040
2019-05-17,270.54998779296875,270.989990234375,266.9599914550781,268.0,72369
2019-05-20,279.42999267578125,279.75,270.0,270.0,201636
2019-05-21,277.4700012207031,280.8999938964844,276.1300048828125,279.0,125245
2019-05-22,276.75,280.8999938964844,274.3399963378906,278.0,111324
2019-05-23,277.3399963378906,283.5,276.3900146484375,280.3999938964844,87116
2019-05-24,284.32000732421875,285.2900085449219,279.1600036621094,280.0,148292
2019-05-27,285.29998779296875,287.0,282.989990234375,284.0,41900
2019-05-28,287.05999755859375,287.82000732421875,284.67999267578125,286.0,51297
2019-05-29,284.7300109863281,286.75,284.30999755859375,285.8999938964844,41491
2019-05-30,285.239990234375,285.8800048828125,284.0,284.0,62087
2019-05-31,286.0,287.989990234375,283.70001220703125,284.0,32347
2019-06-03,288.94000244140625,289.44000244140625,285.739990234375,286.5,46017
2019-06-04,287.6600036621094,290.7799987792969,285.04998779296875,290.0,27632
2019-06-06,282.8699951171875,288.8999938964844,282.1099853515625,288.0,369893
2019-06-07,282.92999267578125,286.0,280.1000061035156,282.8999938964844,84628
2019-06-10,283.67999267578125,289.70001220703125,282.0,282.0,41203
2019-06-11,284.45001220703125,284.5,282.25,283.0,22240
2019-06-12,281.5799865722656,284.5199890136719,281.3500061035156,283.54998779296875,53220
2019-06-13,281.2900085449219,283.0,280.1099853515625,281.9800109863281,36276
2019-06-14,280.05999755859375,282.489990234375,279.20001220703125,281.54998779296875,30435
2019-06-17,275.70001220703125,279.70001220703125,275.25,279.70001220703125,52083
2019-06-18,276.0,276.9200134277344,274.5,276.3299865722656,43412
2019-06-19,274.3999938964844,278.0,273.0,278.0,68055
2019-06-20,277.92999267578125,278.70001220703125,272.7900085449219,273.0,39842
2019-06-21,278.04998779296875,279.20001220703125,276.1499938964844,278.0,20856
2019-06-24,278.3299865722656,281.0,277.1099853515625,281.0,30277
2019-06-25,279.3399963378906,289.5,276.0199890136719,281.0,35203
2019-06-26,281.5,282.0,276.1499938964844,281.0,67128
2019-06-27,282.79998779296875,283.2699890136719,280.5299987792969,281.2799987792969,51642
2019-06-28,282.4599914550781,284.70001220703125,282.0,284.70001220703125,24912
2019-07-01,283.1700134277344,284.70001220703125,281.1199951171875,284.70001220703125,28543
2019-07-02,284.9800109863281,285.3999938964844,282.0,285.3999938964844,48710
2019-07-03,284.6400146484375,285.239990234375,277.0,284.8500061035156,109104
2019-07-04,285.0799865722656,287.0,284.6400146484375,286.70001220703125,83465
2019-07-05,282.75,287.0,282.0,286.70001220703125,61343
2019-07-08,276.5799865722656,286.0,275.54998779296875,286.0,75865
2019-07-09,277.7300109863281,280.3999938964844,275.0,280.3999938964844,35040
2019-07-10,275.5299987792969,280.3999938964844,275.0,279.5,57485
2019-07-11,278.5,280.29998779296875,275.7099914550781,280.29998779296875,102619
2019-07-12,279.0400085449219,280.79998779296875,277.6199951171875,280.0,37025
2019-07-15,278.8999938964844,280.8999938964844,278.0199890136719,280.79998779296875,55121
2019-07-16,282.57000732421875,290.1000061035156,278.0,284.5,17144
2019-07-17,282.45001220703125,284.5799865722656,280.5,280.5,31750
2019-07-18,280.510009765625,284.25,280.0,284.25,47693
2019-07-19,275.3800048828125,284.0,275.0,284.0,88787
2019-07-22,275.2300109863281,280.0,272.05999755859375,277.0,43099
2019-07-23,274.8399963378906,279.0,274.1199951171875,276.5,28778
2019-07-24,270.8500061035156,276.6000061035156,270.0,276.6000061035156,94967
2019-07-25,272.57000732421875,274.0899963378906,270.79998779296875,272.6000061035156,46416
2019-07-26,275.1600036621094,277.0400085449219,271.0,273.8999938964844,122862
2019-07-29,271.32000732421875,276.8999938964844,270.04998779296875,276.8999938964844,47093
2019-07-30,267.7699890136719,273.29998779296875,267.25,273.29998779296875,51180
2019-07-31,269.1199951171875,270.1199951171875,264.04998779296875,269.3999938964844,118395
2019-08-01,266.5899963378906,270.79998779296875,264.1000061035156,270.79998779296875,63647
2019-08-02,267.0199890136719,268.739990234375,262.1499938964844,266.0,147904
2019-08-05,265.42999267578125,267.8999938964844,261.0199890136719,267.8999938964844,84731
2019-08-06,267.70001220703125,268.3999938964844,265.1300048828125,266.3999938964844,38406
2019-08-07,266.57000732421875,270.0,265.82000732421875,268.6000061035156,110722
2019-08-08,269.1099853515625,269.989990234375,265.7699890136719,268.70001220703125,45173
2019-08-09,272.07000732421875,274.07000732421875,270.0,271.8999938964844,63976
2019-08-13,265.8800048828125,273.8999938964844,265.25,272.8999938964844,66264
2019-08-14,268.3999938964844,269.8999938964844,265.1000061035156,269.8999938964844,65885
2019-08-16,269.5299987792969,270.20001220703125,265.6099853515625,269.8999938964844,73729
2019-08-19,269.42999267578125,272.489990234375,268.44000244140625,271.0,94267
2019-08-20,266.4599914550781,270.42999267578125,266.1499938964844,270.42999267578125,57338
2019-08-21,264.260009765625,270.0,263.489990234375,270.0,101154
2019-08-22,261.1000061035156,265.8999938964844,260.7300109863281,265.8999938964844,103077
2019-08-23,263.25,263.79998779296875,257.29998779296875,262.79998779296875,106139
2019-08-26,267.8500061035156,273.79998779296875,260.739990234375,268.0,56778
2019-08-27,271.3800048828125,271.94000244140625,267.5,269.5,72650
2019-08-28,269.2300109863281,273.8999938964844,268.20001220703125,272.79998779296875,27605
2019-08-29,270.6300048828125,270.989990234375,267.5,270.8999938964844,47273
2019-08-30,273.30999755859375,273.8999938964844,269.3699951171875,269.6000061035156,71255
2019-09-03,268.3900146484375,274.8999938964844,267.5299987792969,274.8999938964844,109664
2019-09-04,267.70001220703125,299.0,264.1199951171875,299.0,60756
2019-09-05,269.5,270.2900085449219,265.70001220703125,266.3500061035156,29775
2019-09-06,269.9800109863281,274.3999938964844,268.010009765625,271.5,39148
2019-09-09,270.9599914550781,273.8800048828125,269.0,271.70001220703125,47878
2019-09-11,272.7900085449219,273.7699890136719,269.0,269.0,151374
2019-09-12,272.54998779296875,274.989990234375,270.5,270.5,47251
2019-09-13,273.67999267578125,274.0,270.75,272.54998779296875,25438
2019-09-16,274.3999938964844,274.79998779296875,270.20001220703125,274.6000061035156,36967
2019-09-17,269.9800109863281,275.95001220703125,269.5,275.95001220703125,42113
2019-09-18,270.2699890136719,271.79998779296875,269.5199890136719,271.79998779296875,50210
2019-09-19,269.0299987792969,271.8999938964844,268.0,271.3999938964844,54165
2019-09-20,284.0799865722656,298.6000061035156,267.29998779296875,287.8999938964844,220077
2019-09-23,288.55999755859375,295.1000061035156,278.3999938964844,278.3999938964844,542821
2019-09-24,288.9100036621094,290.5,287.04998779296875,289.0,411144
2019-09-25,285.3800048828125,289.8999938964844,283.1000061035156,283.1000061035156,38353
2019-09-26,287.3699951171875,288.79998779296875,284.0,287.0,236862
2019-09-27,288.8500061035156,289.8999938964844,284.1000061035156,289.8999938964844,413310
2019-09-30,285.5400085449219,289.9800109863281,284.1499938964844,286.79998779296875,54204
2019-10-01,281.9700012207031,289.8999938964844,279.29998779296875,289.8999938964844,186374
2019-10-03,280.45001220703125,283.6000061035156,279.1199951171875,283.6000061035156,42276
2019-10-04,276.8800048828125,282.3999938964844,276.30999755859375,282.3999938964844,67411
2019-10-07,273.0299987792969,283.0,272.54998779296875,282.0,137829
2019-10-09,276.70001220703125,281.0,270.010009765625,278.5,26282
2019-10-10,275.0400085449219,278.6000061035156,274.0199890136719,278.6000061035156,18131
2019-10-11,276.0899963378906,277.0,274.0,277.0,97575
2019-10-14,278.04998779296875,279.1499938964844,274.5,274.5,25243
2019-10-15,279.45001220703125,280.3999938964844,277.7900085449219,280.0,28376
2019-10-16,282.04998779296875,282.5,279.45001220703125,281.45001220703125,19079
2019-10-17,285.7099914550781,286.3800048828125,281.5799865722656,283.0,76880
2019-10-18,289.1600036621094,289.9599914550781,285.04998779296875,287.0,190534
2019-10-22,290.79998779296875,293.5,287.0,289.1600036621094,145761
2019-10-23,292.0400085449219,292.989990234375,287.0,291.79998779296875,77196
2019-10-24,290.4800109863281,293.0,288.8800048828125,292.0400085449219,46208
2019-10-25,289.55999755859375,292.3999938964844,287.1000061035156,292.3999938964844,168136
2019-10-27,291.20001220703125,294.3999938964844,288.20001220703125,294.3999938964844,18429
2019-10-29,293.8999938964844,300.0,290.0199890136719,294.3999938964844,256153
2019-10-30,295.9700012207031,333.0,288.20001220703125,333.0,62570
2019-10-31,296.70001220703125,299.5,296.1000061035156,297.3999938964844,102352
2019-11-01,297.75,299.9800109863281,296.0,298.6000061035156,107586
2019-11-04,297.0400085449219,301.3999938964844,295.8800048828125,299.8999938964844,230407
2019-11-05,293.8399963378906,298.79998779296875,293.4100036621094,298.79998779296875,264741
2019-11-06,296.6400146484375,296.760009765625,293.010009765625,294.0,55924
2019-11-07,296.5899963378906,299.3999938964844,295.0,299.0,267630
2019-11-08,294.3399963378906,298.8900146484375,293.79998779296875,296.5899963378906,160829
2019-11-11,295.6199951171875,296.0,292.8900146484375,296.0,97714
2019-11-13,294.2099914550781,297.94000244140625,291.0,297.0,318180
2019-11-14,292.7699890136719,296.0,290.7099914550781,295.0,452193
2019-11-15,292.6400146484375,294.45001220703125,291.0799865722656,294.45001220703125,529405
2019-11-18,292.4100036621094,294.5,290.54998779296875,290.54998779296875,121906
2019-11-19,291.5,294.5,290.54998779296875,292.0,123696
2019-11-20,293.260009765625,294.3299865722656,290.3999938964844,291.5,120994
2019-11-21,291.3800048828125,295.79998779296875,290.510009765625,295.79998779296875,134152
2019-11-22,290.70001220703125,293.20001220703125,289.54998779296875,293.20001220703125,73481
2019-11-25,295.4100036621094,296.0,290.0,290.0,49378
2019-11-26,293.80999755859375,297.5,292.7099914550781,297.0,70940
2019-11-27,294.6300048828125,295.5,293.1600036621094,295.5,67703
2019-11-28,297.6000061035156,298.70001220703125,292.5,297.29998779296875,167069
2019-11-29,295.75,299.7900085449219,294.9800109863281,299.29998779296875,81470
2019-12-02,296.69000244140625,297.7200012207031,294.5,295.0,61579
2019-12-03,294.6099853515625,298.3900146484375,284.80999755859375,290.79998779296875,38578
2019-12-04,294.8900146484375,299.20001220703125,292.5,295.4599914550781,26665
2019-12-05,292.8399963378906,296.6000061035156,291.0,291.0,32203
2019-12-06,289.8999938964844,295.70001220703125,288.25,295.70001220703125,37133
2019-12-09,288.20001220703125,291.8999938964844,287.5,291.8999938964844,61777
2019-12-10,285.739990234375,289.6700134277344,285.04998779296875,289.6700134277344,39751
2019-12-11,287.07000732421875,287.4599914550781,284.5,285.82000732421875,29756
2019-12-12,289.0,289.79998779296875,286.42999267578125,289.79998779296875,13839
2019-12-13,290.7099914550781,291.8800048828125,287.0,287.0,41721
2019-12-16,290.3399963378906,292.3999938964844,290.0,292.0,61227
2019-12-17,290.989990234375,292.0,288.1199951171875,292.0,142375
2019-12-18,291.8800048828125,292.6700134277344,290.0,292.5,24129
2019-12-19,293.4800109863281,293.9800109863281,291.0,293.3999938964844,67063
2019-12-20,293.9200134277344,294.8999938964844,288.8500061035156,294.44000244140625,27449
2019-12-23,295.3500061035156,295.8800048828125,292.6600036621094,294.7799987792969,106224
2019-12-24,295.1199951171875,296.5,293.5,296.5,22632
2019-12-26,293.3599853515625,296.0,290.04998779296875,296.0,55645
2019-12-27,296.17999267578125,296.6600036621094,291.04998779296875,291.04998779296875,43689
2019-12-30,296.25,296.95001220703125,294.45001220703125,296.95001220703125,57256
2019-12-31,293.75,296.95001220703125,292.7900085449219,296.95001220703125,39718
2020-01-01,293.5299987792969,295.30999755859375,289.3500061035156,294.70001220703125,44008
2020-01-02,295.7699890136719,296.8699951171875,294.04998779296875,294.8500061035156,142780
2020-01-03,295.0,296.760009765625,294.79998779296875,296.6499938964844,30928
2020-01-06,290.1000061035156,295.8999938964844,289.2699890136719,295.8500061035156,56087
2020-01-07,292.19000244140625,294.3999938964844,289.6600036621094,292.5,62540
2020-01-08,291.1400146484375,294.8800048828125,287.04998779296875,287.04998779296875,99920
2020-01-09,296.1000061035156,305.0,293.6000061035156,305.0,54385
2020-01-10,296.8699951171875,298.3399963378906,295.04998779296875,296.7699890136719,47742
2020-01-13,298.4200134277344,298.7699890136719,297.010009765625,298.6499938964844,22333
2020-01-14,298.7900085449219,299.489990234375,296.25,299.3500061035156,64279
2020-01-15,299.8699951171875,302.95001220703125,298.0199890136719,302.95001220703125,27686
2020-01-16,300.8299865722656,301.510009765625,298.25,300.75,89666
2020-01-17,301.4100036621094,302.29998779296875,300.04998779296875,301.75,150590
2020-01-20,299.07000732421875,303.3999938964844,298.739990234375,302.3500061035156,108565
2020-01-21,297.7099914550781,300.79998779296875,295.20001220703125,300.0,88960
2020-01-22,297.4100036621094,300.5,297.0,300.45001220703125,78371
2020-01-23,300.510009765625,300.7799987792969,296.05999755859375,296.95001220703125,40893
2020-01-24,303.9599914550781,305.5899963378906,299.6099853515625,301.45001220703125,57632
2020-01-27,301.2699890136719,303.989990234375,300.2099914550781,302.0,38414
2020-01-28,300.5400085449219,302.4599914550781,296.1499938964844,297.95001220703125,74434
2020-01-29,302.1700134277344,303.0,300.1499938964844,300.1499938964844,68277
2020-01-30,296.8699951171875,302.95001220703125,295.5199890136719,302.95001220703125,74353
2020-01-31,294.6300048828125,298.75,294.0,295.45001220703125,42863
2020-02-03,286.70001220703125,291.95001220703125,282.04998779296875,291.95001220703125,120536
2020-02-04,291.8699951171875,292.8999938964844,286.70001220703125,290.45001220703125,55326
2020-02-05,296.67999267578125,296.95001220703125,290.1000061035156,290.1000061035156,40491
2020-02-06,299.17999267578125,302.54998779296875,284.8500061035156,290.70001220703125,44345
2020-02-07,300.7699890136719,301.6300048828125,297.1499938964844,297.1499938964844,85133
2020-02-10,300.4599914550781,302.0,299.2099914550781,301.6499938964844,47295
2020-02-11,300.2300109863281,302.95001220703125,299.010009765625,299.04998779296875,90219
2020-02-12,300.1000061035156,301.95001220703125,298.29998779296875,301.95001220703125,38165
2020-02-13,299.6499938964844,300.95001220703125,298.1099853515625,300.95001220703125,28968
2020-02-14,296.57000732421875,301.45001220703125,295.4100036621094,301.45001220703125,21251
2020-02-17,293.3999938964844,299.95001220703125,293.04998779296875,297.8500061035156,47636
2020-02-18,292.04998779296875,294.0,289.0,293.95001220703125,94735
2020-02-19,297.9800109863281,298.5400085449219,280.3999938964844,297.8500061035156,117436
2020-02-20,298.5199890136719,301.75,294.04998779296875,298.8999938964844,68013
2020-02-24,292.67999267578125,298.95001220703125,291.04998779296875,291.04998779296875,147536
2020-02-25,290.57000732421875,295.7900085449219,289.760009765625,295.75,86644
2020-02-26,286.4800109863281,290.5,285.8999938964844,290.45001220703125,76811
2020-02-27,285.69000244140625,288.95001220703125,282.04998779296875,288.95001220703125,101103
2020-02-28,276.7099914550781,284.0,274.260009765625,284.0,190907
2020-03-02,275.8399963378906,283.95001220703125,274.0,283.95001220703125,216605
2020-03-03,280.4700012207031,282.0,275.1600036621094,278.67999267578125,164845
2020-03-04,278.07000732421875,282.0,275.25,281.95001220703125,155004
2020-03-05,280.3800048828125,282.2200012207031,276.5,281.5,116252
2020-03-06,274.2799987792969,278.739990234375,270.0,271.0,337933
2020-03-09,269.1199951171875,275.8999938964844,262.25,273.3999938964844,306355
2020-03-11,260.760009765625,269.0,260.04998779296875,269.0,201598
2020-03-12,239.42999267578125,260.5,235.0,260.5,671944
2020-03-13,240.19000244140625,259.0,225.0,239.0,894846
2020-03-16,231.7100067138672,249.8000030517578,227.14999389648438,242.0,180663
2020-03-17,232.72000122070312,239.7899932861328,227.0,236.3000030517578,80562
2020-03-18,222.2899932861328,238.0,219.6199951171875,237.0,189773
2020-03-19,211.14999389648438,222.3000030517578,205.1999969482422,222.3000030517578,344814
2020-03-20,220.8699951171875,224.8000030517578,210.1999969482422,212.0,78638
2020-03-23,200.4199981689453,216.8000030517578,199.0500030517578,205.10000610351562,230515
2020-03-24,199.0500030517578,209.8000030517578,197.5,209.8000030517578,154449
2020-03-25,205.30999755859375,215.4499969482422,180.39999389648438,204.0,104814
2020-03-26,213.27999877929688,221.5,205.32000732421875,209.0,73961
2020-03-27,214.1999969482422,222.39999389648438,212.0,217.5,64353
2020-03-30,211.67999267578125,213.89999389648438,208.11000061035156,213.89999389648438,812373
2020-03-31,217.8800048828125,218.89999389648438,211.67999267578125,217.0,150270
2020-04-01,218.6699981689453,222.75,215.10000610351562,217.8000030517578,96683
2020-04-03,214.72999572753906,224.85000610351562,212.1999969482422,213.1999969482422,81753
2020-04-07,227.61000061035156,229.0,215.05999755859375,223.5,96886
2020-04-08,233.25,236.0,221.0500030517578,227.0,88877
2020-04-09,239.02999877929688,240.89999389648438,231.0,238.0,106828
2020-04-13,236.77000427246094,246.49000549316406,224.6999969482422,246.1999969482422,82097
2020-04-15,243.75999450683594,251.0,233.25,236.77000427246094,117936
2020-04-16,242.7899932861328,245.8000030517578,238.5500030517578,245.8000030517578,92662
2020-04-17,247.1199951171875,250.60000610351562,243.0,245.0,69153
2020-04-20,243.94000244140625,252.0,243.0,247.1199951171875,72914
2020-04-21,241.0500030517578,243.8699951171875,232.30999755859375,234.1999969482422,70952
2020-04-22,242.83999633789062,244.75,233.8000030517578,233.8000030517578,133945
2020-04-23,244.3699951171875,249.9600067138672,242.13999938964844,245.0,147425
2020-04-24,241.0399932861328,244.0,236.50999450683594,237.0,79556
2020-04-27,243.57000732421875,255.0,241.49000549316406,248.3000030517578,195913
2020-04-28,243.6199951171875,250.0,242.5500030517578,250.0,70893
2020-04-29,246.58999633789062,247.99000549316406,242.5500030517578,246.5,113106
2020-04-30,250.47000122070312,268.79998779296875,247.5500030517578,256.5,240560
2020-05-04,240.3000030517578,265.0,237.5500030517578,251.5,258178
2020-05-05,239.89999389648438,247.0,235.1999969482422,247.0,153186
2020-05-06,238.47000122070312,245.99000549316406,235.5500030517578,244.0,94397
2020-05-07,238.1199951171875,240.77999877929688,235.0500030517578,238.0,41819
2020-05-08,239.91000366210938,252.67999267578125,238.14999389648438,252.67999267578125,33538
2020-05-11,242.13999938964844,249.0,234.5500030517578,240.39999389648438,104984
2020-05-12,241.66000366210938,242.8699951171875,238.0,242.0,41391
2020-05-13,243.55999755859375,250.66000366210938,241.0,248.0,63388
2020-05-14,244.80999755859375,245.5,238.0,243.0,55342
2020-05-15,242.89999389648438,248.0,241.58999633789062,248.0,66719
2020-05-18,236.16000366210938,245.5,233.60000610351562,245.0,106804
2020-05-19,235.94000244140625,243.0,235.0,243.0,92404
2020-05-20,240.47000122070312,241.25,235.0,240.0,36289
2020-05-21,242.80999755859375,244.25,237.0,241.5,27442
2020-05-22,240.86000061035156,245.0,240.05999755859375,243.60000610351562,64512
2020-05-26,242.86000061035156,245.0,238.0,242.8000030517578,32913
2020-05-27,241.4499969482422,247.0,239.10000610351562,247.0,86865
2020-05-28,245.10000610351562,245.39999389648438,238.0,243.0,63418
2020-05-29,251.7899932861328,252.2100067138672,242.6999969482422,245.89999389648438,119413
2020-06-01,254.16000366210938,255.89999389648438,250.7899932861328,254.44000244140625,87449
2020-06-02,256.6300048828125,258.8500061035156,250.0,256.0,38649
2020-06-03,259.1000061035156,262.0,254.5,259.8800048828125,104524
2020-06-04,258.25,262.75,252.0,260.0,148889
2020-06-05,263.5299987792969,264.0,256.0,262.8800048828125,99173
2020-06-08,264.2099914550781,270.0,263.1499938964844,268.0,104311
2020-06-09,263.0299987792969,267.9700012207031,261.5199890136719,263.5,43530
2020-06-10,263.6600036621094,273.6000061035156,261.0,273.6000061035156,95728
2020-06-11,259.0199890136719,265.5,258.0,264.5,103316
2020-06-12,260.7900085449219,282.29998779296875,252.0,269.3999938964844,162065
2020-06-15,259.1400146484375,265.69000244140625,255.0,260.0,71833
2020-06-16,259.260009765625,265.0,257.25,265.0,123330
2020-06-17,260.45001220703125,261.7900085449219,255.6999969482422,260.0,64541
2020-06-18,260.2900085449219,273.8999938964844,257.0,261.0,105208
2020-06-19,263.3900146484375,264.0,257.3599853515625,261.29998779296875,140763
2020-06-22,267.6400146484375,269.75,262.45001220703125,265.29998779296875,91162
2020-06-23,272.5400085449219,273.0,264.5,264.5,98512
2020-06-24,270.5,276.8800048828125,270.0,276.0,91502
2020-06-25,270.82000732421875,272.8399963378906,267.04998779296875,268.0,54157
2020-06-26,270.0400085449219,273.9800109863281,269.1099853515625,273.3999938964844,78165
2020-06-29,269.29998779296875,274.75,264.5,270.0,37112
2020-06-30,268.8299865722656,271.9700012207031,267.32000732421875,271.0,23464
2020-07-01,269.4200134277344,272.0,261.0,272.0,42253
2020-07-02,271.1499938964844,274.0,269.1199951171875,271.0,67942
2020-07-03,272.29998779296875,274.0,270.0,270.0,43623
2020-07-06,273.2799987792969,277.9200134277344,270.1000061035156,276.0,54629
2020-07-07,275.57000732421875,276.2200012207031,271.30999755859375,275.29998779296875,30190
2020-07-08,273.5400085449219,277.5,270.79998779296875,277.5,51394
2020-07-09,273.4599914550781,290.0,272.8699951171875,281.70001220703125,33061
2020-07-10,274.2699890136719,275.0,270.54998779296875,274.3999938964844,33360
2020-07-13,273.2900085449219,285.0,271.0,285.0,52513
2020-07-14,271.760009765625,274.79998779296875,269.8599853515625,273.2900085449219,58253
2020-07-15,269.7900085449219,273.95001220703125,269.0899963378906,271.75,443525
2020-07-16,270.1199951171875,273.7699890136719,268.0299987792969,273.70001220703125,54281
2020-07-17,275.0899963378906,276.1700134277344,269.1199951171875,273.0,56970
2020-07-20,276.2200012207031,288.0,271.5,278.0,65411
2020-07-21,276.70001220703125,284.5,275.6300048828125,284.5,57858
2020-07-22,276.4200134277344,278.70001220703125,273.5799865722656,276.70001220703125,55723
2020-07-23,278.510009765625,279.29998779296875,276.4200134277344,277.29998779296875,82624
2020-07-24,275.5799865722656,279.8500061035156,267.3999938964844,279.0,49402
2020-07-27,272.04998779296875,285.0,271.42999267578125,285.0,139574
2020-07-28,274.8500061035156,275.70001220703125,268.0,272.79998779296875,43104
2020-07-29,275.3399963378906,285.0,271.5799865722656,285.0,84082
2020-07-30,276.69000244140625,278.0,273.010009765625,276.29998779296875,499822
2020-07-31,279.6600036621094,281.6600036621094,273.7099914550781,274.75,66020
2020-08-03,279.70001220703125,282.8500061035156,240.0,280.0,74571
2020-08-04,280.70001220703125,281.6600036621094,279.1000061035156,280.0,41292
2020-08-05,280.25,284.3999938964844,279.25,282.5,115513
2020-08-06,282.510009765625,283.8800048828125,275.0,282.0,32455
2020-08-07,283.989990234375,285.0,279.0,284.0,41603
2020-08-10,287.94000244140625,289.0,241.0500030517578,285.3999938964844,101278
2020-08-11,286.5400085449219,298.70001220703125,286.0,298.70001220703125,41452
2020-08-12,284.9200134277344,294.3999938964844,281.20001220703125,294.3999938964844,109733
2020-08-13,287.9700012207031,288.1700134277344,278.6499938964844,278.6499938964844,40133
2020-08-14,286.07000732421875,290.0,283.55999755859375,288.8999938964844,90111
2020-08-17,285.92999267578125,290.79998779296875,282.20001220703125,286.0,66659
2020-08-18,289.6199951171875,290.05999755859375,282.1000061035156,286.0,40844
2020-08-19,289.4100036621094,307.0,272.20001220703125,291.5,876322
2020-08-20,288.2699890136719,298.0,285.5,285.5,72202
2020-08-21,289.4700012207031,331.5,278.20001220703125,278.20001220703125,55841
2020-08-24,289.2300109863281,332.8999938964844,272.1000061035156,332.8999938964844,68803
2020-08-25,290.5899963378906,332.6000061035156,286.20001220703125,332.6000061035156,48880
2020-08-26,290.6400146484375,334.20001220703125,289.260009765625,334.20001220703125,29128
2020-08-27,291.75,334.20001220703125,289.0,334.20001220703125,59790
2020-08-28,292.8599853515625,318.0,285.6499938964844,318.0,41295
2020-08-31,281.9700012207031,336.79998779296875,275.29998779296875,336.79998779296875,151364
2020-09-01,283.0400085449219,324.29998779296875,280.1099853515625,281.9700012207031,62961
2020-09-02,287.42999267578125,298.0,277.0,298.0,28808
2020-09-03,288.7300109863281,296.20001220703125,287.1099853515625,290.42999267578125,34518
2020-09-04,282.510009765625,332.0,251.1999969482422,251.1999969482422,80907
2020-09-07,281.92999267578125,324.8999938964844,274.0,300.0,37549
2020-09-08,279.5400085449219,324.20001220703125,278.79998779296875,324.20001220703125,92043
2020-09-09,279.70001220703125,330.0,275.0,330.0,170246
2020-09-10,282.1000061035156,330.0,277.0,300.0,33407
2020-09-11,284.29998779296875,294.5,274.2900085449219,294.5,21836
2020-09-14,284.1300048828125,297.20001220703125,274.2900085449219,292.0,112686
2020-09-15,287.489990234375,326.70001220703125,283.0,326.70001220703125,49892
2020-09-16,288.260009765625,297.6000061035156,270.20001220703125,297.6000061035156,28263
2020-09-17,288.010009765625,296.6000061035156,250.8000030517578,250.8000030517578,48036
2020-09-18,288.7300109863281,300.0,285.0,300.0,45609
2020-09-21,280.9800109863281,300.0,271.3999938964844,300.0,75850
2020-09-22,275.8999938964844,299.0,270.0,270.0,85292
2020-09-23,275.2099914550781,295.70001220703125,273.17999267578125,295.70001220703125,35791
2020-09-24,271.04998779296875,300.0,252.0,300.0,143476
2020-09-25,276.9700012207031,290.94000244140625,254.8000030517578,290.94000244140625,45207
2020-09-28,281.3399963378906,290.0,267.0,290.0,52763
2020-09-29,281.1099853515625,289.0,280.0,289.0,71877
2020-09-30,282.17999267578125,300.0,278.29998779296875,300.0,20767
2020-10-01,283.80999755859375,300.0,270.0,300.0,153228
2020-10-05,284.1600036621094,300.0,272.0,300.0,614005
2020-10-06,285.7099914550781,300.0,267.1000061035156,300.0,40315
2020-10-07,284.6300048828125,296.0,268.6000061035156,296.0,56605
2020-10-08,286.3500061035156,293.0,282.0,293.0,56313
2020-10-09,286.6499938964844,300.0,283.5,300.0,30810
2020-10-12,284.6700134277344,293.0,281.0,293.0,45793
2020-10-13,284.5400085449219,300.0,283.0,300.0,41786
2020-10-14,286.2200012207031,296.0,275.0,296.0,102511
2020-10-15,282.45001220703125,292.0,275.5,292.0,76854
2020-10-16,284.17999267578125,289.95001220703125,281.0,289.95001220703125,44842
2020-10-19,286.05999755859375,292.0,283.6600036621094,292.0,55899
2020-10-20,285.17999267578125,293.0,283.75,293.0,33364
2020-10-21,285.4700012207031,303.0,281.8900146484375,303.0,35573
2020-10-22,286.05999755859375,300.0,268.29998779296875,300.0,29204
2020-10-23,285.95001220703125,292.0,278.0,292.0,30161
2020-10-26,282.0400085449219,291.4200134277344,248.8000030517578,248.8000030517578,53758
2020-10-27,287.2699890136719,289.0,245.39999389648438,245.39999389648438,68620
2020-10-28,284.75,293.0,283.0,293.0,289373
2020-10-29,284.54998779296875,289.0,268.0,289.0,43692
2020-10-30,284.6600036621094,330.0,267.5,330.0,49689
2020-11-02,285.6700134277344,292.0,277.0,292.0,156531
2020-11-03,287.2699890136719,294.20001220703125,281.0,294.20001220703125,31934
2020-11-04,289.07000732421875,295.0,261.3999938964844,295.0,35494
2020-11-05,293.6499938964844,299.0,283.0,299.0,108022
2020-11-06,294.69000244140625,346.5,279.6000061035156,346.5,87534
2020-11-09,298.94000244140625,303.0,283.0,303.0,132804
2020-11-10,296.8900146484375,343.79998779296875,272.0,343.79998779296875,61640
2020-11-11,300.4100036621094,309.0,294.79998779296875,309.0,80769
2020-11-12,302.3900146484375,320.0,261.3999938964844,261.3999938964844,65335
2020-11-13,304.9800109863281,312.0,291.0,312.0,70496
2020-11-14,308.95001220703125,350.70001220703125,292.0,350.70001220703125,48075
2020-11-17,309.2300109863281,321.0,299.70001220703125,321.0,71251
2020-11-18,310.1600036621094,319.0,300.0,319.0,52861
2020-11-19,309.94000244140625,319.0,269.79998779296875,269.79998779296875,94994
2020-11-20,312.7200012207031,318.0,269.6000061035156,269.6000061035156,44934
2020-11-23,315.69000244140625,316.7300109863281,303.29998779296875,315.95001220703125,46146
2020-11-24,316.0799865722656,324.0,315.69000244140625,324.0,117297
2020-11-25,314.1600036621094,329.0,311.5,315.70001220703125,73323
2020-11-26,315.9100036621094,328.0,311.5400085449219,328.0,32306
2020-11-27,317.2300109863281,324.0,297.0,324.0,80386
2020-12-01,321.7699890136719,327.0,309.0,327.0,67116
2020-12-02,324.3500061035156,370.0,309.0,370.0,58314
2020-12-03,326.1400146484375,333.0,317.8800048828125,333.0,43687
2020-12-04,327.5400085449219,368.5,326.1400146484375,368.5,46103
2020-12-07,330.5899963378906,336.0,325.55999755859375,336.0,106272
2020-12-08,330.7099914550781,338.0,321.0,338.0,77694
2020-12-09,331.42999267578125,338.0,316.5,338.0,53922
2020-12-10,331.5199890136719,334.0,327.0,334.0,53467
2020-12-11,332.5899963378906,339.3999938964844,321.0,338.0,53594
2020-12-14,335.6000061035156,342.0,330.5,342.0,63688
2020-12-15,332.8800048828125,343.0,332.25,343.0,50862
2020-12-16,334.6499938964844,338.0,321.0,338.0,100058
2020-12-17,333.6499938964844,343.0,331.0,343.0,75821
2020-12-18,335.1099853515625,343.0,290.29998779296875,343.0,47651
2020-12-21,325.6300048828125,339.7799987792969,313.20001220703125,338.0,156572
2020-12-22,328.7799987792969,334.0,303.0,334.0,77811
2020-12-23,334.4599914550781,336.0,322.45001220703125,336.0,109345
2020-12-24,334.94000244140625,343.0,321.0,343.0,79936
2020-12-28,338.3599853515625,343.0,334.05999755859375,343.0,67613
2020-12-29,338.3399963378906,347.0,335.989990234375,347.0,128759
2020-12-30,339.5,345.0,318.0,345.0,87763
2020-12-31,340.2699890136719,344.95001220703125,337.9800109863281,344.95001220703125,118010
2021-01-01,342.19000244140625,345.0,339.0,345.0,101472
2021-01-04,346.6199951171875,354.0,341.19000244140625,354.0,94333
2021-01-05,351.3800048828125,354.0,341.6300048828125,354.0,616888
2021-01-06,353.2900085449219,359.0,347.95001220703125,359.0,87070
2021-01-07,354.7300109863281,368.1000061035156,332.1000061035156,368.1000061035156,62490
2021-01-08,357.260009765625,363.0,355.0,363.0,62981
2021-01-11,358.6300048828125,403.70001220703125,356.1600036621094,368.0,153992
2021-01-12,359.8299865722656,368.0,359.0,368.0,33179
2021-01-13,356.6300048828125,367.8999938964844,353.3500061035156,365.2300109863281,84364
2021-01-14,357.54998779296875,363.0,341.0,363.0,135775
2021-01-15,353.760009765625,365.0,336.1000061035156,365.0,56955
2021-01-18,345.44000244140625,359.0,344.0,359.0,822618
2021-01-19,353.0299987792969,356.0,314.3999938964844,356.0,41151
2021-01-20,353.67999267578125,359.0,348.29998779296875,359.0,45579
2021-01-21,351.29998779296875,363.0,343.0,363.0,69679
2021-01-22,349.3999938964844,359.0,348.20001220703125,359.0,42523
2021-01-25,345.010009765625,359.0,344.0,359.0,73257
2021-01-27,341.6199951171875,354.0,340.1099853515625,354.0,105926
2021-01-28,340.0799865722656,349.95001220703125,310.8999938964844,349.95001220703125,112762
2021-01-29,332.7900085449219,350.0,330.6300048828125,350.0,108514
2021-02-01,341.8500061035156,371.1300048828125,324.5799865722656,340.0,153352
2021-02-02,348.989990234375,356.0,340.25,356.0,68048
2021-02-03,350.1300048828125,356.0,336.0,356.0,35945
2021-02-04,354.44000244140625,359.0,341.0,359.0,43031
2021-02-05,353.0199890136719,365.0,322.5,365.0,66604
2021-02-08,356.79998779296875,363.0,340.0,363.0,53388
2021-02-09,356.19000244140625,365.0,347.0,365.0,39345
2021-02-10,357.19000244140625,372.0,348.04998779296875,363.0,42450
2021-02-11,360.3900146484375,368.0,349.1000061035156,368.0,36767
2021-02-12,361.95001220703125,367.45001220703125,359.5899963378906,367.45001220703125,33623
2021-02-15,365.32000732421875,368.0,355.0,368.0,80189
2021-02-16,366.4100036621094,374.0,356.04998779296875,374.0,53732
2021-02-17,367.25,371.95001220703125,358.20001220703125,358.20001220703125,54159
2021-02-18,369.5899963378906,372.70001220703125,360.95001220703125,372.70001220703125,40528
2021-02-19,364.1300048828125,374.79998779296875,361.29998779296875,374.79998779296875,58404
2021-02-22,359.57000732421875,369.70001220703125,358.0,369.20001220703125,102124
2021-02-23,360.3900146484375,368.0,312.79998779296875,368.0,45922
2021-02-24,363.4100036621094,369.29998779296875,354.0,368.0,33188
2021-02-25,368.5899963378906,374.0,364.239990234375,374.0,42433
2021-02-26,360.6199951171875,372.0,358.1000061035156,359.1499938964844,192917
2021-03-01,361.4100036621094,368.0,359.5,368.0,81219
2021-03-02,368.0400085449219,368.739990234375,354.0,368.0,49110
2021-03-03,373.0899963378906,378.0,363.0,378.0,51978
2021-03-04,374.7099914550781,378.0,358.6400146484375,378.0,49897
2021-03-05,369.2699890136719,383.0,367.54998779296875,383.0,53970
2021-03-08,368.3299865722656,387.0,363.04998779296875,387.0,37694
2021-03-09,365.739990234375,378.0,363.30999755859375,378.0,42816
2021-03-10,367.5,372.8999938964844,365.5,372.8999938964844,22602
2021-03-12,364.8500061035156,379.8999938964844,361.04998779296875,372.79998779296875,53939
2021-03-15,362.5,412.29998779296875,358.25,412.29998779296875,71191
2021-03-16,362.2900085449219,372.0,355.80999755859375,372.0,26985
2021-03-17,357.1499938964844,369.67999267578125,356.04998779296875,369.67999267578125,77669
2021-03-18,353.8699951171875,367.0,350.1000061035156,363.8999938964844,85303
2021-03-19,356.1199951171875,363.0,344.55999755859375,363.0,81945
2021-03-22,359.75,365.0,351.0,365.0,45782
2021-03-23,363.6700134277344,372.79998779296875,354.010009765625,372.79998779296875,82283
2021-03-24,359.1199951171875,369.6000061035156,355.1000061035156,369.6000061035156,75935
2021-03-25,351.5,368.0,350.510009765625,368.0,101877
2021-03-26,355.510009765625,365.0,345.54998779296875,365.0,40447
2021-03-30,357.5799865722656,368.0,352.510009765625,368.0,84204
2021-03-31,359.79998779296875,367.5,353.04998779296875,367.5,43563
2021-04-01,362.8999938964844,367.94000244140625,354.0,367.3999938964844,138572
2021-04-05,359.95001220703125,372.0,355.2099914550781,367.3999938964844,121134
2021-04-06,361.7900085449219,367.3999938964844,359.010009765625,367.3999938964844,65130
2021-04-07,365.6000061035156,368.0,351.0,368.0,42373
2021-04-08,368.3299865722656,374.0,356.0,373.0,54260
2021-04-09,369.6199951171875,371.8999938964844,364.20001220703125,369.94000244140625,39517
2021-04-12,353.6199951171875,374.0,352.0,374.0,288216
2021-04-13,356.4200134277344,373.79998779296875,350.010009765625,373.79998779296875,73939
2021-04-15,357.7300109863281,373.20001220703125,346.0,373.20001220703125,79768
2021-04-16,362.7099914550781,364.95001220703125,354.20001220703125,364.95001220703125,46644
2021-04-19,356.69000244140625,364.95001220703125,351.57000732421875,364.95001220703125,169453
2021-04-20,357.82000732421875,363.0,346.0,363.0,55016
2021-04-22,358.2799987792969,362.95001220703125,350.04998779296875,362.95001220703125,40159
2021-04-23,359.1600036621094,363.8999938964844,351.0,351.0,66991
2021-04-26,360.1400146484375,368.0,351.0,368.0,63388
2021-04-27,363.239990234375,364.95001220703125,354.25,364.95001220703125,73390
2021-04-28,364.5899963378906,368.0,316.04998779296875,368.0,51548
2021-04-29,364.2699890136719,370.0400085449219,360.9200134277344,360.9200134277344,46618
2021-04-30,364.3399963378906,367.95001220703125,356.6199951171875,367.95001220703125,53304
2021-05-03,366.4599914550781,369.45001220703125,354.30999755859375,368.0,74523
2021-05-04,365.2799987792969,371.0,362.010009765625,371.0,61837
2021-05-05,369.739990234375,371.25,356.0,371.25,88252
2021-05-06,372.7900085449219,377.45001220703125,361.04998779296875,377.45001220703125,63124
2021-05-07,373.80999755859375,379.0,366.30999755859375,379.0,61034
2021-05-10,378.1499938964844,383.0,367.260009765625,383.0,92737
2021-05-11,378.67999267578125,384.20001220703125,372.5299987792969,384.20001220703125,54759
2021-05-12,380.0299987792969,386.0,374.29998779296875,386.0,59696
2021-05-14,374.8399963378906,387.79998779296875,373.20001220703125,386.0,172571
2021-05-17,377.67999267578125,383.0,371.1600036621094,383.0,85083
2021-05-18,382.760009765625,386.0,374.0,386.0,53965
2021-05-19,387.1000061035156,389.0,378.92999267578125,387.0,54900
2021-05-20,386.2799987792969,393.0,384.29998779296875,393.0,84347
2021-05-21,386.5199890136719,396.0,336.1000061035156,396.0,63000
2021-05-24,391.0899963378906,404.989990234375,336.29998779296875,398.20001220703125,82949
2021-05-25,389.6600036621094,397.8999938964844,388.8500061035156,397.0,97616
2021-05-26,389.5,396.0,374.0,396.0,99547
2021-05-27,391.5400085449219,396.0,389.04998779296875,396.0,88314
2021-05-28,391.67999267578125,396.8800048828125,391.25,396.0,54215
2021-05-31,393.5899963378906,415.20001220703125,387.0,396.0,85270
2021-06-01,394.2099914550781,399.0,389.6499938964844,399.0,105874
2021-06-02,401.1400146484375,402.0,383.0,399.0,110393
2021-06-03,405.6700134277344,408.989990234375,396.0,406.95001220703125,102908
2021-06-04,407.1600036621094,410.79998779296875,400.54998779296875,409.95001220703125,90464
2021-06-07,407.82000732421875,414.70001220703125,403.0,412.95001220703125,154233
2021-06-08,410.1199951171875,414.0,354.79998779296875,354.79998779296875,79176
2021-06-09,405.9100036621094,415.95001220703125,403.3599853515625,410.0,108444
2021-06-10,410.8699951171875,412.8500061035156,401.0,411.8999938964844,43681
2021-06-11,410.57000732421875,416.0,400.1000061035156,415.95001220703125,65798
2021-06-14,409.7699890136719,414.8999938964844,403.7900085449219,414.0,110723
2021-06-15,410.8399963378906,414.0,409.8500061035156,414.0,62462
2021-06-16,407.4599914550781,414.0,405.1000061035156,414.0,73773
2021-06-17,402.8500061035156,410.0,370.79998779296875,370.79998779296875,73734
2021-06-18,401.2200012207031,405.70001220703125,391.1000061035156,405.6499938964844,113515
2021-06-21,403.3399963378906,405.0,395.67999267578125,405.0,100908
2021-06-22,407.2300109863281,411.0,402.0,402.0,53442
2021-06-23,402.8599853515625,415.0,401.6499938964844,415.0,61592
2021-06-24,401.57000732421875,408.8999938964844,400.0,400.0,59891
2021-06-25,403.9599914550781,404.5199890136719,397.6000061035156,404.0,56910
2021-06-28,403.9100036621094,408.79998779296875,401.0,408.29998779296875,73762
2021-06-29,405.1600036621094,408.29998779296875,401.1499938964844,408.25,59857
2021-06-30,403.4599914550781,407.0,403.0,406.95001220703125,51825
2021-07-01,403.25,406.9800109863281,402.29998779296875,406.95001220703125,235851
2021-07-02,403.6300048828125,407.25,402.510009765625,407.25,110298
2021-07-05,405.010009765625,409.45001220703125,403.0,409.45001220703125,379369
2021-07-06,405.8599853515625,409.44000244140625,403.6400146484375,407.0,70660
2021-07-07,406.7200012207031,408.0,396.04998779296875,408.0,81183
2021-07-08,406.54998779296875,431.1000061035156,404.04998779296875,408.95001220703125,113425
2021-07-09,408.0400085449219,409.3900146484375,401.04998779296875,409.25,86505
2021-07-12,408.4599914550781,419.7900085449219,406.04998779296875,419.7900085449219,108697
2021-07-13,407.0899963378906,415.989990234375,405.79998779296875,415.95001220703125,80271
2021-07-14,407.010009765625,409.8999938964844,370.5,370.5,123224
2021-07-15,408.3999938964844,410.82000732421875,400.44000244140625,400.44000244140625,65240
2021-07-16,409.760009765625,411.45001220703125,394.20001220703125,410.8699951171875,52838
2021-07-19,408.0299987792969,471.20001220703125,404.0,471.20001220703125,146399
2021-07-20,405.30999755859375,414.0,402.5,414.0,129363
2021-07-22,409.739990234375,410.760009765625,402.04998779296875,409.95001220703125,92919
2021-07-23,410.010009765625,411.989990234375,408.04998779296875,411.70001220703125,58782
2021-07-26,412.1400146484375,414.0,403.0,414.0,69573
2021-07-27,409.7099914550781,474.0,375.0,375.0,71285
2021-07-28,411.1400146484375,415.95001220703125,405.25,415.95001220703125,91139
2021-07-29,410.7799987792969,412.9800109863281,386.54998779296875,386.54998779296875,119488
2021-07-30,413.4599914550781,416.0,403.04998779296875,412.95001220703125,100813
2021-08-02,416.4800109863281,475.45001220703125,410.04998779296875,410.04998779296875,83355
2021-08-03,418.20001220703125,419.94000244140625,411.0,419.5,78326
2021-08-04,415.8599853515625,422.6099853515625,415.0,421.95001220703125,117777
2021-08-05,416.0899963378906,421.0,412.75,419.0,409854
2021-08-06,417.2300109863281,419.0,414.04998779296875,418.95001220703125,131459
2021-08-09,415.4800109863281,471.45001220703125,379.70001220703125,379.70001220703125,90908
2021-08-10,412.55999755859375,418.95001220703125,410.0,418.95001220703125,93340
2021-08-11,410.29998779296875,418.95001220703125,405.3500061035156,418.95001220703125,115832
2021-08-12,413.4700012207031,414.739990234375,407.0,413.0,110726
2021-08-13,413.6000061035156,417.95001220703125,410.04998779296875,417.95001220703125,203588
2021-08-16,414.3599853515625,418.0,407.0,418.0,108661
2021-08-17,415.8999938964844,476.45001220703125,360.5,360.5,84455
2021-08-18,418.32000732421875,422.0,412.0,419.0,67646
2021-08-20,413.0299987792969,422.0,411.0,419.3999938964844,133429
2021-08-23,411.239990234375,419.70001220703125,409.5,419.0,100392
2021-08-24,414.510009765625,417.0,403.04998779296875,415.95001220703125,109531
2021-08-25,414.989990234375,419.0,411.0,418.95001220703125,86476
2021-08-26,417.7300109863281,419.739990234375,377.6499938964844,419.3999938964844,84882
2021-08-27,422.0400085449219,492.8500061035156,392.75,492.8500061035156,69997
2021-08-30,428.20001220703125,431.0,416.04998779296875,424.95001220703125,111563
2021-08-31,433.8800048828125,492.3500061035156,402.54998779296875,492.3500061035156,172103
2021-09-01,438.1400146484375,498.95001220703125,377.5,377.5,145874
2021-09-02,438.75,444.0,432.95001220703125,442.95001220703125,130480
2021-09-03,445.5799865722656,446.95001220703125,436.04998779296875,436.04998779296875,77487
2021-09-06,445.3299865722656,454.8800048828125,444.5899963378906,449.8900146484375,171916
2021-09-07,443.54998779296875,449.94000244140625,427.4599914550781,448.95001220703125,104059
2021-09-08,444.7200012207031,447.79998779296875,416.8999938964844,416.8999938964844,84829
2021-09-09,447.57000732421875,454.0,437.0,454.0,61012
2021-09-13,449.3900146484375,454.0,443.04998779296875,454.0,124366
2021-09-14,450.739990234375,453.79998779296875,391.0,391.0,83369
2021-09-15,451.8299865722656,455.95001220703125,410.20001220703125,455.95001220703125,57962
2021-09-16,455.260009765625,456.9700012207031,445.0,454.95001220703125,81939
2021-09-17,452.75,463.0,450.25,463.0,81219
2021-09-20,444.260009765625,454.9700012207031,442.0,453.95001220703125,124223
2021-09-21,448.010009765625,501.95001220703125,386.5,386.5,89566
2021-09-22,450.2200012207031,452.94000244140625,421.1000061035156,451.95001220703125,74592
2021-09-23,453.20001220703125,458.95001220703125,450.29998779296875,458.95001220703125,169509
2021-09-24,451.3399963378906,521.2000122070312,447.0,521.2000122070312,71876
2021-09-27,449.260009765625,458.0,447.0,458.0,80217
2021-09-28,447.44000244140625,454.0,445.04998779296875,454.0,111156
2021-09-29,444.739990234375,514.5999755859375,441.04998779296875,514.5999755859375,61979
2021-09-30,444.2900085449219,449.0,436.0,449.0,212954
2021-10-01,443.54998779296875,447.95001220703125,436.04998779296875,447.95001220703125,354479
2021-10-04,449.67999267578125,510.04998779296875,416.8999938964844,416.8999938964844,185163
2021-10-05,453.5899963378906,454.5,442.04998779296875,452.95001220703125,109878
2021-10-06,449.9700012207031,462.95001220703125,447.04998779296875,462.95001220703125,82564
2021-10-07,454.30999755859375,458.95001220703125,447.04998779296875,458.95001220703125,69883
2021-10-08,453.0799865722656,461.0400085449219,450.3500061035156,461.0400085449219,203870
2021-10-11,454.760009765625,459.0,446.04998779296875,459.0,93085
2021-10-12,457.9599914550781,459.44000244140625,435.3800048828125,435.3800048828125,62686
2021-10-13,462.9599914550781,464.5400085449219,451.04998779296875,462.95001220703125,109295
2021-10-14,466.8599853515625,469.8699951171875,463.010009765625,467.95001220703125,84043
2021-10-18,468.1300048828125,474.0,406.20001220703125,406.20001220703125,134768
2021-10-19,463.2699890136719,477.0,455.29998779296875,477.0,110287
2021-10-20,453.3399963378906,532.75,403.0,403.0,118641
2021-10-21,450.8800048828125,462.95001220703125,426.1499938964844,462.95001220703125,86335
2021-10-22,444.260009765625,462.8500061035156,441.04998779296875,441.04998779296875,97788
2021-10-25,440.1700134277344,449.95001220703125,433.55999755859375,449.8999938964844,117354
2021-10-26,445.4599914550781,506.1499938964844,436.04998779296875,506.1499938964844,72755
2021-10-27,447.7200012207031,525.5499877929688,437.04998779296875,525.5499877929688,60101
2021-10-28,441.55999755859375,453.95001220703125,438.0,453.95001220703125,117266
2021-10-29,440.75,446.95001220703125,426.3999938964844,446.95001220703125,91245
2021-11-01,445.760009765625,498.0,434.0,498.0,133024
2021-11-02,447.04998779296875,454.0,436.0,454.0,97970
2021-11-03,448.25,456.0,441.04998779296875,456.0,67845
2021-11-04,452.1199951171875,506.5,421.3999938964844,506.5,47688
2021-11-08,456.8999938964844,459.0,443.0,459.0,104955
2021-11-09,459.5299987792969,463.0,447.0,463.0,61996
2021-11-10,460.6499938964844,487.1000061035156,442.0,442.0,74090
2021-11-11,458.82000732421875,468.0,451.0,468.0,92226
2021-11-12,463.6300048828125,518.5,431.29998779296875,518.5,39997
2021-11-15,465.75,475.7900085449219,456.0,472.0,81773
2021-11-16,464.80999755859375,474.0,460.04998779296875,474.0,73388
2021-11-17,464.2699890136719,469.0,404.3999938964844,404.3999938964844,55190
2021-11-18,457.6700134277344,524.5999755859375,403.8999938964844,403.8999938964844,97412
2021-11-22,449.1400146484375,517.2000122070312,430.20001220703125,517.2000122070312,248142
2021-11-23,455.6700134277344,476.1000061035156,390.79998779296875,390.79998779296875,81497
2021-11-24,453.42999267578125,497.5,396.3999938964844,396.3999938964844,56512
2021-11-25,457.1099853515625,480.6000061035156,426.20001220703125,480.6000061035156,49611
2021-11-26,446.010009765625,495.0,429.70001220703125,495.0,207509
2021-11-29,439.5400085449219,504.0,419.20001220703125,419.20001220703125,165183
2021-11-30,439.739990234375,447.0,430.0,447.0,159956
2021-12-01,440.95001220703125,496.8999938964844,413.3999938964844,413.3999938964844,87010
2021-12-02,444.57000732421875,498.29998779296875,435.0,498.29998779296875,84992
2021-12-03,444.6000061035156,454.0,436.0,454.0,59119
2021-12-06,436.510009765625,471.29998779296875,435.5,471.29998779296875,174544
2021-12-07,442.30999755859375,493.29998779296875,434.0,493.29998779296875,88843
2021-12-08,447.8500061035156,485.0,402.5,402.5,80259
2021-12-09,448.0799865722656,459.0,443.1199951171875,459.0,98706
2021-12-10,450.8399963378906,485.0,421.20001220703125,485.0,77729
2021-12-13,448.9200134277344,463.0,443.0,463.0,77387
2021-12-14,450.010009765625,456.0,441.0,456.0,66859
2021-12-15,446.30999755859375,459.0,443.0,459.0,60437
2021-12-16,445.55999755859375,485.0,419.5,485.0,41655
2021-12-17,434.8299865722656,454.0,434.1000061035156,454.0,154731
2021-12-20,422.6600036621094,441.0,417.25,441.0,486722
2021-12-21,428.8800048828125,474.0,397.29998779296875,474.0,182461
2021-12-22,435.4100036621094,493.20001220703125,403.1000061035156,425.0,129219
2021-12-23,438.75,447.0,427.0,447.0,199929
2021-12-24,436.3299865722656,498.6499938964844,381.70001220703125,381.70001220703125,107626
2021-12-27,437.54998779296875,501.79998779296875,397.1000061035156,397.1000061035156,74468
2021-12-28,441.05999755859375,485.0,401.25,485.0,82211
2021-12-29,440.1300048828125,447.0,434.0,447.0,267554
2021-12-30,437.1600036621094,484.0,382.8999938964844,382.8999938964844,167689
2021-12-31,443.82000732421875,484.0,432.0,481.0,337854
2022-01-03,446.80999755859375,464.67999267578125,386.1000061035156,386.1000061035156,467591
2022-01-04,448.5299987792969,468.1300048828125,420.0,468.1300048828125,201553
2022-01-05,447.1600036621094,475.3999938964844,434.0,475.3999938964844,157286
2022-01-06,446.9100036621094,485.0,421.55999755859375,485.0,74103
2022-01-07,450.07000732421875,505.0,426.0,505.0,59548
2022-01-10,450.82000732421875,495.0,430.55999755859375,495.0,106952
2022-01-11,451.75,491.3999938964844,423.79998779296875,491.3999938964844,81163
2022-01-12,453.2900085449219,478.8999938964844,441.1199951171875,456.8399963378906,61867
2022-01-13,456.3399963378906,463.0,447.0,463.0,55666
2022-01-14,457.2799987792969,515.7000122070312,442.1600036621094,515.7000122070312,50608
2022-01-17,459.07000732421875,516.7000122070312,397.79998779296875,397.79998779296875,108143
2022-01-18,451.5,480.0,450.1000061035156,480.0,199935
2022-01-19,451.29998779296875,453.5,445.010009765625,452.0,76217
2022-01-20,450.95001220703125,457.0,441.0,457.0,68856
2022-01-21,443.5400085449219,478.0,423.8999938964844,478.0,161934
2022-01-24,427.95001220703125,470.20001220703125,385.8999938964844,470.20001220703125,504478
2022-01-25,431.4800109863281,498.6499938964844,389.3999938964844,498.6499938964844,245133
2022-01-27,423.3900146484375,435.0,412.0199890136719,435.0,358434
2022-01-28,428.739990234375,442.79998779296875,417.0,436.0,215506
2022-01-31,432.30999755859375,488.70001220703125,425.0,488.70001220703125,70278
2022-02-01,437.2200012207031,495.0,427.0,439.3999938964844,202918
2022-02-02,444.1099853515625,447.0,435.0,447.0,93635
2022-02-03,441.7200012207031,446.8999938964844,436.0,444.5,111914
2022-02-04,441.5299987792969,484.0,402.0,484.0,89623
2022-02-07,438.6199951171875,484.5,403.1499938964844,484.5,119174
2022-02-08,437.1199951171875,445.0,432.5,445.0,75190
2022-02-09,441.94000244140625,484.0,392.5,484.0,165705
2022-02-10,443.19000244140625,448.0,437.5,448.0,48965
2022-02-11,437.1499938964844,500.79998779296875,436.0,500.79998779296875,95173
2022-02-14,422.7900085449219,443.0,421.30999755859375,443.0,262549
2022-02-15,430.7300109863281,460.79998779296875,397.3999938964844,460.79998779296875,330518
2022-02-16,431.6600036621094,443.0,421.0,443.0,51204
2022-02-17,431.25,484.0,430.0,484.0,123812
2022-02-18,428.05999755859375,436.0,405.3999938964844,435.8999938964844,75701
2022-02-21,423.05999755859375,477.25,420.6000061035156,477.25,173944
2022-02-22,421.7200012207031,472.25,397.70001220703125,472.25,188016
2022-02-23,425.6700134277344,434.0,396.3999938964844,434.0,93815
2022-02-24,403.29998779296875,430.0,399.6499938964844,400.1000061035156,989794
2022-02-25,416.95001220703125,444.25,379.1000061035156,444.25,408966
2022-02-28,420.92999267578125,450.0,407.80999755859375,450.0,146087
2022-03-02,420.1000061035156,450.0,366.20001220703125,366.20001220703125,150018
2022-03-03,421.239990234375,429.0,418.0,429.0,95472
2022-03-04,410.2900085449219,429.3999938964844,408.5,429.3999938964844,251072
2022-03-07,403.9700012207031,409.0,391.0,406.8999938964844,534229
2022-03-08,405.75,411.0,397.010009765625,411.0,186596
2022-03-09,412.4100036621094,415.0,405.0,415.0,393510
2022-03-10,418.4700012207031,461.29998779296875,387.70001220703125,461.29998779296875,230676
2022-03-11,420.6199951171875,472.8999938964844,393.3999938964844,472.8999938964844,90630
2022-03-14,421.05999755859375,448.70001220703125,395.3999938964844,448.70001220703125,154322
2022-03-15,416.82000732421875,427.0,411.0,427.0,134042
2022-03-16,426.20001220703125,438.70001220703125,410.5799865722656,438.70001220703125,79293
2022-03-17,431.25,445.70001220703125,400.6099853515625,445.70001220703125,62254
2022-03-21,427.5899963378906,458.70001220703125,407.1499938964844,458.70001220703125,116675
2022-03-22,427.760009765625,463.70001220703125,402.1499938964844,463.70001220703125,122239
2022-03-23,428.67999267578125,436.0,421.0,436.0,198485
2022-03-24,429.79998779296875,464.70001220703125,419.9700012207031,464.70001220703125,258116
2022-03-25,428.7300109863281,468.8999938964844,404.0,468.8999938964844,221557
2022-03-28,428.2799987792969,436.0,421.0,436.0,93076
2022-03-29,430.32000732421875,464.70001220703125,427.0,464.70001220703125,79291
2022-03-30,432.9700012207031,468.70001220703125,429.9800109863281,468.70001220703125,195681
2022-03-31,434.1300048828125,464.70001220703125,430.80999755859375,464.70001220703125,57174
2022-04-01,438.2699890136719,464.67999267578125,392.1499938964844,392.1499938964844,203669
2022-04-04,447.9100036621094,463.25,434.3599853515625,445.0,164047
2022-04-05,451.239990234375,454.1000061035156,441.0,441.0,164607
2022-04-06,452.29998779296875,464.0,411.54998779296875,452.25,113029
2022-04-07,451.19000244140625,511.1000061035156,411.6000061035156,411.6000061035156,121443
2022-04-08,458.29998779296875,459.1300048828125,446.0,459.0,86561
2022-04-11,463.5299987792969,468.0,453.1000061035156,461.04998779296875,93236
2022-04-12,456.0400085449219,495.0,403.29998779296875,403.29998779296875,1119101
2022-04-13,458.6700134277344,485.0,437.010009765625,437.010009765625,137689
2022-04-18,455.5799865722656,459.9800109863281,449.8699951171875,456.3500061035156,229453
2022-04-19,448.989990234375,485.0,440.0899963378906,459.0400085449219,174268
2022-04-20,450.2200012207031,467.2799987792969,440.0400085449219,467.2799987792969,98732
2022-04-21,455.30999755859375,457.0,448.0400085449219,456.7799987792969,100834
2022-04-22,453.1499938964844,484.0,441.010009765625,484.0,65331
2022-04-25,443.7799987792969,453.1000061035156,421.260009765625,453.1000061035156,143030
2022-04-26,453.7699890136719,501.5,443.7799987792969,449.94000244140625,61137
2022-04-27,448.7200012207031,468.79998779296875,445.80999755859375,468.79998779296875,74502
2022-04-28,453.57000732421875,475.6000061035156,445.4599914550781,454.2300109863281,54142
2022-04-29,449.25,462.57000732421875,439.4700012207031,462.57000732421875,75695
2022-05-02,446.3900146484375,507.70001220703125,443.0,507.70001220703125,146911
2022-05-04,434.4599914550781,486.6000061035156,388.3999938964844,388.3999938964844,347068
2022-05-05,435.44000244140625,447.0,408.3999938964844,408.3999938964844,78900
2022-05-06,425.8800048828125,492.0,423.2200012207031,492.0,287190
2022-05-09,418.70001220703125,481.20001220703125,416.1000061035156,469.69000244140625,583558
2022-05-10,408.989990234375,474.0,400.0,474.0,270742
2022-05-11,408.3900146484375,458.0,399.95001220703125,458.0,186072
2022-05-12,398.3399963378906,458.0,383.8999938964844,458.0,431920
2022-05-13,395.9700012207031,458.0,381.010009765625,458.0,185522
2022-05-16,401.3800048828125,458.0,392.0299987792969,458.0,99912
2022-05-17,410.4200134277344,458.0,391.1000061035156,458.0,118302
2022-05-18,412.5400085449219,468.0,392.25,468.0,80697
2022-05-19,401.3500061035156,458.0,396.0,458.0,194301
2022-05-20,406.25,444.25,400.3999938964844,444.25,72315
2022-05-23,403.9599914550781,444.0,396.1000061035156,444.0,123766
2022-05-24,400.4599914550781,442.25,398.6000061035156,442.25,99743
2022-05-25,393.8299865722656,440.0,392.0,440.0,174063
2022-05-26,398.0,400.0,385.1199951171875,400.0,132675
2022-05-27,400.6300048828125,438.0,396.260009765625,438.0,64082
2022-05-30,410.57000732421875,438.0,393.010009765625,438.0,107649
2022-05-31,411.45001220703125,438.0,405.0199890136719,438.0,94069
2022-06-01,407.6499938964844,422.4599914550781,386.79998779296875,422.4599914550781,100543
2022-06-02,409.55999755859375,420.0,404.07000732421875,420.0,53346
2022-06-03,403.9599914550781,428.0,403.0299987792969,428.0,103343
2022-06-06,402.6300048828125,428.0,390.0,400.80999755859375,144190
2022-06-07,399.3800048828125,424.0,397.0,424.0,107083
2022-06-08,399.010009765625,415.3500061035156,396.04998779296875,415.3500061035156,104961
2022-06-09,401.2900085449219,404.25,395.260009765625,399.2300109863281,83305
2022-06-10,397.67999267578125,418.0,390.45001220703125,418.0,127199
2022-06-13,389.30999755859375,414.0,387.0,414.0,327374
2022-06-14,390.3599853515625,409.3999938964844,382.3500061035156,409.3999938964844,141257
2022-06-15,391.2300109863281,398.6000061035156,387.4700012207031,394.239990234375,69963
2022-06-16,383.17999267578125,417.8999938964844,381.5,417.8999938964844,276833
2022-06-17,377.239990234375,403.8999938964844,375.55999755859375,403.8999938964844,229579
2022-06-20,374.260009765625,386.0,370.25,383.5899963378906,198655
2022-06-21,382.739990234375,399.95001220703125,368.0,399.95001220703125,177678
2022-06-22,377.6300048828125,390.0,371.1700134277344,386.8900146484375,106194
2022-06-23,380.6099853515625,384.0,372.5,384.0,87430
2022-06-24,386.6600036621094,399.989990234375,376.8599853515625,387.1400146484375,51972
2022-06-27,389.9800109863281,403.989990234375,383.0,403.989990234375,126932
2022-06-28,390.44000244140625,399.989990234375,366.6000061035156,399.989990234375,57961
2022-06-29,387.3800048828125,398.3999938964844,384.20001220703125,392.8900146484375,61303
2022-06-30,385.510009765625,397.3999938964844,384.0,397.3999938964844,95309
2022-07-01,390.17999267578125,397.3999938964844,380.0,397.3999938964844,96987
2022-07-04,392.6400146484375,399.989990234375,386.17999267578125,399.989990234375,393177
2022-07-05,393.9800109863281,397.9599914550781,385.25,397.9599914550781,161099
2022-07-06,399.67999267578125,400.3399963378906,386.25,398.0,110619
2022-07-07,404.4200134277344,413.989990234375,391.260009765625,413.989990234375,146163
2022-07-08,405.25,409.489990234375,401.0,409.489990234375,217945
2022-07-11,410.4599914550781,444.0,352.6199951171875,444.0,188959
2022-07-12,409.4599914550781,412.0,401.010009765625,410.0,89277
2022-07-13,409.9800109863281,418.8800048828125,405.1199951171875,418.8800048828125,87630
2022-07-14,408.3299865722656,415.94000244140625,402.25,402.25,69338
2022-07-15,411.5,419.67999267578125,405.0,419.67999267578125,88260
2022-07-18,416.010009765625,424.8800048828125,410.70001220703125,424.8800048828125,121743
2022-07-19,419.32000732421875,419.9800109863281,411.6199951171875,417.8999938964844,183221
2022-07-20,420.2099914550781,425.95001220703125,410.010009765625,425.95001220703125,71448
2022-07-21,425.1499938964844,433.8800048828125,411.2099914550781,433.8800048828125,197901
2022-07-22,424.6300048828125,428.8800048828125,421.0,428.8800048828125,113500
2022-07-25,423.760009765625,427.9200134277344,420.8800048828125,427.9200134277344,194261
2022-07-26,418.3500061035156,427.05999755859375,416.80999755859375,427.05999755859375,590246
2022-07-27,420.8999938964844,422.80999755859375,413.45001220703125,421.8900146484375,93676
2022-07-28,425.8399963378906,427.0,421.0,426.0,104387
2022-07-29,432.1000061035156,432.79998779296875,424.0,431.3900146484375,111258
2022-08-01,437.5199890136719,438.5,424.8599853515625,435.69000244140625,147221
2022-08-02,439.3999938964844,440.239990234375,434.5,440.239990234375,111052
2022-08-03,437.7200012207031,443.489990234375,420.010009765625,443.489990234375,92965
2022-08-04,440.0299987792969,445.0,433.3500061035156,441.0400085449219,102023
2022-08-05,440.19000244140625,444.0,431.0299987792969,431.0299987792969,89866
2022-08-08,442.1499938964844,442.8399963378906,437.0,442.0,101137
2022-08-10,441.6300048828125,445.44000244140625,437.510009765625,445.44000244140625,142803
2022-08-11,444.0899963378906,449.5400085449219,435.010009765625,449.5400085449219,88782
2022-08-12,446.9800109863281,447.5799865722656,441.3800048828125,446.5,355828
2022-08-16,452.75,454.3999938964844,420.20001220703125,450.8399963378906,115447
2022-08-17,457.5400085449219,459.0,446.0,446.0,112497
2022-08-18,460.8399963378906,462.0,398.1000061035156,398.1000061035156,214690
2022-08-19,454.6199951171875,464.489990234375,433.20001220703125,464.489990234375,253854
2022-08-22,447.2099914550781,459.0,395.5,395.5,161212
2022-08-23,450.17999267578125,451.54998779296875,411.1099853515625,411.1099853515625,135304
2022-08-24,451.489990234375,452.45001220703125,445.05999755859375,451.5,271132
2022-08-25,451.79998779296875,456.2900085449219,415.5,415.5,78897
2022-08-26,454.7699890136719,471.0,450.7099914550781,471.0,88037
2022-08-29,452.92999267578125,454.7699890136719,440.510009765625,454.7699890136719,197570
2022-08-30,462.17999267578125,462.67999267578125,451.1199951171875,456.7799987792969,119309
2022-09-01,461.19000244140625,489.8999938964844,452.1000061035156,489.8999938964844,193624
2022-09-02,460.75,484.3999938964844,453.1300048828125,484.3999938964844,132851
2022-09-05,461.04998779296875,465.0,458.6600036621094,465.0,78881
2022-09-06,464.5899963378906,468.3999938964844,458.05999755859375,464.6300048828125,168190
2022-09-07,466.010009765625,466.5,459.3500061035156,464.94000244140625,50581
2022-09-08,467.07000732421875,474.70001220703125,453.739990234375,474.70001220703125,143127
2022-09-09,467.17999267578125,474.3999938964844,406.3999938964844,406.3999938964844,74672
2022-09-12,472.0299987792969,472.489990234375,460.29998779296875,467.5,93436
2022-09-13,475.239990234375,478.0,472.04998779296875,474.8999938964844,85761
2022-09-14,476.6700134277344,478.44000244140625,467.25,474.94000244140625,91365
2022-09-15,480.3800048828125,480.95001220703125,475.1099853515625,480.5400085449219,83200
2022-09-16,467.1199951171875,486.0,463.9100036621094,486.0,156130
2022-09-19,468.1600036621094,471.0,462.4100036621094,469.6000061035156,113708
2022-09-20,472.489990234375,476.5799865722656,469.510009765625,476.0,64145
2022-09-21,466.2699890136719,474.989990234375,465.0199890136719,469.54998779296875,84778
2022-09-22,468.1700134277344,469.2799987792969,461.3599853515625,466.8999938964844,92076
2022-09-23,459.95001220703125,469.70001220703125,459.010009765625,469.70001220703125,139187
2022-09-26,447.5199890136719,464.3999938964844,445.1099853515625,464.3999938964844,196883
2022-09-27,448.5400085449219,452.8500061035156,443.9599914550781,450.8999938964844,89131
2022-09-28,445.5,450.20001220703125,442.42999267578125,448.95001220703125,75647
2022-09-29,444.5299987792969,451.8699951171875,443.5,449.8999938964844,101009
2022-09-30,447.75,511.20001220703125,439.30999755859375,441.0,350727
2022-10-03,438.5400085449219,451.4800109863281,435.6000061035156,450.70001220703125,861872
2022-10-04,448.8299865722656,452.0,441.0,445.8900146484375,220071
2022-10-06,452.2699890136719,453.9800109863281,448.95001220703125,452.79998779296875,198153
2022-10-07,451.55999755859375,481.989990234375,393.5,455.07000732421875,140068
2022-10-10,447.1600036621094,449.70001220703125,424.510009765625,449.0,223235
2022-10-11,441.8999938964844,455.0,438.6499938964844,450.0,152530
2022-10-12,443.05999755859375,449.3999938964844,415.3999938964844,415.3999938964844,95072
2022-10-13,438.7699890136719,445.0,437.30999755859375,445.0,94977
2022-10-14,437.1400146484375,448.0,436.54998779296875,448.0,104923
2022-10-17,439.6600036621094,441.1499938964844,433.3299865722656,438.95001220703125,122372
2022-10-18,444.4200134277344,444.8399963378906,440.6600036621094,444.0,113446
2022-10-19,443.7200012207031,447.3399963378906,443.0,447.20001220703125,90112
2022-10-20,448.1400146484375,449.20001220703125,441.25,443.989990234375,49506
2022-10-21,442.3999938964844,454.3999938964844,440.510009765625,454.3999938964844,72645
2022-10-24,445.19000244140625,499.8999938964844,441.3599853515625,499.8999938964844,117303
2022-10-25,443.6499938964844,449.0,442.25,448.0,97265
2022-10-27,447.7799987792969,454.0,443.6499938964844,443.6499938964844,139368
2022-10-28,446.94000244140625,451.3999938964844,444.30999755859375,451.3999938964844,70233
2022-10-31,449.4700012207031,451.79998779296875,446.1499938964844,451.7900085449219,101784
2022-11-01,454.7699890136719,456.0,450.29998779296875,452.79998779296875,139908
2022-11-02,453.4200134277344,458.0,452.3299865722656,458.0,80444
2022-11-03,453.5,454.8999938964844,449.5,454.5,81530
2022-11-04,454.3800048828125,456.0,452.6000061035156,456.0,273723
2022-11-07,458.42999267578125,463.0,455.0,463.0,106977
2022-11-09,457.5899963378906,462.3999938964844,455.8999938964844,461.20001220703125,137217
2022-11-10,453.010009765625,459.5,450.29998779296875,459.5,110838
2022-11-11,457.4599914550781,465.0,455.30999755859375,465.0,83969
2022-11-14,459.70001220703125,461.0,456.2699890136719,461.0,139399
2022-11-15,460.6099853515625,465.0,457.70001220703125,465.0,63094
2022-11-16,457.07000732421875,462.8800048828125,419.20001220703125,462.8800048828125,83342
2022-11-17,453.6099853515625,460.0,397.70001220703125,397.70001220703125,65460
2022-11-18,451.32000732421875,455.9800109863281,448.30999755859375,455.9800109863281,75850
2022-11-21,448.5799865722656,454.0,392.6000061035156,392.6000061035156,77159
2022-11-22,449.3900146484375,451.79998779296875,390.29998779296875,390.29998779296875,55404
2022-11-23,450.5299987792969,451.8999938964844,447.1199951171875,451.8999938964844,49567
2022-11-24,452.3299865722656,454.0,449.6600036621094,454.0,67377
2022-11-25,453.6000061035156,459.0,450.1099853515625,459.0,78554
2022-11-28,454.5899963378906,460.0,426.3999938964844,426.3999938964844,103572
2022-11-29,456.8900146484375,458.0,452.54998779296875,456.5,68755
2022-11-30,461.2699890136719,463.5,455.0299987792969,459.0,196360
2022-12-01,463.17999267578125,468.0,461.3500061035156,468.0,111937
2022-12-02,463.989990234375,469.0,435.3999938964844,469.0,94687
2022-12-05,463.739990234375,468.3999938964844,403.70001220703125,403.70001220703125,114124
2022-12-06,463.6300048828125,465.70001220703125,462.1000061035156,465.69000244140625,65164
2022-12-07,464.54998779296875,466.6099853515625,462.1000061035156,462.1000061035156,46833
2022-12-08,466.4700012207031,466.9700012207031,461.25,466.79998779296875,83802
2022-12-09,463.8699951171875,469.5,460.0,469.5,86200
2022-12-12,463.8800048828125,465.70001220703125,459.8299865722656,465.70001220703125,67134
2022-12-13,463.2300109863281,491.70001220703125,436.0,467.7900085449219,59684
2022-12-14,465.0899963378906,472.510009765625,463.2300109863281,472.510009765625,62829
2022-12-15,460.4599914550781,466.94000244140625,458.29998779296875,465.0899963378906,91309
2022-12-16,454.1700134277344,462.45001220703125,453.04998779296875,462.45001220703125,184674
2022-12-19,458.9800109863281,459.6400146484375,453.5899963378906,456.69000244140625,76747
2022-12-20,458.8900146484375,461.0,399.29998779296875,399.29998779296875,111970
2022-12-21,451.5199890136719,461.94000244140625,450.0199890136719,459.1300048828125,77118
2022-12-22,448.0799865722656,454.8699951171875,445.1700134277344,454.69000244140625,98212
2022-12-23,431.8599853515625,447.8599853515625,430.3299865722656,443.260009765625,276889
2022-12-26,441.42999267578125,443.0,430.5199890136719,434.0,142260
2022-12-27,445.010009765625,446.0,441.44000244140625,443.8900146484375,99759
2022-12-28,447.05999755859375,448.44000244140625,444.4200134277344,445.989990234375,69467
2022-12-29,447.3500061035156,448.69000244140625,441.8999938964844,448.69000244140625,57754
2022-12-30,447.2300109863281,451.7300109863281,446.0,449.7900085449219,77808
2023-01-02,445.6499938964844,450.0,445.1099853515625,447.2300109863281,255683
2023-01-03,448.5799865722656,449.0,445.6400146484375,447.19000244140625,111751
2023-01-04,443.3699951171875,449.5,442.6000061035156,446.54998779296875,85234
2023-01-05,445.94000244140625,446.8599853515625,441.5299987792969,445.44000244140625,170951
2023-01-06,442.45001220703125,447.8999938964844,441.70001220703125,447.6499938964844,88498
2023-01-09,446.67999267578125,447.1400146484375,443.0199890136719,444.010009765625,228556
2023-01-10,445.1199951171875,447.9800109863281,441.1099853515625,447.9800109863281,93989
2023-01-11,442.79998779296875,447.4800109863281,431.75,431.75,77685
2023-01-12,443.760009765625,445.19000244140625,442.1099853515625,444.79998779296875,60807
2023-01-13,445.739990234375,446.70001220703125,442.6099853515625,445.69000244140625,61585
2023-01-16,446.0899963378906,448.9800109863281,443.3999938964844,448.79998779296875,76496
2023-01-17,446.29998779296875,447.8999938964844,443.1099853515625,447.8999938964844,48062
2023-01-18,445.489990234375,459.70001220703125,432.8999938964844,459.70001220703125,138470
2023-01-19,443.7699890136719,446.45001220703125,442.1700134277344,446.45001220703125,68258
2023-01-20,442.8399963378906,445.5,442.1600036621094,443.7699890136719,62675
2023-01-23,443.8399963378906,446.70001220703125,442.5,445.69000244140625,55827
2023-01-24,442.94000244140625,447.8999938964844,442.3500061035156,447.8999938964844,61751
2023-01-25,431.9200134277344,443.8999938964844,431.1199951171875,443.8999938964844,246420
2023-01-27,415.260009765625,444.8999938964844,409.8500061035156,444.8999938964844,685555
2023-01-30,410.1000061035156,427.8999938964844,406.1000061035156,425.1000061035156,284598
2023-01-31,414.67999267578125,422.3999938964844,407.1199951171875,422.3999938964844,146243
2023-02-01,408.4200134277344,427.1000061035156,402.92999267578125,427.1000061035156,253135
2023-02-02,407.07000732421875,414.0,401.0,414.0,249929
2023-02-03,405.2699890136719,419.29998779296875,394.8500061035156,419.29998779296875,403907
2023-02-06,409.5799865722656,417.45001220703125,402.1000061035156,417.45001220703125,171521
2023-02-07,409.1000061035156,413.9800109863281,406.5199890136719,413.9800109863281,157985
2023-02-08,412.8500061035156,414.4700012207031,409.1000061035156,411.8999938964844,302363
2023-02-09,409.1300048828125,425.25,408.010009765625,425.25,878108
2023-02-10,410.2300109863281,411.1499938964844,403.0,410.8999938964844,92749
2023-02-13,403.4700012207031,419.0,403.07000732421875,419.0,1435293
2023-02-14,404.1700134277344,409.8999938964844,401.7099914550781,409.8999938964844,1767395
2023-02-15,405.3800048828125,416.29998779296875,402.25,416.29998779296875,108065
2023-02-16,409.9100036621094,417.54998779296875,405.3800048828125,417.54998779296875,85735
2023-02-17,406.92999267578125,410.0,406.5,410.0,121715
2023-02-20,406.0899963378906,409.80999755859375,404.5199890136719,408.8999938964844,148727
2023-02-21,405.69000244140625,408.8999938964844,404.25,408.8999938964844,99948
2023-02-22,399.82000732421875,407.0,398.75,407.0,273887
2023-02-23,397.8900146484375,411.79998779296875,395.5,411.79998779296875,175751
2023-02-24,397.4200134277344,409.8500061035156,396.5,409.8500061035156,119001
2023-02-27,393.9599914550781,403.0,390.79998779296875,403.0,280467
2023-02-28,394.4700012207031,405.80999755859375,392.760009765625,405.79998779296875,123327
2023-03-01,398.9700012207031,406.29998779296875,393.20001220703125,406.29998779296875,135778
2023-03-02,398.8800048828125,401.44000244140625,397.1099853515625,400.739990234375,86358
2023-03-03,402.79998779296875,410.8500061035156,398.8900146484375,410.8500061035156,146262
2023-03-06,406.5199890136719,408.79998779296875,403.0400085449219,408.79998779296875,131815
2023-03-08,406.70001220703125,418.70001220703125,403.25,418.70001220703125,103269
2023-03-09,404.1499938964844,408.6000061035156,403.2799987792969,406.70001220703125,79692
2023-03-10,403.8299865722656,404.57000732421875,396.0,402.8999938964844,192552
2023-03-13,399.3399963378906,406.79998779296875,398.0,405.79998779296875,167297
2023-03-14,394.82000732421875,401.70001220703125,392.75,401.45001220703125,397957
2023-03-15,396.510009765625,406.6499938964844,394.1000061035156,406.6499938964844,146043
2023-03-16,398.04998779296875,408.3999938964844,384.6000061035156,408.3999938964844,207844
2023-03-17,401.010009765625,410.0,398.2099914550781,410.0,80213
2023-03-20,398.0899963378906,403.70001220703125,395.04998779296875,403.4800109863281,204267
2023-03-21,399.5,410.04998779296875,397.7099914550781,410.04998779296875,65093
2023-03-22,402.8599853515625,403.1499938964844,387.5,387.5,53331
2023-03-23,400.29998779296875,407.6600036621094,399.010009765625,407.6600036621094,78923
2023-03-24,398.2799987792969,409.8500061035156,397.79998779296875,409.8500061035156,80702
2023-03-27,395.8299865722656,401.9100036621094,395.0,401.9100036621094,150184
2023-03-28,392.1199951171875,407.70001220703125,391.0,407.70001220703125,160984
2023-03-29,394.6199951171875,397.8999938964844,390.25,393.989990234375,172537
2023-03-31,400.42999267578125,401.05999755859375,393.1000061035156,397.5,154582
2023-04-03,400.9200134277344,404.79998779296875,397.1199951171875,403.8999938964844,279193
2023-04-05,402.9100036621094,403.70001220703125,398.25,403.42999267578125,167917
2023-04-06,404.8500061035156,415.0,401.1099853515625,415.0,164847
2023-04-10,406.1199951171875,407.44000244140625,401.1199951171875,407.20001220703125,191047
2023-04-11,406.8900146484375,408.6000061035156,404.3299865722656,404.55999755859375,102948
2023-04-12,408.4800109863281,408.989990234375,394.70001220703125,394.70001220703125,77432
2023-04-13,407.4800109863281,410.29998779296875,406.2200012207031,410.29998779296875,98697
2023-04-17,409.6099853515625,411.0,404.6400146484375,404.6400146484375,115572
2023-04-18,411.3599853515625,412.3999938964844,397.29998779296875,397.29998779296875,99711
2023-04-19,407.5799865722656,412.3999938964844,406.8900146484375,412.3999938964844,69440
2023-04-20,407.2099914550781,410.9800109863281,406.510009765625,408.7799987792969,75261
2023-04-21,406.2900085449219,409.20001220703125,395.0,404.79998779296875,58280
2023-04-24,408.510009765625,409.0899963378906,405.1600036621094,408.70001220703125,88806
2023-04-25,410.42999267578125,410.989990234375,407.1000061035156,409.75,137498
2023-04-26,411.30999755859375,413.5,398.1000061035156,413.5,71634
2023-04-27,413.0799865722656,413.6499938964844,409.54998779296875,412.45001220703125,96450
2023-04-28,418.3900146484375,418.94000244140625,413.20001220703125,415.6000061035156,135304
2023-05-02,420.1000061035156,421.95001220703125,417.1000061035156,419.489990234375,242888
2023-05-03,421.0799865722656,423.010009765625,417.3599853515625,421.3999938964844,106448
2023-05-04,423.8399963378906,433.70001220703125,419.25,433.70001220703125,115172
2023-05-05,423.55999755859375,425.989990234375,421.25,423.8399963378906,124365
2023-05-08,427.05999755859375,427.7900085449219,422.55999755859375,426.739990234375,177449
2023-05-09,426.5400085449219,429.75,424.3500061035156,429.489990234375,94297
2023-05-10,428.2699890136719,429.69000244140625,425.2799987792969,429.69000244140625,81222
2023-05-11,431.6600036621094,432.0,427.3599853515625,429.989990234375,105222
2023-05-12,431.1099853515625,433.5,430.0,433.2099914550781,87626
2023-05-15,433.04998779296875,435.0,429.25,432.70001220703125,141457
2023-05-16,433.5400085449219,436.0,420.04998779296875,420.04998779296875,94969
2023-05-17,431.1700134277344,435.95001220703125,428.9200134277344,428.9200134277344,136537
2023-05-18,427.17999267578125,433.989990234375,426.70001220703125,433.8999938964844,103519
2023-05-19,428.760009765625,429.70001220703125,414.3500061035156,414.3500061035156,74401
2023-05-22,433.1600036621094,433.5899963378906,427.29998779296875,429.79998779296875,102590
2023-05-23,434.260009765625,446.1499938964844,420.1499938964844,446.1499938964844,81482
2023-05-24,433.5,447.29998779296875,425.29998779296875,447.29998779296875,56197
2023-05-25,435.8699951171875,436.79998779296875,432.54998779296875,434.8999938964844,82151
2023-05-26,440.6300048828125,441.0,434.25,437.8599853515625,132315
2023-05-29,443.1099853515625,464.989990234375,441.0,444.79998779296875,136732
2023-05-30,443.3800048828125,445.1000061035156,442.1600036621094,445.0,68857
2023-05-31,444.2300109863281,444.79998779296875,441.0,444.5,96160
2023-06-01,446.3500061035156,447.989990234375,441.0,442.5,130023
2023-06-02,447.989990234375,459.75,444.54998779296875,446.3500061035156,101399
2023-06-05,449.0799865722656,453.1300048828125,448.1099853515625,453.1300048828125,106129
2023-06-06,451.1099853515625,462.54998779296875,447.3500061035156,462.54998779296875,108930
2023-06-07,455.0299987792969,464.6499938964844,451.1099853515625,464.6499938964844,92514
2023-06-08,452.3399963378906,459.0899963378906,451.7099914550781,459.0899963378906,185959
2023-06-09,452.0799865722656,454.44000244140625,450.69000244140625,454.20001220703125,70248
2023-06-12,453.6199951171875,454.44000244140625,451.2200012207031,454.19000244140625,117582
2023-06-13,457.5899963378906,467.25,453.6199951171875,467.25,84387
2023-06-14,459.04998779296875,460.0,457.2900085449219,459.3999938964844,84555
2023-06-15,458.8900146484375,468.0,458.1000061035156,468.0,110460
2023-06-16,463.5400085449219,472.6499938964844,458.29998779296875,472.6499938964844,110574
2023-06-19,463.2799987792969,477.45001220703125,462.29998779296875,477.45001220703125,114321
2023-06-20,465.3999938964844,472.6499938964844,449.3999938964844,472.6499938964844,111599
2023-06-21,464.3800048828125,479.3500061035156,462.7699890136719,479.3500061035156,138270
2023-06-22,458.3299865722656,468.0,457.54998779296875,468.0,193830
2023-06-23,453.1099853515625,462.0199890136719,452.5,462.0199890136719,127647
2023-06-26,455.07000732421875,457.0,451.260009765625,454.7900085449219,105907
2023-06-27,456.4700012207031,468.70001220703125,450.1000061035156,468.70001220703125,92948
2023-06-28,459.760009765625,470.1499938964844,456.4700012207031,470.1499938964844,88039
2023-06-30,464.260009765625,473.54998779296875,459.1000061035156,473.54998779296875,188814
2023-07-03,464.7300109863281,467.29998779296875,450.3500061035156,450.3500061035156,641160
2023-07-04,463.8500061035156,478.6499938964844,462.29998779296875,478.6499938964844,143774
2023-07-05,467.8800048828125,470.95001220703125,455.1000061035156,470.95001220703125,154105
2023-07-06,470.510009765625,475.25,465.29998779296875,475.25,111915
2023-07-07,466.42999267578125,472.29998779296875,465.5,472.29998779296875,159296
2023-07-10,463.8299865722656,480.3999938964844,463.1000061035156,480.3999938964844,158537
2023-07-11,466.989990234375,468.70001220703125,449.8999938964844,449.8999938964844,110394
2023-07-12,468.5199890136719,472.45001220703125,465.69000244140625,472.45001220703125,73213
2023-07-13,466.17999267578125,474.0,464.30999755859375,474.0,140506
2023-07-14,469.3500061035156,473.95001220703125,465.2099914550781,473.95001220703125,100295
2023-07-17,470.5799865722656,483.45001220703125,468.1000061035156,483.45001220703125,156233
2023-07-18,468.8800048828125,484.70001220703125,467.29998779296875,484.70001220703125,77637
2023-07-19,471.05999755859375,482.95001220703125,468.8800048828125,482.95001220703125,90468
2023-07-20,470.1199951171875,485.20001220703125,465.25,485.20001220703125,110964
2023-07-21,467.510009765625,471.20001220703125,466.25,471.20001220703125,232335
2023-07-24,467.70001220703125,481.54998779296875,465.79998779296875,481.54998779296875,97997
2023-07-25,469.6300048828125,481.75,453.6499938964844,481.75,90752
2023-07-26,471.5199890136719,483.70001220703125,469.1000061035156,483.70001220703125,73803
2023-07-27,472.8299865722656,488.04998779296875,457.3500061035156,457.3500061035156,116861
2023-07-28,477.8299865722656,487.0,472.5799865722656,487.0,97093
2023-07-31,480.260009765625,492.1499938964844,477.1000061035156,492.1499938964844,68531
2023-08-01,479.2699890136719,494.6499938964844,478.42999267578125,494.6499938964844,140911
2023-08-02,473.5299987792969,481.0,469.1099853515625,480.8999938964844,137166
2023-08-03,470.3800048828125,475.510009765625,459.29998779296875,459.29998779296875,131766
2023-08-04,475.1400146484375,484.5,469.1600036621094,484.5,137266
2023-08-07,475.82000732421875,489.3999938964844,474.19000244140625,489.3999938964844,126848
2023-08-08,476.1199951171875,482.79998779296875,461.54998779296875,478.25,57238
2023-08-09,477.20001220703125,490.3999938964844,461.8500061035156,490.3999938964844,49589
2023-08-10,474.6400146484375,491.5,472.1499938964844,491.5,95027
2023-08-11,473.6000061035156,477.5,460.3999938964844,460.3999938964844,102831
2023-08-14,467.6600036621094,487.79998779296875,459.3999938964844,487.79998779296875,268833
2023-08-16,467.6199951171875,481.70001220703125,462.25,481.70001220703125,96973
2023-08-17,466.45001220703125,481.6499938964844,453.6000061035156,453.6000061035156,90025
2023-08-18,464.30999755859375,475.25,463.4100036621094,475.25,86987
2023-08-21,466.1600036621094,468.1499938964844,450.3999938964844,450.3999938964844,208326
2023-08-22,470.3699951171875,471.010009765625,465.260009765625,469.0,64577
2023-08-23,471.0899963378906,484.5,470.3699951171875,484.5,63119
2023-08-24,470.8500061035156,485.20001220703125,466.0,485.20001220703125,129889
2023-08-25,467.05999755859375,485.0,460.8500061035156,485.0,105204
2023-08-28,470.3599853515625,470.9700012207031,460.1499938964844,460.1499938964844,78145
2023-08-29,473.29998779296875,484.45001220703125,470.3599853515625,484.45001220703125,55516
2023-08-30,474.8999938964844,487.5,459.1000061035156,487.5,50483
2023-08-31,471.7799987792969,478.3500061035156,464.04998779296875,464.04998779296875,51602
2023-09-01,476.0199890136719,476.3500061035156,470.25,474.6499938964844,77278
2023-09-04,480.1499938964844,490.29998779296875,475.1000061035156,490.29998779296875,127796
2023-09-05,480.9800109863281,482.8500061035156,479.5,482.8500061035156,72938
2023-09-06,483.489990234375,483.8399963378906,473.04998779296875,483.25,129689
2023-09-07,486.1700134277344,498.0,469.0,498.0,104411
2023-09-08,490.0799865722656,494.25,471.6000061035156,494.25,127027
2023-09-11,494.2200012207031,504.79998779296875,475.3999938964844,504.79998779296875,166583
2023-09-12,483.6600036621094,497.79998779296875,482.05999755859375,497.79998779296875,178543
2023-09-13,485.32000732421875,487.3500061035156,479.20001220703125,487.3500061035156,117466
2023-09-14,488.510009765625,499.8999938964844,485.1499938964844,499.8999938964844,70919
2023-09-15,489.0299987792969,503.1499938964844,473.8500061035156,503.1499938964844,61763
2023-09-18,488.94000244140625,503.70001220703125,482.05999755859375,503.70001220703125,86920
2023-09-20,484.8599853515625,489.9200134277344,484.0,487.989990234375,94932
2023-09-21,480.489990234375,499.3999938964844,470.29998779296875,470.29998779296875,90522
2023-09-22,480.2099914550781,494.8999938964844,475.6000061035156,494.8999938964844,130593
2023-09-25,478.6300048828125,494.6000061035156,476.57000732421875,494.6000061035156,136396
2023-09-26,479.5,487.25,478.1300048828125,487.25,80182
2023-09-27,479.8999938964844,493.8999938964844,469.54998779296875,469.54998779296875,98302
2023-09-28,474.80999755859375,494.29998779296875,472.6000061035156,494.29998779296875,83778
2023-09-29,478.92999267578125,480.0,474.80999755859375,478.6499938964844,61170
2023-10-03,478.2799987792969,483.0,464.54998779296875,464.54998779296875,913350
2023-10-04,472.989990234375,492.6499938964844,467.1499938964844,492.6499938964844,240503
2023-10-05,473.19000244140625,487.20001220703125,471.70001220703125,487.20001220703125,138830
2023-10-06,475.8900146484375,487.3999938964844,459.0,487.3999938964844,104454
2023-10-09,470.57000732421875,490.1499938964844,461.6000061035156,490.1499938964844,135659
2023-10-10,476.5,478.3500061035156,456.45001220703125,456.45001220703125,139036
2023-10-11,477.9800109863281,482.6000061035156,465.1499938964844,482.6000061035156,94290
2023-10-12,479.3699951171875,492.29998779296875,475.9800109863281,492.29998779296875,79547
2023-10-13,479.6099853515625,480.9700012207031,465.0,465.0,77199
2023-10-16,480.9200134277344,494.0,465.0,494.0,123142
2023-10-17,482.6700134277344,493.1499938964844,466.5,493.1499938964844,65458
2023-10-18,478.6499938964844,489.0,477.0,489.0,75918
2023-10-19,477.1600036621094,489.25,464.29998779296875,464.29998779296875,60635
2023-10-20,473.44000244140625,491.45001220703125,466.5,491.45001220703125,88440
2023-10-23,464.55999755859375,487.6499938964844,463.010009765625,487.6499938964844,171639
2023-10-25,460.4599914550781,478.5,458.510009765625,478.5,199831
2023-10-26,457.2900085449219,474.25,451.0,474.25,189225
2023-10-27,465.760009765625,471.0,443.54998779296875,471.0,203694
2023-10-30,466.6600036621094,479.75,460.0,479.75,75451
2023-10-31,467.7200012207031,480.6499938964844,459.29998779296875,480.6499938964844,127862
2023-11-01,465.239990234375,481.75,453.70001220703125,481.75,125504
2023-11-02,471.4800109863281,479.20001220703125,454.20001220703125,479.20001220703125,115470
2023-11-03,475.79998779296875,477.0,468.0,471.4800109863281,82901
2023-11-06,479.70001220703125,480.6000061035156,469.6000061035156,480.6000061035156,92836
2023-11-07,483.70001220703125,494.1000061035156,465.29998779296875,494.1000061035156,103740
2023-11-08,486.1199951171875,487.0,471.04998779296875,486.6000061035156,96666
2023-11-09,484.1600036621094,497.3500061035156,483.70001220703125,497.3500061035156,152747
2023-11-10,485.3900146484375,498.70001220703125,479.29998779296875,498.70001220703125,92841
2023-11-13,488.5299987792969,498.3999938964844,485.2900085449219,498.3999938964844,85694
2023-11-15,493.239990234375,503.20001220703125,473.8500061035156,473.8500061035156,107140
2023-11-16,494.8599853515625,502.6000061035156,491.2200012207031,502.6000061035156,118278
2023-11-17,498.20001220703125,509.70001220703125,490.1000061035156,509.70001220703125,127859
2023-11-20,496.95001220703125,500.29998779296875,495.0,500.29998779296875,100943
2023-11-21,497.0899963378906,500.5,482.04998779296875,482.04998779296875,69275
2023-11-22,495.0400085449219,499.0,493.1099853515625,499.0,61480
2023-11-23,496.5199890136719,500.0,480.20001220703125,500.0,59352
2023-11-24,495.8800048828125,502.1499938964844,481.6000061035156,502.1499938964844,54461
2023-11-28,500.0799865722656,510.75,481.0,510.75,140988
2023-11-29,504.75,515.0999755859375,488.6000061035156,515.0999755859375,103379
2023-11-30,510.260009765625,519.9000244140625,489.6000061035156,519.9000244140625,85830
2023-12-01,515.5599975585938,525.5499877929688,494.95001220703125,525.5499877929688,149337
2023-12-04,525.719970703125,531.0499877929688,518.0999755859375,531.0499877929688,190598
2023-12-05,531.75,538.219970703125,525.010009765625,531.4500122070312,164489
2023-12-06,537.3800048828125,537.9099731445312,515.7999877929688,529.0800170898438,127541
2023-12-07,541.4500122070312,553.5,536.1599731445312,553.5,85355
2023-12-08,537.8900146484375,551.1500244140625,525.2000122070312,551.1500244140625,142150
2023-12-11,543.8400268554688,544.219970703125,521.75,521.75,106970
2023-12-12,540.4600219726562,560.1500244140625,536.6699829101562,560.1500244140625,123670
2023-12-13,543.969970703125,556.6500244140625,532.0,556.6500244140625,94043
2023-12-14,550.72998046875,552.0,527.6500244140625,528.02001953125,90380
2023-12-15,551.6599731445312,562.1500244140625,550.260009765625,562.1500244140625,88659
2023-12-18,556.219970703125,568.2000122070312,547.0,568.2000122070312,100236
2023-12-19,556.719970703125,558.5,551.5499877929688,558.5,97011
2023-12-20,541.7100219726562,570.2999877929688,539.1300048828125,570.2999877929688,236810
2023-12-21,547.739990234375,555.25,532.2999877929688,541.7100219726562,102889
2023-12-22,552.4500122070312,564.1500244140625,532.2999877929688,564.1500244140625,124029
2023-12-26,557.5900268554688,563.1500244140625,540.2999877929688,540.2999877929688,136938
2023-12-27,560.25,574.2999877929688,556.6799926757812,564.0,144712
2023-12-28,562.75,577.0499877929688,560.260009765625,577.0499877929688,92767
2023-12-29,567.3599853515625,579.6500244140625,545.8499755859375,579.6500244140625,128249
2024-01-01,568.1300048828125,582.2999877929688,550.2999877929688,582.2999877929688,366729
2024-01-02,566.6799926757812,585.1500244140625,559.3200073242188,585.1500244140625,220026
2024-01-03,571.7100219726562,575.0,564.6099853515625,568.5,162026
2024-01-04,576.9299926757812,588.8499755859375,571.72998046875,588.8499755859375,102850
2024-01-05,576.3300170898438,586.0999755859375,564.5999755859375,571.72998046875,130348
2024-01-08,571.5499877929688,579.8900146484375,570.7000122070312,578.8499755859375,201402
2024-01-09,573.9400024414062,588.2999877929688,568.0,588.2999877929688,121301
2024-01-10,574.760009765625,576.5999755859375,559.25,569.9199829101562,114308
2024-01-11,580.4500122070312,587.5,562.0999755859375,587.5,76519
2024-01-12,581.1199951171875,584.5,580.2899780273438,584.5,124006
2024-01-15,582.47998046875,585.7999877929688,578.6900024414062,585.7999877929688,134659
2024-01-16,581.8099975585938,599.9500122070312,570.8300170898438,599.9500122070312,82701
2024-01-17,576.1599731445312,599.25,564.3599853515625,599.25,137378
2024-01-18,573.5700073242188,592.1500244140625,561.0,592.1500244140625,141337
2024-01-19,581.6199951171875,581.97998046875,573.5700073242188,578.7000122070312,85408
2024-01-23,566.9400024414062,586.6199951171875,563.510009765625,586.5,155473
2024-01-24,576.219970703125,576.989990234375,561.4099731445312,569.7000122070312,131762
2024-01-25,579.0900268554688,585.0,571.8099975585938,574.2999877929688,135932
2024-01-29,585.0399780273438,596.4500122070312,578.2999877929688,596.4500122070312,123036
2024-01-30,583.0999755859375,602.5999755859375,582.2100219726562,602.5999755859375,84117
2024-01-31,587.7000122070312,599.1500244140625,582.0,599.1500244140625,66569
2024-02-01,589.9199829101562,593.8800048828125,586.2000122070312,590.7000122070312,87232
2024-02-02,594.9199829101562,607.5999755859375,589.9199829101562,607.5999755859375,115345
2024-02-05,592.280029296875,612.75,589.47998046875,612.75,176362
2024-02-06,600.3699951171875,600.9600219726562,575.0999755859375,577.02001953125,104233
2024-02-07,610.1699829101562,612.0999755859375,586.5999755859375,586.5999755859375,135880
2024-02-08,611.3099975585938,618.0,603.2000122070312,618.0,221522
2024-02-09,610.6400146484375,629.6500244140625,596.02001953125,629.6500244140625,159569
2024-02-12,599.6400146484375,615.989990234375,597.0,610.6400146484375,132535
2024-02-13,603.469970703125,605.0,592.52001953125,601.8499755859375,350821
2024-02-14,611.9600219726562,613.5399780273438,593.0,602.0,78304
2024-02-15,617.8499755859375,618.5499877929688,611.9600219726562,611.9600219726562,81658
2024-02-16,622.7100219726562,636.4000244140625,617.8499755859375,636.4000244140625,108836
2024-02-19,624.1599731445312,626.7000122070312,621.9400024414062,626.7000122070312,114928
2024-02-20,624.9000244140625,642.9000244140625,610.0999755859375,642.9000244140625,105565
2024-02-21,621.1900024414062,643.6500244140625,619.3699951171875,643.6500244140625,91016
2024-02-22,627.9199829101562,628.8800048828125,617.0,624.7000122070312,69003
2024-02-23,629.5399780273438,631.5,625.6699829101562,631.5,72395
2024-02-26,630.1300048828125,632.7999877929688,621.5,631.8499755859375,156441
2024-02-27,629.2899780273438,634.489990234375,626.3499755859375,631.9000244140625,107313
2024-02-28,621.3099975585938,648.1500244140625,614.02001953125,614.02001953125,151431
2024-02-29,627.760009765625,639.9500122070312,614.8099975585938,622.0,85525
2024-03-01,632.469970703125,646.5999755859375,613.0999755859375,646.5999755859375,132294
2024-03-04,637.010009765625,655.1500244140625,634.25,655.1500244140625,104974
2024-03-05,638.5399780273438,646.0,631.0,646.0,99389
2024-03-06,636.719970703125,652.1500244140625,621.2999877929688,652.1500244140625,179722
2024-03-07,642.8800048828125,644.9000244140625,636.719970703125,639.5,104503
2024-03-11,642.489990234375,662.1500244140625,623.5900268554688,662.1500244140625,149661
2024-03-12,630.3699951171875,661.75,624.5,661.75,331342
2024-03-13,609.5900268554688,634.25,603.8699951171875,633.7999877929688,379394
2024-03-14,623.1699829101562,629.8499755859375,601.0,627.9000244140625,171573
2024-03-15,617.9600219726562,641.8499755859375,609.010009765625,641.8499755859375,176196
2024-03-18,621.8099975585938,637.2000122070312,599.4000244140625,636.5,132358
2024-03-19,610.3499755859375,636.0,609.5,620.4500122070312,192443
2024-03-20,612.7999877929688,629.0,603.5,628.6500244140625,131121
2024-03-21,625.72998046875,626.5,594.4000244140625,594.4000244140625,125726
2024-03-22,628.469970703125,644.5,610.0999755859375,644.5,100472
2024-03-26,634.4500122070312,635.5800170898438,613.02001953125,630.4000244140625,190884
2024-03-27,637.1500244140625,641.4000244140625,619.02001953125,619.02001953125,227358
2024-03-28,643.8099975585938,656.25,630.0499877929688,656.25,184687
2024-04-01,655.780029296875,659.0,636.0,659.0,274750
2024-04-02,662.719970703125,675.4500122070312,636.0999755859375,675.4500122070312,186563
2024-04-03,664.77001953125,682.5999755859375,650.0,682.5999755859375,212121
2024-04-04,661.6599731445312,684.7000122070312,660.0,684.7000122070312,231651
2024-04-05,666.0800170898438,681.5,644.0999755859375,681.5,187784
2024-04-08,670.3400268554688,679.0,661.0,672.0,126239
2024-04-09,668.489990234375,675.0,665.0,675.0,138491
2024-04-10,674.469970703125,688.5499877929688,653.02001953125,688.5499877929688,126524
2024-04-12,670.6599731445312,694.7000122070312,668.5,694.7000122070312,471836
2024-04-15,660.530029296875,671.5,650.5499877929688,650.5499877929688,986754
2024-04-16,660.9299926757812,674.1500244140625,640.7000122070312,674.1500244140625,167595
2024-04-18,659.719970703125,680.75,657.010009765625,680.75,229165
2024-04-19,659.4299926757812,679.5,641.5,679.5,233948
2024-04-22,667.3900146484375,668.0,662.0999755859375,666.5,119324
2024-04-23,668.97998046875,687.4000244140625,665.0,687.4000244140625,162258
2024-04-24,673.8599853515625,689.0499877929688,648.9000244140625,689.0499877929688,216901
2024-04-25,677.5599975585938,694.0999755859375,658.02001953125,694.0999755859375,121210
2024-04-26,682.9199829101562,697.9000244140625,657.25,657.25,185512
2024-04-29,684.8400268554688,703.4000244140625,682.2000122070312,703.4000244140625,302013
2024-04-30,690.3300170898438,705.4000244140625,684.4299926757812,705.4000244140625,161356
2024-05-02,700.5700073242188,701.530029296875,690.3300170898438,693.75,201499
2024-05-03,700.3300170898438,708.0,694.02001953125,705.4000244140625,267806
2024-05-06,691.280029296875,721.3499755859375,685.5,721.3499755859375,347197
2024-05-07,680.5700073242188,712.0,676.5999755859375,712.0,253016
2024-05-08,688.25,692.7899780273438,676.5499877929688,683.8499755859375,224047
2024-05-09,675.3200073242188,708.9000244140625,667.5999755859375,708.9000244140625,293118
2024-05-10,681.4199829101562,682.6500244140625,671.6599731445312,674.3499755859375,160103
2024-05-13,685.4500122070312,701.8499755859375,661.0,701.8499755859375,220006
2024-05-14,695.239990234375,706.0,664.9000244140625,706.0,183626
2024-05-15,698.969970703125,700.0,695.239990234375,698.7999877929688,233819
2024-05-16,704.0800170898438,706.0,697.0999755859375,703.7899780273438,226430
2024-05-17,714.260009765625,725.2000122070312,701.8900146484375,725.2000122070312,188106
2024-05-21,726.4500122070312,741.7999877929688,705.0,741.7999877929688,173794
2024-05-22,728.2000122070312,748.25,715.5499877929688,748.25,186951
2024-05-23,732.1400146484375,732.8499755859375,726.25,731.9000244140625,154505
2024-05-24,735.8599853515625,754.0999755859375,727.3499755859375,754.0999755859375,360625
2024-05-27,736.1900024414062,740.5,720.02001953125,740.0,227509
2024-05-28,730.0499877929688,739.9000244140625,714.0999755859375,714.0999755859375,186717
2024-05-29,725.0800170898438,740.0,719.0999755859375,740.0,164030
2024-05-30,719.5399780273438,746.8499755859375,715.5499877929688,746.8499755859375,227611
2024-05-31,719.9199829101562,724.97998046875,712.3400268554688,724.5,215276
2024-06-03,750.2000122070312,751.989990234375,730.0,741.5,434759
2024-06-04,740.260009765625,769.0,651.989990234375,749.7000122070312,1549840
2024-06-05,712.3499755859375,750.0,682.0499877929688,736.0,1081909
2024-06-06,726.6699829101562,732.719970703125,702.0,724.7000122070312,353016
2024-06-07,736.5599975585938,748.4500122070312,720.510009765625,748.4500122070312,302294
2024-06-10,742.9000244140625,745.0,733.5499877929688,741.5,226240
2024-06-11,742.219970703125,747.7000122070312,741.0,747.7000122070312,178970
2024-06-12,747.510009765625,748.3300170898438,736.25,736.25,186639
2024-06-13,753.8200073242188,754.72998046875,736.5999755859375,754.1500244140625,342093
2024-06-14,764.4000244140625,765.9199829101562,744.3099975585938,763.0999755859375,265979
2024-06-18,768.8900146484375,770.7999877929688,755.2999877929688,770.7899780273438,271496
2024-06-19,762.0999755859375,780.2999877929688,755.0999755859375,780.2999877929688,279413
2024-06-20,762.8699951171875,772.0999755859375,756.4500122070312,772.0999755859375,187545
2024-06-21,757.5800170898438,785.75,756.1300048828125,785.75,169097
2024-06-24,761.9400024414062,762.9600219726562,750.5599975585938,759.2999877929688,291966
2024-06-25,759.760009765625,765.7000122070312,758.3499755859375,761.9400024414062,174941
2024-06-26,759.0999755859375,764.7999877929688,756.3499755859375,764.7999877929688,148561
2024-06-27,759.0900268554688,762.469970703125,752.3099975585938,761.8400268554688,174210
2024-06-28,761.0399780273438,764.7999877929688,758.2000122070312,764.7999877929688,165456
2024-07-01,767.8699951171875,769.0,757.25,757.260009765625,422216
2024-07-02,767.7899780273438,790.9000244140625,756.3499755859375,790.9000244140625,291238
2024-07-03,772.8599853515625,775.7899780273438,757.2999877929688,768.0999755859375,211149
2024-07-04,776.9199829101562,779.0900268554688,755.0999755859375,757.02001953125,231721
2024-07-05,783.1699829101562,783.77001953125,772.5,779.5900268554688,183325
2024-07-08,783.9199829101562,787.0,780.1400146484375,783.2000122070312,262570
2024-07-09,787.0700073242188,788.8499755859375,782.0,787.489990234375,237873
2024-07-10,787.260009765625,810.7000122070312,770.0999755859375,810.7000122070312,303765
2024-07-11,789.2100219726562,790.9000244140625,776.2999877929688,790.7000122070312,121508
2024-07-12,786.1699829101562,793.0,782.9199829101562,789.25,207789
2024-07-15,792.2899780273438,809.75,774.2999877929688,809.75,169727
2024-07-16,788.239990234375,795.5,786.7100219726562,795.5,227503
2024-07-18,779.489990234375,811.9000244140625,764.5999755859375,811.9000244140625,352169
2024-07-19,761.4099731445312,802.8499755859375,760.0,802.8499755859375,514021
2024-07-22,770.1799926757812,779.97998046875,751.0999755859375,779.97998046875,232378
2024-07-23,764.4500122070312,774.7000122070312,736.8900146484375,772.0,474819
2024-07-24,766.0399780273438,769.52001953125,760.0,760.0,191560
2024-07-25,768.530029296875,789.0,751.0999755859375,789.0,291032
2024-07-26,782.52001953125,785.0800170898438,753.02001953125,775.0,411420
2024-07-29,790.1300048828125,792.5999755859375,782.8900146484375,792.5999755859375,249256
2024-07-30,789.22998046875,793.7999877929688,766.4500122070312,775.02001953125,129511
2024-07-31,794.510009765625,812.9000244140625,785.0,812.9000244140625,148376
2024-08-01,791.5,799.0,787.1099853515625,795.2000122070312,192589
2024-08-02,782.8699951171875,792.0,781.5499877929688,781.5499877929688,339839
2024-08-05,767.489990234375,806.3499755859375,750.280029296875,806.3499755859375,800045
2024-08-06,749.8200073242188,775.7999877929688,745.02001953125,745.02001953125,510202
2024-08-07,769.9400024414062,771.030029296875,741.0,762.0,254394
2024-08-08,767.0,776.0,755.25,776.0,169102
2024-08-09,775.0399780273438,779.1599731445312,768.4299926757812,777.7999877929688,269482
2024-08-12,772.4500122070312,779.5,767.5,778.5,221899
2024-08-13,764.1699829101562,776.8499755859375,763.2000122070312,776.8499755859375,192442
2024-08-14,765.1699829101562,767.7000122070312,759.010009765625,767.7000122070312,151985
2024-08-16,776.4600219726562,779.0,767.0,773.5,207434
2024-08-19,781.4099731445312,783.5999755859375,753.1500244140625,753.1500244140625,167984
2024-08-20,788.8900146484375,789.3099975585938,773.0,789.0,155852
2024-08-21,791.3699951171875,792.0,786.3499755859375,791.9000244140625,302199
2024-08-22,796.8300170898438,797.5,790.0999755859375,791.3699951171875,372576
2024-08-23,794.52001953125,799.5999755859375,793.75,796.7999877929688,280701
2024-08-26,798.219970703125,800.5,794.52001953125,799.5,171308
2024-08-27,798.8800048828125,799.4299926757812,774.25,799.0,121471
2024-08-28,800.6099853515625,802.7000122070312,796.7999877929688,797.0999755859375,158950
2024-08-29,799.030029296875,824.6500244140625,793.3499755859375,824.6500244140625,148185
2024-08-30,801.7999877929688,803.7000122070312,775.0499877929688,799.030029296875,148349
2024-09-02,802.489990234375,825.8499755859375,777.75,825.8499755859375,203669
2024-09-03,803.5800170898438,806.5,801.1500244140625,805.5,181042
2024-09-04,805.530029296875,806.6599731445312,790.9500122070312,804.5,201989
2024-09-05,803.2000122070312,829.7000122070312,781.3499755859375,808.0,507098
2024-09-06,795.7899780273438,827.2999877929688,790.0,827.2999877929688,217125
2024-09-09,796.0700073242188,798.5,785.4600219726562,798.5,246093
2024-09-10,798.0999755859375,806.0,795.510009765625,806.0,136986
2024-09-11,793.8099975585938,801.8699951171875,792.010009765625,800.7999877929688,126957
2024-09-12,803.5599975585938,804.219970703125,796.0999755859375,799.5,139739
2024-09-13,804.2899780273438,807.989990234375,803.3099975585938,805.0,135687
2024-09-16,804.2899780273438,808.7999877929688,803.3499755859375,808.7999877929688,177087
2024-09-17,803.1400146484375,809.7999877929688,780.1500244140625,780.1500244140625,138931
2024-09-18,800.1500244140625,830.0,795.25,827.25,155079
2024-09-19,794.8099975585938,809.0,782.5499877929688,791.0,414579
2024-09-20,804.5800170898438,806.5900268554688,794.0999755859375,798.7999877929688,197101
2024-09-23,816.3800048828125,817.0999755859375,786.25,805.0,310470
2024-09-24,817.280029296875,819.8499755859375,806.2999877929688,819.8400268554688,181100
2024-09-25,814.8499755859375,819.7000122070312,810.9000244140625,812.0,150285
2024-09-26,819.9400024414062,820.75,811.25,817.97998046875,147066
2024-09-27,825.8599853515625,827.7999877929688,817.0,822.7000122070312,153161
2024-09-30,821.5999755859375,828.6500244140625,820.010009765625,826.989990234375,248333
2024-10-01,821.8300170898438,825.1500244140625,818.3699951171875,824.7999877929688,374051
2024-10-03,807.6300048828125,820.7999877929688,801.3900146484375,820.7999877929688,526815
2024-10-04,803.2000122070312,810.9000244140625,792.25,801.3499755859375,424012
2024-10-07,784.969970703125,807.7000122070312,772.8599853515625,807.6900024414062,907931
2024-10-08,796.030029296875,797.6599731445312,773.2000122070312,793.969970703125,321118
2024-10-09,804.7000122070312,810.0,786.3499755859375,801.8499755859375,248201
2024-10-10,803.2999877929688,828.8499755859375,802.0,828.8499755859375,153130
2024-10-11,804.1500244140625,806.5,779.1900024414062,806.5,106406
2024-10-14,807.010009765625,808.5,803.260009765625,808.5,151410
2024-10-15,809.4500122070312,811.5,804.25,804.25,193297
2024-10-16,807.8099975585938,811.9000244140625,804.0,809.4299926757812,197453
2024-10-17,789.9099731445312,810.5,789.0,810.5,459686
2024-10-18,792.989990234375,794.219970703125,780.510009765625,792.7999877929688,273906
2024-10-21,781.989990234375,816.7999877929688,781.02001953125,816.7999877929688,325284
2024-10-22,759.5499877929688,786.8699951171875,758.0,784.7999877929688,680772
2024-10-23,757.3099975585938,764.8099975585938,749.6599731445312,764.5499877929688,427531
2024-10-24,753.6699829101562,762.7999877929688,752.8900146484375,762.7999877929688,387006
2024-10-25,744.489990234375,776.2999877929688,734.3599853515625,776.2999877929688,535364
2024-10-28,747.72998046875,766.7999877929688,730.02001953125,766.7999877929688,353822
2024-10-29,752.77001953125,753.5999755859375,737.5,751.5,235014
2024-10-30,749.9099731445312,756.530029296875,747.2000122070312,755.5,199333
2024-10-31,746.5900268554688,751.7999877929688,744.1500244140625,751.7999877929688,176289
2024-11-01,746.5900268554688,746.5900268554688,746.5900268554688,746.5900268554688,0
2024-11-04,741.010009765625,778.75,733.4000244140625,778.75,544329
2024-11-05,744.9600219726562,754.0,731.0,754.0,319271
2024-11-06,762.02001953125,763.2000122070312,733.0,754.0,391823
2024-11-07,753.9000244140625,798.9400024414062,739.1500244140625,784.9000244140625,222106
2024-11-08,744.969970703125,776.5,743.0,770.0,191280
2024-11-11,747.4099731445312,753.6199951171875,725.02001953125,725.02001953125,239459
2024-11-12,730.8499755859375,753.7000122070312,729.2100219726562,753.7000122070312,399623
2024-11-13,717.1599731445312,752.7999877929688,708.9000244140625,752.7999877929688,531016
2024-11-14,720.3900146484375,738.6500244140625,705.3499755859375,738.6500244140625,270469
2024-11-18,719.719970703125,734.0999755859375,698.7999877929688,698.7999877929688,360782
2024-11-19,723.5700073242188,741.2999877929688,720.0499877929688,741.2999877929688,236325
2024-11-21,713.25,728.5,705.0999755859375,728.5,441139
2024-11-22,726.3300170898438,734.6500244140625,697.25,734.6500244140625,322547
2024-11-25,740.8400268554688,745.0700073242188,704.5499877929688,743.0,435308
2024-11-26,742.52001953125,745.7999877929688,735.260009765625,745.7999877929688,214116
2024-11-27,749.3099975585938,764.7999877929688,735.1099853515625,764.7999877929688,220932
2024-11-28,750.1599731445312,756.0999755859375,745.25,753.5,200986
2024-11-29,754.97998046875,757.4299926757812,745.5499877929688,753.7999877929688,133510
2024-12-02,759.9500122070312,774.2000122070312,747.0,774.2000122070312,242685
2024-12-03,767.9400024414062,768.3400268554688,755.239990234375,764.7000122070312,247786
2024-12-04,771.3800048828125,772.27001953125,763.5499877929688,771.7000122070312,212631
2024-12-05,773.469970703125,775.5999755859375,748.25,755.0,208389
2024-12-06,778.5,792.4000244140625,768.25,792.4000244140625,216151
2024-12-09,776.5,782.7999877929688,772.5,782.7999877929688,200415
2024-12-10,780.6199951171875,780.9000244140625,773.5499877929688,780.5,192396
2024-12-11,782.1599731445312,783.5,757.2000122070312,780.6199951171875,177892
2024-12-12,780.239990234375,787.969970703125,772.2000122070312,772.2000122070312,164570
2024-12-13,779.0599975585938,803.6500244140625,756.8499755859375,803.6500244140625,269120
2024-12-16,781.280029296875,782.5,775.25,782.5,226580
2024-12-17,771.0900268554688,782.9000244140625,769.4400024414062,776.25,238899
2024-12-18,760.8900146484375,794.2000122070312,759.0,794.2000122070312,250684
2024-12-19,754.1799926757812,756.2000122070312,738.0499877929688,738.0499877929688,295978
2024-12-20,734.2100219726562,757.8200073242188,732.27001953125,750.0999755859375,328622
2024-12-23,735.77001953125,741.9000244140625,720.02001953125,741.9000244140625,242772
2024-12-24,736.2100219726562,739.989990234375,713.7000122070312,713.7000122070312,161172
2024-12-26,738.219970703125,739.9500122070312,733.8599853515625,739.7999877929688,214428
2024-12-27,733.0399780273438,757.3800048828125,716.0499877929688,716.0499877929688,157947
2024-12-30,727.5,755.0499877929688,720.3900146484375,755.0499877929688,241638
2024-12-31,726.989990234375,745.25,712.02001953125,712.02001953125,234575
2025-01-01,729.5499877929688,748.7999877929688,724.3499755859375,748.7999877929688,336470
2025-01-02,738.739990234375,751.4500122070312,724.27001953125,724.27001953125,196273
2025-01-03,739.8400268554688,750.0,716.5999755859375,716.5999755859375,158570
2025-01-06,717.1599731445312,744.7999877929688,714.0499877929688,717.6500244140625,558805
2025-01-07,715.7000122070312,738.6500244140625,712.0,738.6500244140625,256257
2025-01-08,709.7999877929688,726.0,704.3099975585938,726.0,339961
2025-01-09,700.969970703125,713.7000122070312,688.5,713.7000122070312,289225
2025-01-10,687.8300170898438,705.5,685.9000244140625,705.5,587849
2025-01-13,660.9099731445312,700.0999755859375,656.010009765625,691.0,1163898
2025-01-14,674.6199951171875,676.3699951171875,661.1500244140625,671.7000122070312,515655
2025-01-15,680.27001953125,694.8499755859375,671.2100219726562,694.8499755859375,334298
2025-01-16,689.3200073242188,693.6400146484375,666.0,666.0,256893
2025-01-17,695.8300170898438,699.7000122070312,684.25,692.4000244140625,230618
2025-01-20,696.5700073242188,705.0,691.760009765625,705.0,298966
2025-01-21,678.2999877929688,699.5999755859375,675.0999755859375,699.5999755859375,697277
2025-01-22,672.25,698.6500244140625,661.760009765625,698.6500244140625,525912
2025-01-23,679.0,685.2000122070312,661.0,685.2000122070312,290988
2025-01-24,668.3400268554688,682.7999877929688,667.0,682.7899780273438,390661
2025-01-27,649.719970703125,688.4000244140625,648.0,688.4000244140625,817673
2025-01-28,651.510009765625,666.0,637.5,666.0,529416
2025-01-29,664.3699951171875,671.0499877929688,640.0,671.0499877929688,304266
2025-01-30,664.989990234375,684.2999877929688,655.0,684.2999877929688,557135
2025-01-31,676.9099731445312,680.0,650.0,678.0,354916
2025-02-01,678.72998046875,697.2000122070312,668.9099731445312,697.2000122070312,363222
2025-02-03,669.6599731445312,679.2000122070312,664.1099853515625,677.7000122070312,479375
2025-02-04,680.3900146484375,685.0,670.0700073242188,685.0,288606
2025-02-05,684.5499877929688,690.0,680.4000244140625,685.0,264501
2025-02-06,679.3800048828125,705.0999755859375,677.4600219726562,705.0999755859375,270504
2025-02-07,679.7100219726562,697.0,672.77001953125,697.0,223146
2025-02-10,667.3099975585938,691.9000244140625,664.7000122070312,691.9000244140625,381669
2025-02-11,650.3800048828125,682.0,647.2899780273438,682.0,1031129
2025-02-12,650.75,654.5,632.5999755859375,654.5,772405
2025-02-13,651.9400024414062,665.0,634.0,665.0,421091
2025-02-14,637.510009765625,663.4500122070312,632.1099853515625,663.4500122070312,637988
2025-02-17,635.6500244140625,640.7000122070312,624.0,640.7000122070312,667908
2025-02-18,636.8800048828125,641.0,629.0999755859375,639.5,402268
2025-02-19,643.9400024414062,656.0,621.02001953125,656.0,358229
2025-02-20,653.219970703125,653.5399780273438,630.0,650.0,286368
2025-02-21,647.2100219726562,672.7999877929688,633.0,653.219970703125,361960
2025-02-24,639.760009765625,647.0,630.0,647.0,429138
2025-02-25,634.8400268554688,642.7999877929688,633.6699829101562,642.7999877929688,430142
2025-02-27,629.1099853515625,650.0,620.0,620.0,401292
2025-02-28,612.0800170898438,628.0,609.25,628.0,1043197
2025-03-03,616.280029296875,630.4500122070312,595.0,630.4500122070312,831868
2025-03-04,620.3599853515625,634.75,607.260009765625,634.75,655731
2025-03-05,636.1400146484375,638.9500122070312,618.1699829101562,638.9500122070312,584674
2025-03-06,643.9400024414062,655.2000122070312,617.0499877929688,655.2000122070312,445447
2025-03-07,641.0900268554688,647.8499755859375,638.8499755859375,646.8499755859375,508970
2025-03-10,631.3900146484375,646.0,630.5,646.0,433765
2025-03-11,634.77001953125,636.5999755859375,616.0,632.4000244140625,437242
2025-03-12,634.6099853515625,650.0,626.780029296875,650.0,502773
2025-03-13,631.0800170898438,646.0,630.5999755859375,646.0,374371
2025-03-17,635.5399780273438,645.0,616.02001953125,645.0,411202
2025-03-18,635.5399780273438,635.5399780273438,635.5399780273438,635.5399780273438,0
2025-03-19,662.989990234375,664.6500244140625,632.8499755859375,656.5,710252
2025-03-20,666.9600219726562,675.0,660.0,675.0,401090
2025-03-21,671.8300170898438,686.9500122070312,655.8499755859375,686.9500122070312,521610
2025-03-24,680.5599975585938,687.4400024414062,659.8499755859375,685.0,557688
2025-03-25,670.719970703125,694.25,669.75,692.5,607446
2025-03-26,667.8900146484375,690.8499755859375,650.5999755859375,650.5999755859375,540572
2025-03-27,676.25,687.9500122070312,661.0499877929688,687.9500122070312,449816
2025-03-28,672.0800170898438,696.5499877929688,655.9500122070312,696.5499877929688,409090
2025-04-01,667.8499755859375,692.25,655.02001953125,692.25,409123
2025-04-02,675.530029296875,687.9000244140625,662.6199951171875,687.9000244140625,288364
2025-04-03,675.7000122070312,692.0,660.02001953125,692.0,341105
2025-04-04,658.5,680.989990234375,655.0999755859375,678.989990234375,670078
2025-04-07,640.0,678.25,620.0,678.25,1812281
2025-04-08,651.0900268554688,659.2000122070312,640.0,659.2000122070312,530625
2025-04-09,649.8200073242188,666.4500122070312,640.0,666.4500122070312,270401
2025-04-11,658.3200073242188,672.0,655.3499755859375,669.2999877929688,486347
2025-04-15,677.2899780273438,678.25,663.7000122070312,678.25,472450
2025-04-16,681.3900146484375,697.5999755859375,673.75,697.5999755859375,345914
2025-04-17,685.5900268554688,687.3300170898438,677.6599731445312,683.7000122070312,439778
2025-04-21,698.1599731445312,706.1500244140625,677.3900146484375,690.0,553717
2025-04-22,699.2999877929688,708.3499755859375,688.3499755859375,708.3499755859375,424652
2025-04-23,704.25,711.3499755859375,694.260009765625,699.2999877929688,401694
2025-04-24,702.9199829101562,715.0,683.1199951171875,715.0,321371
2025-04-25,687.5999755859375,707.7999877929688,681.8599853515625,707.7999877929688,653269
2025-04-28,694.2000122070312,696.1300048828125,683.0999755859375,691.9500122070312,309154
2025-04-29,693.4099731445312,704.5999755859375,690.25,704.5999755859375,298491
2025-04-30,688.47998046875,714.2100219726562,685.5,714.2100219726562,329940
2025-05-02,687.0999755859375,709.1300048828125,684.0999755859375,709.1300048828125,340426
2025-05-05,698.3900146484375,699.1400146484375,684.0,684.0,348555
2025-05-06,683.0800170898438,714.0,681.010009765625,714.0,559849
2025-05-07,686.3099975585938,689.9000244140625,670.0,670.0,511628
2025-05-08,672.1699829101562,699.0,669.219970703125,699.0,451604
2025-05-09,670.1500244140625,692.3400268554688,651.989990234375,692.3400268554688,455182
2025-05-12,696.77001953125,697.5,675.3499755859375,683.4000244140625,667718
2025-05-13,696.72998046875,717.6699829101562,691.1799926757812,717.6699829101562,421131
2025-05-14,701.9099731445312,707.0,696.010009765625,707.0,408676
2025-05-15,708.010009765625,722.969970703125,699.25,722.969970703125,510126
2025-05-16,718.280029296875,729.25,701.3499755859375,729.25,739392
2025-05-19,721.8400268554688,725.8499755859375,716.7000122070312,725.8499755859375,486755
2025-05-20,708.5399780273438,730.0,707.72998046875,730.0,602502
2025-05-21,716.3699951171875,717.0,706.02001953125,715.3499755859375,360637
2025-05-22,713.9199829101562,727.0,709.0,727.0,278142
2025-05-23,717.7999877929688,720.3499755859375,705.3499755859375,720.3499755859375,269910
2025-05-26,720.8400268554688,723.489990234375,717.239990234375,717.7999877929688,216825
2025-05-27,717.5999755859375,742.469970703125,713.2000122070312,742.469970703125,450453
2025-05-28,715.8900146484375,721.0,715.0,720.7000122070312,177290
2025-05-29,716.9299926757812,728.3499755859375,715.239990234375,724.0,286446
2025-05-30,714.9099731445312,738.4400024414062,712.02001953125,730.989990234375,342588
2025-06-02,717.5399780273438,736.3599853515625,700.010009765625,736.3599853515625,275526
2025-06-03,713.97998046875,728.0,713.0999755859375,728.0,357557
2025-06-04,716.0999755859375,716.989990234375,700.0,713.0999755859375,252076
2025-06-05,718.6799926757812,720.9500122070312,694.6199951171875,694.6199951171875,271404
2025-06-06,726.6099853515625,740.239990234375,708.510009765625,740.239990234375,420725
2025-06-09,735.3300170898438,748.4099731445312,714.3499755859375,748.4099731445312,392386
2025-06-10,737.4099731445312,745.3499755859375,732.989990234375,745.3499755859375,330223
2025-06-11,734.7100219726562,759.530029296875,730.0599975585938,746.0,303590
2025-06-12,723.469970703125,743.989990234375,722.0,732.0,464938
2025-06-13,718.0,720.3499755859375,706.3499755859375,720.3499755859375,495630
2025-06-16,722.760009765625,750.989990234375,708.010009765625,728.0,381522
2025-06-17,717.3200073242188,729.8499755859375,716.6900024414062,729.8499755859375,286619
2025-06-18,715.3900146484375,729.989990234375,713.5,729.989990234375,213675
2025-06-19,705.5499877929688,723.260009765625,704.4000244140625,723.260009765625,358236
2025-06-20,714.9400024414062,715.989990234375,698.489990234375,698.489990234375,430404
2025-06-23,715.1900024414062,721.3499755859375,705.010009765625,721.3499755859375,643068
2025-06-24,721.8400268554688,726.0,715.0999755859375,724.0,428732
2025-06-25,725.030029296875,731.3499755859375,721.6099853515625,721.8400268554688,271706
2025-06-26,729.77001953125,743.0,711.0,743.0,295710
2025-06-27,733.9299926757812,735.9500122070312,730.7000122070312,733.8499755859375,448882
2025-06-30,736.9500122070312,739.8499755859375,726.0,726.5900268554688,319436
2025-07-01,736.47998046875,745.0599975585938,714.8400268554688,714.8400268554688,243085
2025-07-02,736.27001953125,744.3499755859375,731.010009765625,744.3499755859375,390733
2025-07-03,732.8900146484375,754.6699829101562,728.0,744.0,273754
2025-07-04,735.6599731445312,751.2100219726562,710.9000244140625,714.5599975585938,1052567
2025-07-07,735.6500244140625,738.0,710.9000244140625,728.2999877929688,513888
2025-07-08,736.3300170898438,742.3499755859375,726.0,735.5,261612
2025-07-09,736.219970703125,758.4199829101562,731.0,758.4199829101562,230953
2025-07-10,734.530029296875,755.989990234375,729.0,755.989990234375,210828
2025-07-11,728.5800170898438,756.5700073242188,727.5399780273438,756.5700073242188,375326
2025-07-14,731.9199829101562,745.0,724.5499877929688,745.0,273432
2025-07-15,736.0900268554688,736.8599853515625,724.0,731.9199829101562,228448
2025-07-16,737.3599853515625,743.3499755859375,728.7000122070312,743.3499755859375,181002
2025-07-17,736.3900146484375,745.469970703125,734.1699829101562,745.469970703125,315351
2025-07-18,731.7000122070312,744.489990234375,714.2999877929688,717.97998046875,277157
2025-07-21,734.52001953125,753.6500244140625,718.0,753.6500244140625,271776
2025-07-22,731.7999877929688,753.97998046875,728.280029296875,753.97998046875,154922
2025-07-23,732.4600219726562,753.75,709.8499755859375,753.75,249810
2025-07-24,731.4500122070312,754.4299926757812,727.9600219726562,754.4299926757812,258831
2025-07-25,720.489990234375,753.3900146484375,719.5999755859375,753.3900146484375,530197
2025-07-28,716.4500122070312,728.0599975585938,715.3499755859375,725.0,333048
2025-07-29,722.969970703125,732.3499755859375,710.0,732.3499755859375,248719
2025-07-30,723.3499755859375,730.5,717.1900024414062,718.5,155713
2025-07-31,719.8099975585938,731.5999755859375,715.0,731.5999755859375,388785
2025-08-01,711.2000122070312,741.4000244140625,709.5800170898438,741.4000244140625,287098
2025-08-04,718.989990234375,719.3499755859375,704.72998046875,718.5999755859375,259298
2025-08-05,716.75,740.5599975585938,713.7999877929688,740.5599975585938,232796
2025-08-06,711.0800170898438,728.3499755859375,709.0,723.75,303648
2025-08-07,712.72998046875,732.4099731445312,700.4099731445312,715.0,381743
2025-08-08,704.1300048828125,734.1099853515625,701.0,729.0,268994
2025-08-11,711.7000122070312,718.0,697.1300048828125,718.0,261331
2025-08-12,710.8800048828125,715.0,704.5800170898438,713.989990234375,212869
2025-08-13,715.97998046875,717.1099853515625,710.7999877929688,714.8499755859375,179928
2025-08-14,715.239990234375,737.4600219726562,705.0,705.0,122570
2025-08-18,724.4099731445312,729.0,715.239990234375,715.239990234375,275260
2025-08-19,729.0800170898438,729.47998046875,717.1699829101562,717.1699829101562,168920
2025-08-20,732.1900024414062,733.0,726.25,730.0,195616
2025-08-21,729.7000122070312,754.1599731445312,726.3300170898438,754.1599731445312,176989
2025-08-22,725.219970703125,737.0,723.5,736.7000122070312,175697
2025-08-25,727.8699951171875,734.3499755859375,703.4600219726562,719.0599975585938,122410
2025-08-26,718.5700073242188,728.9000244140625,717.52001953125,728.9000244140625,335015
2025-08-28,709.469970703125,740.1300048828125,708.7000122070312,740.1300048828125,303050
2025-08-29,707.47998046875,716.469970703125,702.2999877929688,708.9500122070312,338382
2025-09-01,716.4600219726562,724.3499755859375,701.469970703125,713.0,361714
2025-09-02,719.5999755859375,723.3499755859375,711.0,723.0,225075
2025-09-03,723.8699951171875,730.0,715.6500244140625,730.0,197705
2025-09-04,721.280029296875,734.3400268554688,716.0,716.0,285313
2025-09-05,721.1300048828125,728.0,717.0,728.0,202395
2025-09-08,724.02001953125,749.7000122070312,714.25,728.0,189824
2025-09-09,724.9400024414062,728.6199951171875,721.1500244140625,728.510009765625,106407
2025-09-10,728.6599731445312,733.3499755859375,725.5,733.3499755859375,290812
2025-09-11,729.8800048828125,732.22998046875,726.3900146484375,732.22998046875,179990
2025-09-12,732.219970703125,735.8499755859375,730.0,735.8499755859375,135770
2025-09-15,736.2999877929688,739.7000122070312,725.0,725.0,231942
2025-09-16,739.8699951171875,743.0,730.5,743.0,183863
2025-09-17,743.0999755859375,745.1099853515625,734.97998046875,743.5700073242188,260953
2025-09-18,744.9299926757812,746.5499877929688,737.6500244140625,743.0999755859375,204706
2025-09-19,748.75,767.280029296875,739.5,767.280029296875,199109
2025-09-22,749.8900146484375,756.0,743.0,754.3499755859375,404323
2025-09-23,748.219970703125,758.1099853515625,745.1799926757812,756.8900146484375,195576
2025-09-24,740.1900024414062,754.5,738.5,748.219970703125,216221
2025-09-25,734.7899780273438,746.8499755859375,733.5,743.8900146484375,395742
2025-09-26,722.5900268554688,737.9500122070312,721.4000244140625,737.9500122070312,447678
2025-09-29,728.9500122070312,729.7100219726562,716.0,716.0,192028
2025-09-30,729.8599853515625,734.3499755859375,723.1199951171875,734.3499755859375,212521
2025-10-01,731.260009765625,737.3499755859375,724.02001953125,737.3499755859375,372893
2025-10-03,734.7899780273438,738.0,724.0,738.0,273047
2025-10-06,737.510009765625,743.3900146484375,728.9099731445312,743.3900146484375,527557
2025-10-07,736.1599731445312,759.6400146484375,731.6099853515625,759.6400146484375,322704
2025-10-08,731.1099853515625,743.0,730.0499877929688,743.0,234576
2025-10-09,734.77001953125,739.3699951171875,724.0,739.0,171850
2025-10-10,736.8800048828125,756.9000244140625,721.0,728.0,215425
2025-10-13,735.969970703125,737.9000244140625,731.2100219726562,737.6099853515625,240905
2025-10-14,732.22998046875,758.0499877929688,730.0800170898438,758.0499877929688,209280
2025-10-15,741.1900024414062,741.72998046875,730.9199829101562,733.0,289626
2025-10-16,745.02001953125,763.4299926757812,738.780029296875,763.4299926757812,200354
2025-10-17,745.469970703125,751.1300048828125,739.5,751.1300048828125,394356
2025-10-20,746.7999877929688,754.0700073242188,741.0,753.969970703125,277177
2025-10-21,747.739990234375,755.0,741.4199829101562,755.0,126186
2025-10-23,746.6300048828125,777.0,744.5,770.1699829101562,385135
2025-10-27,748.72998046875,768.52001953125,740.5,768.52001953125,230586
2025-10-28,745.0499877929688,760.0,736.0,760.0,193570
2025-10-29,753.6400146484375,754.989990234375,744.0,745.0499877929688,280254
2025-10-30,751.8900146484375,772.0,744.989990234375,765.0,542493
2025-10-31,750.9500122070312,759.0,750.0,759.0,268711
2025-11-03,757.6799926757812,763.0,742.9500122070312,761.0,294200
2025-11-04,754.3900146484375,763.3499755859375,753.489990234375,763.3499755859375,170707
2025-11-06,745.7100219726562,759.3499755859375,745.0,759.3499755859375,342814
2025-11-07,746.3400268554688,752.97998046875,735.5900268554688,752.97998046875,331370
2025-11-10,749.469970703125,764.8499755859375,741.0,746.3900146484375,350221
2025-11-11,749.9099731445312,753.6900024414062,742.7999877929688,752.0900268554688,224895
2025-11-12,751.4299926757812,757.3499755859375,750.2100219726562,757.3499755859375,226514
2025-11-13,751.3300170898438,754.8900146484375,748.9500122070312,754.8900146484375,274128
2025-11-14,750.8800048828125,773.8699951171875,743.8200073242188,773.8699951171875,258929
2025-11-17,754.510009765625,756.0,749.239990234375,755.0,234880
2025-11-18,749.5999755859375,758.3499755859375,748.0,758.3499755859375,271181
2025-11-19,749.4099731445312,755.0,745.6099853515625,755.0,203290
2025-11-20,748.52001953125,755.0,747.2999877929688,755.0,274326
2025-11-21,739.0900268554688,750.2999877929688,738.5,750.2999877929688,379882
2025-11-24,731.8499755859375,744.0,731.1500244140625,743.989990234375,305348
2025-11-25,733.5800170898438,738.4400024414062,726.1599731445312,726.3599853515625,202459
2025-11-26,743.8200073242188,755.5900268554688,730.0,755.5900268554688,260104
2025-11-27,742.8800048828125,748.0,741.0999755859375,748.0,234579
2025-11-28,744.1199951171875,765.1699829101562,740.02001953125,765.1699829101562,176787
2025-12-01,744.8800048828125,748.5900268554688,741.5499877929688,747.2000122070312,368218
2025-12-02,744.3099975585938,751.5800170898438,740.5800170898438,751.5800170898438,214322
2025-12-03,734.489990234375,747.1400146484375,734.0399780273438,741.5800170898438,619394
2025-12-04,737.8699951171875,741.489990234375,732.7999877929688,740.72998046875,227338
2025-12-05,739.6400146484375,741.0,733.5,741.0,305288
2025-12-08,724.489990234375,744.6400146484375,721.5999755859375,742.6400146484375,689033
2025-12-09,728.77001953125,729.489990234375,714.7999877929688,727.489990234375,430196
2025-12-10,726.9000244140625,733.8699951171875,723.8099975585938,732.0,233376
2025-12-11,731.1500244140625,732.5,723.1400146484375,730.989990234375,240011
2025-12-12,736.4099731445312,737.0,730.010009765625,734.1500244140625,295695
2025-12-15,737.3300170898438,740.5900268554688,732.0,740.0,223822
2025-12-16,735.760009765625,740.3300170898438,728.6799926757812,740.3300170898438,201525
2025-12-17,732.5399780273438,738.6500244140625,731.0,731.0,212889
2025-12-18,729.6799926757812,736.0,723.5800170898438,735.530029296875,279324
2025-12-19,734.8281860351562,734.8281860351562,734.8281860351562,734.8281860351562,0
2025-12-22,738.9500122070312,740.0999755859375,734.2000122070312,737.9000244140625,345578
2025-12-23,742.7899780273438,745.0,736.0,742.0,289357
2025-12-24,741.4199829101562,745.9600219726562,738.010009765625,742.219970703125,191512
2025-12-26,741.4600219726562,744.9500122070312,738.0,744.4099731445312,261406
2025-12-29,738.5800170898438,744.5,737.1199951171875,744.5,273211
2025-12-30,739.1199951171875,741.5800170898438,734.0,741.5800170898438,285477
2025-12-31,744.8800048828125,746.280029296875,736.1199951171875,742.0,361355
2026-01-01,747.760009765625,748.469970703125,743.52001953125,745.4000244140625,232825
2026-01-02,755.8599853515625,765.0,747.6900024414062,750.0,426982
2026-01-05,756.1199951171875,760.0800170898438,752.780029296875,760.0800170898438,405269
2026-01-06,759.8499755859375,760.3099975585938,752.0499877929688,760.0,778747
2026-01-07,760.8400268554688,762.989990234375,756.8599853515625,759.0,424559
2026-01-08,744.780029296875,762.4400024414062,743.4099731445312,762.4400024414062,565734
2026-01-09,737.3200073242188,748.2999877929688,734.7100219726562,747.0,517148
2026-01-12,738.6699829101562,740.0,728.0599975585938,740.0,722511
2026-01-13,737.0599975585938,743.8400268554688,731.3499755859375,740.6699829101562,516660
2026-01-14,741.3099975585938,745.0,733.760009765625,740.0,465966
2026-01-15,741.3099975585938,741.3099975585938,741.3099975585938,741.3099975585938,0
2026-01-16,740.6900024414062,746.489990234375,736.7000122070312,744.0,494936
2026-01-19,738.6300048828125,744.5,737.0,742.0800170898438,546844
2026-01-20,722.6400146484375,741.1500244140625,720.010009765625,738.6300048828125,781740
2026-01-21,719.0900268554688,725.02001953125,710.1699829101562,725.0,760440
2026-01-22,727.469970703125,730.9000244140625,716.5900268554688,722.0,284206
2026-01-23,713.2999877929688,730.7999877929688,711.010009765625,730.7999877929688,585613
2026-01-27,717.0599975585938,719.0,709.2000122070312,714.8200073242188,643370
2026-01-28,732.0,733.0,715.0,715.0,499784
2026-01-29,733.9500122070312,734.8099975585938,727.2899780273438,729.0,428250
2026-01-30,729.6099853515625,735.9500122070312,725.0499877929688,735.9500122070312,780267
2026-02-02,721.2100219726562,723.0,705.72998046875,721.219970703125,581845
2026-02-03,738.7899780273438,749.1900024414062,735.0,739.6699829101562,697688
2026-02-04,744.0499877929688,744.8900146484375,730.5999755859375,743.0,425652
2026-02-05,740.3300170898438,748.0,735.5999755859375,748.0,472540
2026-02-06,742.1900024414062,745.0,733.0,745.0,503509
2026-02-09,748.6599731445312,749.25,738.0,748.0,483720
2026-02-10,751.6099853515625,752.760009765625,747.7000122070312,748.6599731445312,393463
2026-02-11,753.8499755859375,756.8699951171875,749.02001953125,756.8699951171875,444562
2026-02-12,751.0399780273438,757.780029296875,747.5499877929688,757.780029296875,248297
2026-02-13,740.8900146484375,755.0,737.2100219726562,755.0,394474
2026-02-16,747.260009765625,763.1199951171875,734.02001953125,734.02001953125,323804
2026-02-17,751.27001953125,751.6900024414062,743.4600219726562,749.489990234375,269258
2026-02-18,755.3599853515625,758.0,744.0,758.0,297119
2026-02-19,743.4400024414062,765.0,741.0,765.0,403130
2026-02-20,747.5599975585938,749.8300170898438,739.010009765625,745.0800170898438,196205
2026-02-23,749.6699829101562,753.9500122070312,735.0,753.0,262382
2026-02-24,750.280029296875,756.0,743.0,756.0,289249
2026-02-25,756.010009765625,757.2000122070312,749.72998046875,749.72998046875,567721
2026-02-26,758.6699829101562,763.0,753.5399780273438,763.0,323640
2026-02-27,750.47998046875,758.6699829101562,748.0,758.6699829101562,408773
2026-03-02,739.9500122070312,753.97998046875,727.0,733.0700073242188,1145821
2026-03-04,719.9099731445312,762.1500244140625,716.260009765625,762.1500244140625,1063556
2026-03-05,729.3099975585938,730.7899780273438,698.3099975585938,726.75,629291
2026-03-06,727.2000122070312,732.6599731445312,707.4299926757812,731.2100219726562,338737
2026-03-09,711.5399780273438,724.3599853515625,700.5499877929688,724.3599853515625,1262872
2026-03-10,724.260009765625,725.7999877929688,712.5,720.0,486275
2026-03-11,716.6199951171875,729.0,715.2000122070312,728.5,551783
2026-03-12,715.8400268554688,719.8900146484375,703.510009765625,718.97998046875,724196
2026-03-13,699.7100219726562,717.7999877929688,696.5999755859375,717.7999877929688,1226236
2026-03-16,693.6699829101562,705.9400024414062,684.4099731445312,692.0,940865
2026-03-17,700.6099853515625,702.0,691.22998046875,701.6500244140625,593145
2026-03-18,706.47998046875,709.4500122070312,697.4299926757812,706.780029296875,838725
2026-03-19,688.1400146484375,706.5499877929688,683.6099853515625,706.5499877929688,1277879
2026-03-20,688.510009765625,699.5,685.0,692.0,547732
2026-03-23,662.1699829101562,688.6500244140625,660.8400268554688,688.6500244140625,1596516
2026-03-24,672.2899780273438,679.0,661.7000122070312,668.02001953125,1004778
2026-03-25,686.239990234375,689.9000244140625,673.5,681.0,569676
2026-03-27,671.0599975585938,694.489990234375,670.0,694.489990234375,862625
2026-03-30,651.9000244140625,668.3099975585938,650.0999755859375,668.3099975585938,1603413
2026-04-01,669.6599731445312,675.9000244140625,632.3400268554688,640.02001953125,541499
2026-04-02,668.77001953125,680.0,647.5,680.0,1040679
2026-04-06,676.8300170898438,677.6699829101562,663.4199829101562,668.4400024414062,1307896
2026-04-07,680.8599853515625,689.219970703125,669.0,689.219970703125,614444
2026-04-08,713.5399780273438,714.9500122070312,692.0,692.0,872931
2026-04-09,713.9199829101562,723.0,707.010009765625,723.0,655578
2026-04-10,729.4600219726562,730.8900146484375,714.780029296875,720.2899780273438,923386
2026-04-13,723.5999755859375,725.489990234375,707.5800170898438,723.1099853515625,714013
2026-04-15,738.6199951171875,745.3099975585938,730.2999877929688,745.3099975585938,585196
2026-04-16,746.1599731445312,747.1699829101562,739.2999877929688,745.2999877929688,604233
2026-04-17,757.5999755859375,758.9400024414062,743.489990234375,749.7999877929688,692841
2026-04-20,756.5499877929688,762.3699951171875,750.0,756.9500122070312,822748
2026-04-21,762.6099853515625,764.9000244140625,756.5499877929688,756.5499877929688,440267
2026-04-22,768.27001953125,769.7999877929688,759.0,761.8800048828125,498602
2026-04-23,759.6500244140625,767.0,758.0,767.0,464203
2026-04-24,754.260009765625,765.0,747.0,765.0,457599
2026-04-27,763.3800048828125,764.2999877929688,755.7999877929688,761.4299926757812,364426
2026-04-28,761.6199951171875,766.0399780273438,760.0999755859375,766.0399780273438,285565
2026-04-29,759.760009765625,766.27001953125,758.75,764.5599975585938,362237
2026-04-30,752.7999877929688,759.1900024414062,745.0999755859375,757.7000122070312,434879
2026-05-01,752.7999877929688,752.7999877929688,752.7999877929688,752.7999877929688,0
2026-05-04,759.219970703125,775.3800048828125,752.8900146484375,775.3800048828125,373904
2026-05-05,762.47998046875,763.5,750.5499877929688,762.7999877929688,240316
2026-05-06,773.0700073242188,775.0599975585938,763.3400268554688,775.0599975585938,365966
2026-05-07,774.969970703125,777.2999877929688,749.8800048828125,749.8800048828125,395842
2026-05-08,771.72998046875,777.219970703125,760.02001953125,760.02001953125,313544
2026-05-11,758.9000244140625,770.72998046875,756.260009765625,770.719970703125,629827
2026-05-12,740.489990234375,759.9500122070312,738.1500244140625,752.2999877929688,686292
2026-05-13,745.8599853515625,750.5,732.5,741.989990234375,510378
2026-05-14,753.2000122070312,754.9000244140625,742.0,750.2999877929688,389199
2026-05-15,747.8599853515625,755.9000244140625,746.510009765625,755.9000244140625,318629
2026-05-18,740.5999755859375,746.739990234375,728.6500244140625,746.739990234375,542569
2026-05-19,744.7999877929688,748.25,738.1099853515625,738.1199951171875,284574
2026-05-20,747.489990234375,748.5,735.530029296875,744.0599975585938,225433
2026-05-21,749.5800170898438,756.2999877929688,748.1500244140625,756.2999877929688,259355
2026-05-22,753.3599853515625,768.3200073242188,748.030029296875,748.030029296875,271801
2026-05-25,764.7999877929688,767.0,755.2999877929688,755.2999877929688,517432
2026-05-26,765.6799926757812,768.7999877929688,762.510009765625,766.7999877929688,378122
2026-05-27,775.1099853515625,776.9400024414062,758.1699829101562,758.1699829101562,485830
2026-05-28,775.1099853515625,775.1099853515625,775.1099853515625,775.1099853515625,0
2026-05-29,767.8599853515625,780.8900146484375,759.6099853515625,759.6099853515625,718861
2026-06-01,755.2000122070312,772.2999877929688,754.0999755859375,772.2899780273438,818907
2026-06-02,757.3099975585938,757.8900146484375,747.0,753.0,541297
2026-06-03,753.780029296875,761.2999877929688,746.530029296875,761.2999877929688,538082
2026-06-04,756.0800170898438,768.8599853515625,747.4600219726562,768.8599853515625,226193
2026-06-05,757.760009765625,762.2999877929688,753.7999877929688,762.0,363807
2026-06-08,744.8800048828125,768.0,741.5999755859375,757.760009765625,593024
2026-06-09,755.3499755859375,756.0,744.72998046875,752.0,226454
2026-06-10,746.6199951171875,757.6300048828125,743.0,752.6400146484375,261961
2026-06-11,738.47998046875,757.6300048828125,737.5599975585938,757.6300048828125,291787
2026-06-12,755.72998046875,757.0,743.5,749.9000244140625,440665
2026-06-15,773.4199829101562,776.5499877929688,762.0,773.2999877929688,739827
2026-06-16,774.780029296875,779.2999877929688,770.1900024414062,779.2999877929688,312842
2026-06-17,779.8400268554688,780.7000122070312,772.4500122070312,777.5,457488
2026-06-18,783.469970703125,785.0,775.3200073242188,778.0800170898438,372772
2026-06-19,781.0399780273438,787.3099975585938,777.5,787.3099975585938,352600
2026-06-22,786.8300170898438,788.0,780.1400146484375,787.989990234375,451146
2026-06-23,778.2000122070312,789.969970703125,774.0,774.0,472118
2026-06-24,778.4000244140625,780.5,774.0,774.25,302995
2026-06-25,779.6500244140625,783.52001953125,779.0,783.5,537720
2026-06-26,779.6500244140625,779.6500244140625,779.6500244140625,779.6500244140625,0
2026-06-29,772.9600219726562,784.5999755859375,770.6599731445312,784.5999755859375,343731
2026-06-30,773.97998046875,778.5,770.8499755859375,778.5,276959
2026-07-01,779.1500244140625,779.52001953125,758.5,777.989990234375,511310
2026-07-02,782.4199829101562,784.5,763.5700073242188,784.5,457530
2026-07-03,780.7100219726562,798.0700073242188,779.6099853515625,798.0700073242188,760141
2026-07-06,784.8400268554688,786.0,780.7100219726562,784.989990234375,430323
2026-07-07,780.280029296875,787.489990234375,778.6099853515625,787.0,295254
2026-07-08,765.8800048828125,779.5800170898438,761.1099853515625,779.27001953125,697932
2026-07-09,771.8200073242188,774.489990234375,763.4500122070312,763.4600219726562,376074
2026-07-10,781.8499755859375,782.5,774.010009765625,776.0,390193
2026-07-13,779.1900024414062,786.0,772.0,786.0,328470
2026-07-14,776.3900146484375,779.0,772.0,779.0,297157
2026-07-15,778.8400268554688,782.5,776.0,782.280029296875,267168
2026-07-16,776.97998046875,784.0,776.0,782.0,279146
2026-07-17,776.1099853515625,779.0,765.5999755859375,765.5999755859375,251285
2026-07-20,781.489990234375,782.0,772.0399780273438,777.5,309091
2026-07-21,784.4299926757812,797.1199951171875,779.3699951171875,797.1199951171875,283010
2026-07-22,779.6099853515625,786.0,778.5,784.7000122070312,277542
2026-07-23,776.239990234375,784.239990234375,774.3900146484375,783.0,447617
2026-07-24,776.2999877929688,778.0,766.52001953125,775.97998046875,314178
2026-07-27,783.4500122070312,784.47998046875,777.3200073242188,780.0,338305
2026-07-28,779.5800170898438,785.5,778.52001953125,781.5,271082
2026-07-29,783.510009765625,784.1500244140625,781.0,783.7999877929688,249083
2026-07-30,784.3499755859375,799.1799926757812,780.0,799.1799926757812,265371
2026-07-31,795.6500244140625,796.9000244140625,783.0,784.3400268554688,608159
2026-08-03,801.5900268554688,805.0,795.0,800.0,548402
2026-08-04,802.0,810.5999755859375,801.25,805.5999755859375,308254
2026-08-05,805.739990234375,818.0399780273438,788.0,818.0399780273438,376109
2026-08-06,807.25,810.5999755859375,803.7999877929688,810.5999755859375,234994
2026-08-07,807.6300048828125,812.2999877929688,803.1099853515625,812.2999877929688,361061
2026-08-10,809.0,813.5,791.47998046875,813.5,255645
2026-08-11,807.7000122070312,810.47998046875,792.8200073242188,801.0,307666
2026-08-12,806.3099975585938,813.2999877929688,802.5,813.2999877929688,258176
2026-08-13,807.6900024414062,815.2999877929688,782.1199951171875,815.2999877929688,217630
2026-08-14,807.8099975585938,815.0999755859375,794.0,815.0999755859375,586595
2026-08-17,808.27001953125,823.969970703125,804.2000122070312,823.969970703125,263187
2026-08-18,805.9000244140625,815.0,805.010009765625,815.0,262809
2026-08-19,799.8499755859375,806.0599975585938,799.0999755859375,799.8599853515625,1560194
2026-08-20,803.1099853515625,808.219970703125,802.2000122070312,808.219970703125,319972
2026-08-21,800.27001953125,805.3900146484375,799.0900268554688,800.5599975585938,277039
2026-08-24,799.9400024414062,807.469970703125,794.27001953125,807.469970703125,365576
2026-08-25,804.1400146484375,807.1400146484375,797.2000122070312,807.1400146484375,192124
2026-08-26,806.9000244140625,811.3800048828125,800.1099853515625,811.3800048828125,290795
2026-08-27,805.780029296875,814.1599731445312,803.25,814.1599731445312,369315
2026-08-28,801.2899780273438,821.9000244140625,800.5,821.9000244140625,194210
2026-08-31,793.8599853515625,809.0999755859375,792.010009765625,809.0999755859375,371018
2026-09-01,788.1699829101562,809.739990234375,786.219970703125,809.739990234375,381093
2026-09-02,788.4000244140625,807.8699951171875,778.0,807.8699951171875,563104
2026-09-03,788.739990234375,793.5800170898438,787.0,793.5,438702
2026-09-04,791.0700073242188,795.8400268554688,784.0,795.8400268554688,283994
2026-09-07,786.260009765625,796.2999877929688,785.2000122070312,790.0,260292
2026-09-08,787.5900268554688,790.0,783.4600219726562,788.780029296875,233675
2026-09-09,789.3699951171875,791.989990234375,771.8400268554688,771.8400268554688,239411
2026-09-10,785.7899780273438,791.8200073242188,784.5,791.8200073242188,187309
2026-09-11,781.9600219726562,787.2999877929688,773.5,787.2999877929688,470922
2026-09-14,781.9600219726562,781.9600219726562,781.9600219726562,781.9600219726562,0
2026-09-15,762.7100219726562,797.5999755859375,757.6799926757812,797.5999755859375,586902
2026-09-16,764.8200073242188,766.7000122070312,754.4000244140625,760.0,302310
2026-09-17,771.9400024414062,773.4000244140625,761.0,767.9600219726562,212891
2026-09-18,781.1099853515625,782.0,766.1500244140625,778.2999877929688,180919
2026-09-21,782.3099975585938,787.2999877929688,777.0,787.2999877929688,240546
2026-09-22,778.5499877929688,786.0700073242188,777.0,786.0599975585938,232951
2026-09-23,784.5399780273438,785.0,778.2100219726562,782.4400024414062,258317
2026-09-24,773.760009765625,781.5399780273438,772.0800170898438,780.6199951171875,322504
2026-09-25,776.6900024414062,777.77001953125,771.6099853515625,777.2999877929688,343338
2026-09-28,761.9000244140625,778.4199829101562,757.27001953125,778.4199829101562,532878
2026-09-30,,,,,325345
