Date,Close,High,Low,Open,Volume
2016-10-03,714.1610107421875,714.1681593980799,714.1610107421875,714.1681593980799,0
2016-10-04,714.1610107421875,714.1753080539722,714.1610107421875,714.1681593980799,0
2016-10-05,714.1610107421875,714.1753080539722,714.1610107421875,714.1681593980799,0
2016-10-06,714.1680297851562,714.1751784397512,714.1537324759662,714.1680297851562,0
2016-10-07,714.1680297851562,714.1751784397512,714.1608811305613,714.1680297851562,0
2016-10-10,714.1610107421875,714.1753080539722,714.1610107421875,714.1681593980799,0
2016-10-13,714.1680297851562,714.1751784397512,714.1608811305613,714.1680297851562,0
2016-10-14,714.1610107421875,714.1753080539722,710.7401609508421,714.1681593980799,0
2016-10-17,714.1680297851562,714.1751784397512,714.1608811305613,714.1680297851562,0
2016-10-18,714.1610107421875,714.1753080539722,714.1610107421875,714.1681593980799,0
2016-10-19,714.1610107421875,714.1753080539722,685.6014330221567,714.1681593980799,0
2016-10-20,714.1680297851562,714.1751784397512,714.1608811305613,714.1608811305613,0
2016-10-21,714.1680297851562,714.1751784397512,712.739693725586,714.1680297851562,0
2016-10-24,714.1680297851562,714.1751784397512,713.518156057369,714.1680297851562,0
2016-10-25,714.1610107421875,714.1753080539722,714.1610107421875,714.1681593980799,0
2016-10-26,714.1680297851562,714.1751784397512,714.1608811305613,714.1680297851562,0
2016-10-27,714.1610107421875,714.1753080539722,714.1610107421875,714.1610107421875,0
2016-10-28,716.6430053710938,716.6501787996143,716.6358319425732,716.6430053710938,0
2016-11-01,716.6430053710938,716.6501787996143,716.6358319425732,716.6430053710938,0
2016-11-02,716.6430053710938,716.6501787996143,716.6358319425732,716.6358319425732,0
2016-11-03,716.6430053710938,716.6501787996143,716.6358319425732,716.6358319425732,0
2016-11-04,716.6430053710938,716.6501787996143,716.6358319425732,716.6430053710938,0
2016-11-07,716.6430053710938,716.6501787996143,714.923044662036,716.6358319425732,0
2016-11-08,716.6430053710938,716.6501787996143,716.6358319425732,716.6430053710938,0
2016-11-09,716.6358032226562,716.6501500791223,716.6358032226562,716.6429766508893,0
2016-11-10,716.6430053710938,716.6501787996143,716.6358319425732,716.6430053710938,0
2016-11-11,716.6430053710938,716.6501787996143,716.6358319425732,716.6430053710938,0
2016-11-15,716.6358032226562,716.6501500791223,716.6358032226562,716.6358032226562,0
2016-11-16,716.6358032226562,716.6501500791223,716.6358032226562,716.6429766508893,0
2016-11-17,716.6430053710938,716.6501787996143,716.6358319425732,716.6430053710938,0
2016-11-18,716.6430053710938,716.6501787996143,716.6358319425732,716.6430053710938,0
2016-11-21,716.6430053710938,716.6501787996143,716.6358319425732,716.6358319425732,0
2016-11-22,716.6430053710938,716.6501787996143,716.6358319425732,716.6430053710938,0
2016-11-23,716.6358032226562,716.6501500791223,716.6358032226562,716.6358032226562,0
2016-11-24,716.6430053710938,716.6501787996143,716.6358319425732,716.6430053710938,0
2016-11-25,716.6430053710938,716.6501787996143,716.6358319425732,716.6358319425732,0
2016-11-28,716.6430053710938,716.6501787996143,716.6358319425732,716.6358319425732,0
2016-11-29,716.6358032226562,716.6501500791223,716.6358032226562,716.6429766508893,0
2016-11-30,718.9735717773438,718.9879654353091,718.9735717773438,718.9735717773438,0
2016-12-01,718.9807739257812,718.9879707548172,718.9735770967454,718.9807739257812,0
2016-12-02,718.9807739257812,718.9879707548172,718.9735770967454,718.9735770967454,0
2016-12-05,718.9735717773438,718.9879654353091,718.9735717773438,718.9807686063265,0
2016-12-06,718.9807739257812,718.9879707548172,718.9735770967454,718.9735770967454,0
2016-12-07,718.9807739257812,718.9879707548172,718.9735770967454,718.9807739257812,0
2016-12-08,718.9807739257812,718.9879707548172,718.9735770967454,718.9735770967454,0
2016-12-09,718.9807739257812,718.9879707548172,718.9735770967454,718.9807739257812,0
2016-12-12,718.9807739257812,718.9879707548172,718.9735770967454,718.9735770967454,0
2016-12-13,718.9807739257812,718.9879707548172,718.2617931518555,718.2617931518555,0
2016-12-14,718.9807739257812,718.9879707548172,718.9735770967454,718.9807739257812,0
2016-12-15,718.9735717773438,718.9879654353091,718.9735717773438,718.9735717773438,0
2016-12-16,718.9807739257812,718.9879707548172,718.9735770967454,718.9735770967454,0
2016-12-19,718.9807739257812,718.9879707548172,718.2617931518555,718.9735770967454,0
2016-12-20,718.9807739257812,718.9879707548172,718.2617931518555,718.9807739257812,0
2016-12-21,718.9807739257812,718.9879707548172,718.9735770967454,718.9735770967454,0
2016-12-22,718.9807739257812,718.9879707548172,718.9735770967454,718.9807739257812,0
2016-12-23,718.9735717773438,718.9879654353091,718.9735717773438,718.9807686063265,0
2016-12-26,718.9807739257812,718.9879707548172,718.9735770967454,718.9735770967454,0
2016-12-27,718.9807739257812,718.9879707548172,718.9735770967454,718.9735770967454,0
2016-12-28,719.0023193359375,721.1304742081494,718.9663351930142,718.9735320215988,0
2016-12-29,718.9807739257812,718.9879707548172,718.9735770967454,718.9807739257812,0
2016-12-30,721.315673828125,721.3228940289616,721.3084536272884,721.315673828125,0
2017-01-02,721.3087158203125,721.3231562272348,721.3087158203125,721.3159360237736,0
2017-01-03,721.315673828125,721.3228940289616,721.3084536272884,721.3084536272884,0
2017-01-04,721.3087158203125,721.3231562272348,721.3087158203125,721.3087158203125,0
2017-01-05,721.315673828125,721.3228940289616,721.3084536272884,721.3084536272884,0
2017-01-06,721.3087158203125,721.3231562272348,721.3087158203125,721.3159360237736,0
2017-01-09,721.3087158203125,721.3231562272348,720.9552780557617,721.3159360237736,0
2017-01-10,721.3087158203125,721.3231562272348,721.3087158203125,721.3087158203125,0
2017-01-11,721.3087158203125,721.3231562272348,721.3087158203125,721.3087158203125,0
2017-01-12,721.315673828125,721.3228940289616,721.3084536272884,721.3084536272884,0
2017-01-13,721.315673828125,721.3228940289616,721.3084536272884,721.315673828125,0
2017-01-16,721.3087158203125,721.3231562272348,721.3087158203125,721.3087158203125,0
2017-01-17,721.315673828125,721.3228940289616,721.3084536272884,721.3084536272884,0
2017-01-18,721.315673828125,721.3228940289616,721.3084536272884,721.315673828125,0
2017-01-19,721.315673828125,721.3228940289616,721.3084536272884,721.3084536272884,0
2017-01-20,721.315673828125,721.3228940289616,721.3084536272884,721.3084536272884,0
2017-01-23,721.315673828125,721.3228940289616,721.3084536272884,721.3084536272884,0
2017-01-24,721.315673828125,721.3228940289616,721.3084536272884,721.315673828125,0
2017-01-25,721.315673828125,721.3228940289616,721.3084536272884,721.3084536272884,0
2017-01-27,721.3087158203125,721.3231562272348,719.8733041517261,721.3087158203125,0
2017-01-30,721.315673828125,721.3228940289616,721.3084536272884,721.3084536272884,0
2017-01-31,723.7969360351562,723.8041810728461,723.7896909974664,723.7969360351562,0
2017-02-01,723.7901611328125,723.804651217604,702.083483989952,702.083483989952,0
2017-02-02,723.7969360351562,723.8041810728461,723.7896909974664,723.7896909974664,0
2017-02-03,723.7969360351562,723.8041810728461,723.7896909974664,723.7896909974664,0
2017-02-06,723.7969360351562,723.8041810728461,723.7896909974664,723.7969360351562,0
2017-02-07,723.7969360351562,723.8041810728461,723.7896909974664,723.7969360351562,0
2017-02-08,723.7969360351562,723.8041810728461,723.7896909974664,723.7896909974664,0
2017-02-09,723.7969360351562,723.8041810728461,723.7969360351562,723.7969360351562,0
2017-02-10,723.7969360351562,723.8041810728461,723.7896909974664,723.7969360351562,0
2017-02-13,723.7969360351562,723.8041810728461,723.7896909974664,723.7896909974664,0
2017-02-14,723.7901611328125,723.7974061752083,723.7901611328125,723.7901611328125,0
2017-02-15,723.7969360351562,723.8041810728461,723.7896909974664,723.7969360351562,0
2017-02-16,723.7901611328125,723.804651217604,723.7901611328125,723.7974061752083,0
2017-02-17,723.7969360351562,723.8041810728461,723.7896909974664,723.7969360351562,0
2017-02-20,723.7901611328125,723.804651217604,723.7901611328125,723.7974061752083,0
2017-02-21,723.7901611328125,723.804651217604,723.7901611328125,723.7974061752083,0
2017-02-22,723.7901611328125,723.804651217604,723.7901611328125,723.7974061752083,0
2017-02-23,723.7969360351562,723.8041810728461,723.7245740123764,723.7969360351562,0
2017-02-27,723.7969360351562,723.8041810728461,723.7896909974664,723.7969360351562,0
2017-02-28,725.890380859375,725.8976468519568,725.8831148667931,725.890380859375,0
2017-03-01,725.890380859375,725.8976468519568,725.8831148667931,725.890380859375,0
2017-03-02,725.890380859375,725.8976468519568,725.8831148667931,725.8831148667931,0
2017-03-03,725.890380859375,725.8976468519568,725.8831148667931,725.890380859375,0
2017-03-06,725.890380859375,725.8976468519568,725.8831148667931,725.890380859375,0
2017-03-07,725.883544921875,725.8980769156483,725.883544921875,725.8908109187616,0
2017-03-08,725.890380859375,725.8976468519568,725.8831148667931,725.8831148667931,0
2017-03-09,725.883544921875,725.8980769156483,725.883544921875,725.8908109187616,0
2017-03-10,725.890380859375,725.8976468519568,725.8831148667931,725.890380859375,0
2017-03-14,725.890380859375,725.8976468519568,725.8831148667931,725.890380859375,0
2017-03-15,725.890380859375,725.8976468519568,725.8831148667931,725.8831148667931,0
2017-03-16,725.890380859375,725.8976468519568,725.8831148667931,725.8831148667931,0
2017-03-17,725.890380859375,725.8976468519568,725.8831148667931,725.890380859375,0
2017-03-20,725.883544921875,726.6167017296804,725.883544921875,726.6167017296804,0
2017-03-21,725.890380859375,725.8976468519568,722.6601598035842,725.1644904785156,0
2017-03-22,725.883544921875,725.8980769156483,725.883544921875,725.883544921875,0
2017-03-23,725.890380859375,725.8976468519568,725.8831148667931,725.8976468519568,0
2017-03-24,725.883544921875,725.8980769156483,725.883544921875,725.8908109187616,0
2017-03-27,725.883544921875,725.8908109187616,725.883544921875,725.8908109187616,0
2017-03-28,725.883544921875,725.8980769156483,725.883544921875,725.883544921875,0
2017-03-29,725.883544921875,725.8980769156483,725.883544921875,725.883544921875,0
2017-03-30,725.890380859375,725.8976468519568,725.8831148667931,725.8831148667931,0
2017-03-31,728.1671752929688,728.1744640757292,728.1598865102083,728.1671752929688,0
2017-04-03,728.1671752929688,728.1744640757292,728.1598865102083,728.1671752929688,0
2017-04-05,728.1671752929688,728.1744640757292,728.1598865102083,728.1598865102083,0
2017-04-06,728.1600341796875,728.1746117481648,728.1600341796875,728.1600341796875,0
2017-04-07,728.1671752929688,728.1744640757292,728.1598865102083,728.1671752929688,0
2017-04-10,728.1671752929688,728.1744640757292,727.4390081176757,728.1598865102083,0
2017-04-11,728.1671752929688,728.1744640757292,728.1598865102083,728.1598865102083,0
2017-04-12,728.1600341796875,728.1746117481648,728.1600341796875,728.1600341796875,0
2017-04-13,728.1600341796875,728.1746117481648,728.1600341796875,728.1673229639262,0
2017-04-17,728.1671752929688,728.1744640757292,728.1598865102083,728.1598865102083,0
2017-04-18,728.1671752929688,728.1744640757292,728.1598865102083,728.1671752929688,0
2017-04-19,728.1600341796875,728.1746117481648,728.1600341796875,728.1673229639262,0
2017-04-20,728.1600341796875,728.1746117481648,728.1600341796875,728.1673229639262,0
2017-04-21,728.1671752929688,728.1744640757292,728.1598865102083,728.1671752929688,0
2017-04-24,728.1671752929688,728.1744640757292,728.1598865102083,728.1598865102083,0
2017-04-25,728.1671752929688,728.1744640757292,712.1474974365234,728.1671752929688,0
2017-04-26,728.1600341796875,728.1746117481648,728.1600341796875,728.1673229639262,0
2017-04-27,728.1671752929688,728.1744640757292,728.1598865102083,728.1598865102083,0
2017-04-28,730.2688598632812,730.2834796498828,730.2688598632812,730.2688598632812,0
2017-05-02,730.2688598632812,730.2834796498828,730.2688598632812,730.2688598632812,0
2017-05-03,730.2760009765625,730.2833108681739,730.2686910849512,730.2760009765625,0
2017-05-04,730.2760009765625,730.2833108681739,730.2686910849512,730.2760009765625,0
2017-05-05,730.2760009765625,730.2833108681739,730.2686910849512,730.2760009765625,0
2017-05-08,730.2688598632812,730.2834796498828,715.6706463614504,722.9734080590163,0
2017-05-09,730.2760009765625,730.2833108681739,716.0794337346778,722.9732409667969,0
2017-05-10,730.2760009765625,730.2833108681739,730.2686910849512,730.2760009765625,0
2017-05-11,730.2760009765625,730.2833108681739,730.2686910849512,730.2760009765625,0
2017-05-12,730.2760009765625,730.2833108681739,730.2686910849512,730.2760009765625,0
2017-05-15,730.2760009765625,730.2833108681739,730.2686910849512,730.2760009765625,0
2017-05-16,730.2760009765625,730.2833108681739,730.2686910849512,730.2760009765625,0
2017-05-17,730.2760009765625,730.2833108681739,730.2613811933398,730.2613811933398,0
2017-05-18,730.2760009765625,730.2833108681739,730.2686910849512,730.2760009765625,0
2017-05-19,730.2688598632812,730.2834796498828,730.2688598632812,730.2688598632812,0
2017-05-22,730.2760009765625,730.2833108681739,716.0794337346778,716.0794337346778,0
2017-05-23,730.2760009765625,730.2833108681739,730.2686910849512,730.2686910849512,0
2017-05-24,730.2688598632812,730.2834796498828,730.2688598632812,730.276169756582,0
2017-05-25,730.2688598632812,730.2834796498828,730.2688598632812,730.276169756582,0
2017-05-26,730.2688598632812,730.2834796498828,730.2688598632812,730.276169756582,0
2017-05-29,730.2760009765625,730.2833108681739,730.2686910849512,730.2686910849512,0
2017-05-30,730.2688598632812,730.2834796498828,730.2688598632812,730.276169756582,0
2017-05-31,732.7950439453125,732.8097143054414,732.7950439453125,732.8023791253769,0
2017-06-01,732.8025512695312,732.8098864513188,732.7952160877436,732.7952160877436,0
2017-06-02,732.8025512695312,732.8098864513188,732.7952160877436,732.8025512695312,0
2017-06-05,732.8025512695312,732.8098864513188,732.7952160877436,732.8025512695312,0
2017-06-06,732.8025512695312,732.8098864513188,732.7952160877436,732.8025512695312,0
2017-06-07,732.8025512695312,732.8098864513188,732.7952160877436,732.8025512695312,0
2017-06-08,732.8025512695312,732.8098864513188,732.7952160877436,732.7952160877436,0
2017-06-09,732.8025512695312,732.8098864513188,732.7952160877436,732.8025512695312,0
2017-06-12,732.8025512695312,732.8098864513188,732.7952160877436,732.8025512695312,0
2017-06-13,732.8025512695312,732.8098864513188,732.7952160877436,732.7952160877436,0
2017-06-14,732.7950439453125,732.8097143054414,732.7950439453125,732.7950439453125,0
2017-06-15,732.8025512695312,732.8098864513188,732.7952160877436,732.7952160877436,0
2017-06-16,732.8025512695312,747.0482346552797,732.7952160877436,732.8025512695312,0
2017-06-19,732.7950439453125,732.8097143054414,732.7950439453125,732.7950439453125,0
2017-06-20,732.8025512695312,732.8098864513188,732.7952160877436,732.8025512695312,0
2017-06-21,732.8025512695312,732.8098864513188,732.7805457241684,732.7952160877436,0
2017-06-22,732.8025512695312,732.8098864513188,732.7952160877436,732.7952160877436,0
2017-06-23,732.8025512695312,732.8098864513188,732.7952160877436,732.8025512695312,0
2017-06-27,732.8025512695312,732.8098864513188,732.0697487182616,732.8025512695312,0
2017-06-28,732.8025512695312,732.8098864513188,732.7952160877436,732.8025512695312,0
2017-06-29,732.7950439453125,732.8097143054414,732.7950439453125,732.8023791253769,0
2017-06-30,735.15234375,735.1597024526596,735.1449850473405,735.15234375,0
2017-07-03,735.15234375,735.1597024526596,727.8008203125,727.8008203125,0
2017-07-04,735.14501953125,735.1597369372596,735.14501953125,735.14501953125,0
2017-07-05,735.15234375,735.1597024526596,735.1449850473405,735.1449850473405,0
2017-07-06,735.15234375,735.1597024526596,735.1449850473405,735.15234375,0
2017-07-07,735.15234375,735.1597024526596,735.1449850473405,735.15234375,0
2017-07-10,735.15234375,735.1597024526596,735.1449850473405,735.1449850473405,0
2017-07-11,735.15234375,735.1597024526596,734.41719140625,734.41719140625,0
2017-07-12,735.14501953125,735.1597369372596,735.14501953125,735.1523782342548,0
2017-07-13,735.15234375,735.1597024526596,735.1449850473405,735.15234375,0
2017-07-14,735.15234375,735.1597024526596,735.1449850473405,735.15234375,0
2017-07-17,735.15234375,735.1597024526596,735.1449850473405,735.15234375,0
2017-07-18,735.15234375,735.1597024526596,735.1449850473405,735.1449850473405,0
2017-07-19,735.15234375,735.1597024526596,735.1449850473405,735.15234375,0
2017-07-20,735.15234375,735.1597024526596,734.086363877535,735.15234375,0
2017-07-21,735.15234375,735.1597024526596,735.1449850473405,735.15234375,0
2017-07-24,735.15234375,735.1597024526596,735.1449850473405,735.1449850473405,0
2017-07-25,735.15234375,735.1597024526596,735.1449850473405,735.15234375,0
2017-07-26,735.15234375,735.1597024526596,735.1449850473405,735.15234375,0
2017-07-27,735.15234375,735.1597024526596,733.7923298621179,735.1449850473405,0
2017-07-28,735.15234375,735.1597024526596,735.1449850473405,735.1449850473405,0
2017-07-31,737.6033935546875,737.6107767917812,737.5960103175938,737.6033935546875,0
2017-08-01,737.6033935546875,737.6107767917812,737.5960103175938,737.6033935546875,0
2017-08-02,737.6033935546875,737.6107767917812,737.5960103175938,737.5960103175938,0
2017-08-03,737.6033935546875,737.6107767917812,737.5960103175938,737.6033935546875,0
2017-08-04,737.6033935546875,737.6107767917812,737.5960103175938,737.6033935546875,0
2017-08-07,737.6033935546875,737.6107767917812,737.5960103175938,737.6033935546875,0
2017-08-08,737.6033935546875,737.6107767917812,737.5960103175938,737.5960103175938,0
2017-08-09,737.6033935546875,737.6107767917812,737.5960103175938,737.6033935546875,0
2017-08-10,737.6033935546875,737.6107767917812,737.5960103175938,737.6033935546875,0
2017-08-11,737.6033935546875,737.6107767917812,737.5960103175938,737.5960103175938,0
2017-08-14,737.6033935546875,737.6107767917812,737.5960103175938,737.5960103175938,0
2017-08-16,737.6033935546875,737.6107767917812,737.5960103175938,737.5960103175938,0
2017-08-17,737.6033935546875,737.6107767917812,737.5960103175938,737.5960103175938,0
2017-08-18,737.6033935546875,737.6107767917812,726.9523987509683,726.9523987509683,0
2017-08-21,737.6033935546875,737.6107767917812,737.5960103175938,737.5960103175938,0
2017-08-22,737.6033935546875,737.6107767917812,736.5338596300855,736.8657901611328,0
2017-08-23,737.5956420898438,737.6104085566593,737.5956420898438,737.6030253232515,0
2017-08-24,737.6033935546875,737.6107767917812,737.5960103175938,737.6033935546875,0
2017-08-28,737.5956420898438,737.6104085566593,726.9520358367951,726.9520358367951,0
2017-08-29,737.5956420898438,737.6104085566593,737.5956420898438,737.5956420898438,0
2017-08-30,737.6033935546875,737.6107767917812,731.5181655578614,731.5181655578614,0
2017-08-31,739.9519653320312,739.959372077778,739.9445585862845,739.9519653320312,0
2017-09-01,739.9445190429688,739.9593325336706,739.9445190429688,739.9519257883197,0
2017-09-04,739.9519653320312,739.959372077778,739.9445585862845,739.9445585862845,0
2017-09-05,739.9445190429688,739.9593325336706,739.9445190429688,739.9519257883197,0
2017-09-06,739.9519653320312,739.959372077778,739.2120133666992,739.9519653320312,0
2017-09-07,739.9519653320312,739.959372077778,739.9445585862845,739.9445585862845,0
2017-09-08,739.9519653320312,739.959372077778,739.9445585862845,739.9519653320312,0
2017-09-11,739.9519653320312,739.959372077778,739.9445585862845,739.9445585862845,0
2017-09-12,739.9445190429688,739.9519257883197,739.9445190429688,739.9445190429688,0
2017-09-13,739.9519653320312,739.959372077778,739.9445585862845,739.9445585862845,0
2017-09-14,739.9519653320312,739.959372077778,739.9445585862845,739.9445585862845,0
2017-09-15,739.9519653320312,739.959372077778,739.9445585862845,739.9519653320312,0
2017-09-18,739.9445190429688,739.9593325336706,737.9170579924019,739.9445190429688,0
2017-09-19,739.9519653320312,739.959372077778,739.9445585862845,739.9445585862845,0
2017-09-20,739.9445190429688,739.9593325336706,739.9445190429688,739.9445190429688,0
2017-09-21,739.9519653320312,739.959372077778,739.9445585862845,739.9519653320312,0
2017-09-22,739.9519653320312,739.959372077778,739.9445585862845,739.9519653320312,0
2017-09-25,739.9519653320312,739.959372077778,739.9445585862845,739.9519653320312,0
2017-09-26,739.9519653320312,739.959372077778,738.8790259496831,739.9519653320312,0
2017-09-27,739.9519653320312,739.959372077778,739.9445585862845,739.9519653320312,0
2017-09-28,739.9445190429688,739.9593325336706,739.9445190429688,739.9445190429688,0
2017-09-29,742.1493530273438,742.1567817684263,742.1419242862612,742.1493530273438,0
2017-10-03,742.1493530273438,742.1567817684263,742.1419242862612,742.1493530273438,0
2017-10-04,742.1493530273438,742.1567817684263,742.1419242862612,742.1493530273438,0
2017-10-05,742.1493530273438,742.1567817684263,742.1419242862612,742.1493530273438,0
2017-10-06,742.1417236328125,742.1565811109606,742.1417236328125,742.1417236328125,0
2017-10-09,742.1493530273438,742.1567817684263,742.1419242862612,742.1419242862612,0
2017-10-10,742.1493530273438,742.1567817684263,742.1419242862612,742.1419242862612,0
2017-10-11,742.1493530273438,742.1567817684263,742.1419242862612,742.1493530273438,0
2017-10-12,742.1417236328125,742.1565811109606,742.1417236328125,742.1491523718865,0
2017-10-13,742.1417236328125,742.1565811109606,742.1417236328125,742.1417236328125,0
2017-10-16,742.1493530273438,742.1567817684263,742.1419242862612,742.1493530273438,0
2017-10-17,742.1493530273438,742.1567817684263,742.1419242862612,742.1419242862612,0
2017-10-18,742.1493530273438,742.1567817684263,740.3310780529864,742.1493530273438,0
2017-10-19,742.8023681640625,745.8600195457878,731.4326358632829,731.4326358632829,0
2017-10-23,742.1493530273438,742.1567817684263,742.1419242862612,742.1493530273438,0
2017-10-24,742.1417236328125,742.1565811109606,742.1417236328125,742.1491523718865,0
2017-10-25,742.1493530273438,742.1567817684263,742.1419242862612,742.1419242862612,0
2017-10-26,742.1417236328125,742.1565811109606,742.1417236328125,742.1417236328125,0
2017-10-27,742.1417236328125,742.1565811109606,742.1417236328125,742.1491523718865,0
2017-10-30,742.1493530273438,742.1567817684263,742.1419242862612,742.1419242862612,0
2017-10-31,744.5536499023438,744.5611027098745,744.546197094813,744.546197094813,0
2017-11-01,744.5536499023438,744.5611027098745,743.8165490599722,743.8165490599722,0
2017-11-02,744.5536499023438,744.5611027098745,743.8090962524413,743.8090962524413,0
2017-11-03,744.5536499023438,744.5611027098745,744.546197094813,744.5536499023438,0
2017-11-06,744.5536499023438,744.5611027098745,743.9207974775061,744.2558102648035,0
2017-11-07,744.5536499023438,744.5611027098745,744.546197094813,744.546197094813,0
2017-11-08,744.5464477539062,744.561353373986,744.5464477539062,744.5539005639461,0
2017-11-09,744.5536499023438,744.5611027098745,744.546197094813,744.546197094813,0
2017-11-10,744.5536499023438,744.5611027098745,744.546197094813,744.546197094813,0
2017-11-13,744.5536499023438,744.5611027098745,744.546197094813,744.546197094813,0
2017-11-14,744.5536499023438,744.5611027098745,744.546197094813,744.5536499023438,0
2017-11-15,744.5536499023438,744.5611027098745,744.546197094813,744.546197094813,0
2017-11-16,744.5536499023438,744.5611027098745,744.546197094813,744.546197094813,0
2017-11-17,744.5536499023438,744.5611027098745,743.4740380211957,744.546197094813,0
2017-11-20,744.5536499023438,744.5611027098745,744.5164313086383,744.5164313086383,0
2017-11-21,744.5536499023438,744.5611027098745,744.546197094813,744.546197094813,0
2017-11-22,744.5536499023438,744.5611027098745,744.546197094813,744.546197094813,0
2017-11-23,744.5536499023438,744.5611027098745,744.546197094813,744.5536499023438,0
2017-11-24,744.5536499023438,744.5611027098745,744.546197094813,744.5536499023438,0
2017-11-27,744.5536499023438,744.5611027098745,744.546197094813,744.546197094813,0
2017-11-28,744.5464477539062,744.561353373986,744.4794633514751,744.5464477539062,0
2017-11-29,744.5536499023438,744.5611027098745,744.546197094813,744.5536499023438,0
2017-11-30,746.8936157226562,746.9010919526964,746.886139492616,746.8936157226562,0
2017-12-01,746.8936157226562,746.9010919526964,746.886139492616,746.8936157226562,0
2017-12-04,746.88623046875,746.9011829306518,746.88623046875,746.88623046875,0
2017-12-05,746.8936157226562,746.9010919526964,746.8562801592238,746.8562801592238,0
2017-12-06,746.8936157226562,746.9010919526964,736.1084700881503,746.5948400416597,0
2017-12-07,746.8936157226562,746.9010919526964,746.886139492616,746.8936157226562,0
2017-12-08,746.8936157226562,746.9010919526964,746.886139492616,746.8936157226562,0
2017-12-11,746.8936157226562,746.9010919526964,746.886139492616,746.8936157226562,0
2017-12-12,746.8936157226562,746.9010919526964,746.1541983369738,746.8936157226562,0
2017-12-13,746.8936157226562,746.9010919526964,746.886139492616,746.8936157226562,0
2017-12-14,746.8936157226562,746.9010919526964,746.886139492616,746.886139492616,0
2017-12-15,746.8936157226562,746.9010919526964,746.886139492616,746.8936157226562,0
2017-12-18,746.8936157226562,746.9010919526964,746.886139492616,746.8936157226562,0
2017-12-19,746.8936157226562,746.9010919526964,746.1541983369738,746.8936157226562,0
2017-12-20,746.8936157226562,746.9010919526964,746.886139492616,746.886139492616,0
2017-12-21,746.8936157226562,746.9010919526964,746.886139492616,746.886139492616,0
2017-12-22,746.8936157226562,746.9010919526964,746.886139492616,746.8936157226562,0
2017-12-26,746.88623046875,746.9011829306518,746.88623046875,746.88623046875,0
2017-12-27,746.8936157226562,746.9010919526964,746.886139492616,746.886139492616,0
2017-12-28,746.8936157226562,746.9010919526964,746.886139492616,746.8936157226562,0
2017-12-29,749.34912109375,749.3566219028235,749.0493631506562,749.3416202846765,0
2018-01-01,749.34912109375,749.3566219028235,738.5285179556906,738.5285179556906,0
2018-01-02,749.34912109375,749.3566219028235,749.3416202846765,749.34912109375,0
2018-01-03,749.34912109375,749.3566219028235,749.3416202846765,749.34912109375,0
2018-01-04,749.34912109375,749.3566219028235,749.3416202846765,749.3416202846765,0
2018-01-05,749.34912109375,749.3566219028235,749.3416202846765,749.34912109375,0
2018-01-08,749.3416748046875,749.3566764239259,749.3416748046875,749.3416748046875,0
2018-01-09,749.34912109375,749.3566219028235,749.3416202846765,749.3416202846765,0
2018-01-10,749.34912109375,749.3566219028235,749.3416202846765,749.3416202846765,0
2018-01-11,749.34912109375,749.3566219028235,749.3416202846765,749.34912109375,0
2018-01-12,749.34912109375,749.3566219028235,749.3416202846765,749.3416202846765,0
2018-01-15,749.34912109375,749.3566219028235,749.3416202846765,749.3416202846765,0
2018-01-16,749.34912109375,749.3566219028235,739.6075825195312,739.6075825195312,0
2018-01-17,749.3416748046875,749.3566764239259,748.9820018361187,749.1618383204031,0
2018-01-18,749.34912109375,749.3566219028235,749.3416202846765,749.3416202846765,0
2018-01-19,749.34912109375,749.3566219028235,749.3416202846765,749.34912109375,0
2018-01-22,749.34912109375,749.3566219028235,749.3416202846765,749.34912109375,0
2018-01-23,749.34912109375,749.3566219028235,749.3416202846765,749.3416202846765,0
2018-01-24,749.3416748046875,749.3566764239259,749.3416748046875,749.3416748046875,0
2018-01-25,749.34912109375,749.3566219028235,749.3416202846765,749.3416202846765,0
2018-01-29,749.3416748046875,760.1697795396431,749.3416748046875,760.1697795396431,0
2018-01-30,749.34912109375,749.3566219028235,749.3416202846765,749.3416202846765,0
2018-01-31,751.769775390625,751.7773004298806,751.7622503513693,751.769775390625,0
2018-02-01,751.769775390625,751.7773004298806,751.5818329467772,751.5818329467772,0
2018-02-02,751.769775390625,751.7773004298806,751.7622503513693,751.7622503513693,0
2018-02-05,751.769775390625,751.7773004298806,751.7622503513693,751.7622503513693,0
2018-02-06,751.769775390625,751.7773004298806,751.7622503513693,751.7622503513693,0
2018-02-07,751.769775390625,751.7773004298806,751.7622503513693,751.769775390625,0
2018-02-08,751.769775390625,751.7773004298806,751.4690491267144,751.7622503513693,0
2018-02-09,751.769775390625,751.7773004298806,751.7622503513693,751.7622503513693,0
2018-02-12,751.769775390625,751.7773004298806,751.7622503513693,751.7622503513693,0
2018-02-14,751.769775390625,751.7773004298806,751.7622503513693,751.7622503513693,0
2018-02-15,751.769775390625,762.625332782641,751.7622503513693,751.769775390625,0
2018-02-16,751.769775390625,751.7773004298806,751.7622503513693,751.7622503513693,0
2018-02-19,751.769775390625,751.7773004298806,751.7622503513693,751.7622503513693,0
2018-02-20,751.7622680664062,751.7773181452721,751.7622680664062,751.7697931058392,0
2018-02-21,751.769775390625,751.7773004298806,751.7622503513693,751.7622503513693,0
2018-02-22,751.769775390625,751.7773004298806,751.7622503513693,751.769775390625,0
2018-02-23,751.7622680664062,751.7773181452721,751.7622680664062,751.7697931058392,0
2018-02-26,751.7622680664062,751.7773181452721,751.7622680664062,751.7622680664062,0
2018-02-27,751.769775390625,751.7773004298806,751.7321960787326,751.7321960787326,0
2018-02-28,753.9763793945312,753.9839265213758,753.9688322676867,753.9688322676867,0
2018-03-01,753.9763793945312,753.9839265213758,753.9688322676867,753.9763793945312,0
2018-03-05,753.9763793945312,753.9839265213758,753.9688322676867,753.9688322676867,0
2018-03-06,753.9763793945312,753.9839265213758,753.9688322676867,753.9763793945312,0
2018-03-07,753.9688720703125,753.9839663247984,753.9688720703125,753.9688720703125,0
2018-03-08,753.9989013671875,764.8636790252609,753.9687128645902,753.9762599902396,0
2018-03-09,753.9763793945312,753.9839265213758,753.7878852996826,753.9688322676867,0
2018-03-12,753.9688720703125,753.9839663247984,753.9688720703125,753.9764191975554,0
2018-03-13,753.9613647460938,753.9840061290178,752.8831839320103,753.9689118737351,0
2018-03-14,753.9688720703125,753.9839663247984,753.9688720703125,753.9688720703125,0
2018-03-15,753.9763793945312,753.9839265213758,753.9688322676867,753.9763793945312,0
2018-03-16,753.9688720703125,753.9839663247984,753.9688720703125,753.9764191975554,0
2018-03-19,753.9763793945312,753.9839265213758,753.9688322676867,753.9763793945312,0
2018-03-20,753.9763793945312,753.9839265213758,753.9688322676867,753.9763793945312,0
2018-03-21,753.9763793945312,753.9839265213758,753.9688322676867,753.9688322676867,0
2018-03-22,753.9763793945312,753.9839265213758,753.9688322676867,753.9688322676867,0
2018-03-23,753.9763793945312,753.9839265213758,753.9010001642182,753.9010001642182,0
2018-03-26,753.9688720703125,753.9839663247984,753.2224427783578,753.9688720703125,0
2018-03-27,753.9763793945312,754.3533675842285,752.883104440596,753.9763793945312,0
2018-03-28,756.4823608398438,756.8227871366255,755.7636933626421,756.4823608398438,0
2018-04-02,756.4823608398438,756.4899330509752,756.2932402496338,756.4823608398438,0
2018-04-03,756.4747924804688,756.4899369028087,745.5587574986107,745.5587574986107,0
2018-04-04,756.4823608398438,756.4899330509752,756.4747886287123,756.4747886287123,0
2018-04-05,756.4747924804688,756.4899369028087,756.4747924804688,756.4823646916387,0
2018-04-06,756.4823608398438,756.4899330509752,756.4747886287123,756.4823608398438,0
2018-04-09,756.4823608398438,756.4899330509752,756.4747886287123,756.4823608398438,0
2018-04-10,756.4823608398438,756.4899330509752,756.4747886287123,756.4823608398438,0
2018-04-11,756.4823608398438,756.4899330509752,755.8771841855757,756.4823608398438,0
2018-04-12,756.4823608398438,756.4899330509752,756.4747886287123,756.4823608398438,0
2018-04-13,756.4823608398438,756.4899330509752,756.4747886287123,756.4823608398438,0
2018-04-16,756.4747924804688,756.4899369028087,756.4747924804688,756.4747924804688,0
2018-04-17,756.4747924804688,756.4899369028087,756.4747924804688,756.4747924804688,0
2018-04-18,756.4823608398438,756.4899330509752,756.4747886287123,756.4823608398438,0
2018-04-19,756.4747924804688,756.4899369028087,755.385456028432,756.4747924804688,0
2018-04-20,756.4823608398438,756.4899330509752,756.4747886287123,756.4747886287123,0
2018-04-23,756.4823608398438,756.4899330509752,754.6289698213824,756.4823608398438,0
2018-04-24,756.4747924804688,756.4899369028087,755.385456028432,756.4747924804688,0
2018-04-25,756.4823608398438,756.4899330509752,756.4747886287123,756.4747886287123,0
2018-04-26,756.4823608398438,756.4899330509752,756.4747886287123,756.4823608398438,0
2018-04-27,758.8096923828125,758.8172878899873,758.8020968756377,758.8020968756377,0
2018-04-30,758.8020629882812,758.8172540019523,758.8020629882812,758.8020629882812,0
2018-05-02,758.8096923828125,758.8172878899873,758.8020968756377,758.8096923828125,0
2018-05-03,758.8096923828125,758.8172878899873,758.8020968756377,758.8096923828125,0
2018-05-04,758.8096923828125,758.8172878899873,758.8020968756377,758.8096923828125,0
2018-05-07,758.8020629882812,758.8172540019523,749.7798050333984,749.7798050333984,0
2018-05-08,758.8096923828125,758.8172878899873,758.8020968756377,758.8020968756377,0
2018-05-09,758.8096923828125,758.8172878899873,758.8020968756377,758.8096923828125,0
2018-05-10,758.8096923828125,758.8172878899873,758.8020968756377,758.8096923828125,0
2018-05-11,758.8096923828125,758.8172878899873,758.7338299392014,758.7338299392014,0
2018-05-14,758.8096923828125,758.8172878899873,758.8020968756377,758.8020968756377,0
2018-05-15,758.8020629882812,758.8172540019523,749.7798050333984,749.7798050333984,0
2018-05-16,758.8096923828125,758.8172878899873,758.8020968756377,758.8096923828125,0
2018-05-17,758.8096923828125,758.8172878899873,758.1267451340407,758.8096923828125,0
2018-05-18,758.8096923828125,758.8172878899873,758.8020968756377,758.8096923828125,0
2018-05-21,758.8096923828125,758.8172878899873,758.1267451340407,758.1267451340407,0
2018-05-22,758.8020629882812,758.8172540019523,757.7852839817748,758.7717272750052,0
2018-05-23,758.8096923828125,758.8172878899873,758.8020968756377,758.8020968756377,0
2018-05-24,758.8096923828125,758.8172878899873,758.8020968756377,758.8020968756377,0
2018-05-25,758.8096923828125,758.8172878899873,758.8020968756377,758.8096923828125,0
2018-05-28,758.8096923828125,758.8172878899873,758.8020968756377,758.8096923828125,0
2018-05-29,758.8096923828125,758.8172878899873,758.8020968756377,758.8172878899873,0
2018-05-30,758.8096923828125,758.8172878899873,758.8020968756377,758.8096923828125,0
2018-05-31,761.3709106445312,761.3785317889004,761.363289500162,761.3709106445312,0
2018-06-01,761.3709106445312,761.3785317889004,761.363289500162,761.3709106445312,0
2018-06-04,761.3709106445312,761.3785317889004,761.363289500162,761.3709106445312,0
2018-06-05,761.3709106445312,761.3785317889004,761.363289500162,761.3709106445312,0
2018-06-06,761.3634033203125,761.3786456113296,761.3634033203125,761.371024465821,0
2018-06-07,761.3709106445312,761.3785317889004,761.363289500162,761.363289500162,0
2018-06-08,761.3709106445312,772.365108453054,761.363289500162,772.365108453054,0
2018-06-11,761.3709106445312,761.3785317889004,760.6095397338867,761.3709106445312,0
2018-06-12,761.3709106445312,772.365108453054,761.363289500162,772.365108453054,0
2018-06-13,761.3709106445312,761.3785317889004,761.363289500162,761.3709106445312,0
2018-06-14,761.3634033203125,761.3786456113296,761.3634033203125,761.371024465821,0
2018-06-15,761.3709106445312,761.3785317889004,761.363289500162,761.363289500162,0
2018-06-18,761.3709106445312,761.3785317889004,761.363289500162,761.363289500162,0
2018-06-19,761.3709106445312,761.3785317889004,761.363289500162,761.363289500162,0
2018-06-20,761.3709106445312,761.3785317889004,761.363289500162,761.363289500162,0
2018-06-21,761.3634033203125,761.3786456113296,761.3634033203125,761.371024465821,0
2018-06-22,761.3634033203125,761.3786456113296,761.3634033203125,761.371024465821,0
2018-06-25,761.3709106445312,761.3785317889004,753.757201538086,753.757201538086,0
2018-06-26,761.3709106445312,761.3785317889004,761.363289500162,761.3709106445312,0
2018-06-27,761.3709106445312,761.3785317889004,761.363289500162,761.363289500162,0
2018-06-28,761.3709106445312,761.3785317889004,760.6095397338867,760.6095397338867,0
2018-06-29,763.7607421875,763.7683872535229,763.7530971214771,763.7607421875,0
2018-07-02,763.7607421875,763.7683872535229,763.7530971214771,763.7530971214771,0
2018-07-03,763.7535400390625,763.7688301799753,762.9974239244094,762.9974239244094,0
2018-07-04,763.7535400390625,763.7688301799753,756.1235732584238,756.1235732584238,0
2018-07-05,763.7607421875,763.7683872535229,763.7530971214771,763.7607421875,0
2018-07-06,763.7535400390625,763.7688301799753,763.7535400390625,763.7535400390625,0
2018-07-09,763.7535400390625,763.7688301799753,763.7535400390625,763.7611851095189,0
2018-07-10,763.7607421875,763.7683872535229,763.7530971214771,763.7607421875,0
2018-07-11,763.7607421875,763.7683872535229,763.7530971214771,763.7530971214771,0
2018-07-12,763.7607421875,763.7683872535229,756.35225366503,756.35225366503,0
2018-07-13,763.7607421875,763.7683872535229,763.7530971214771,763.7530971214771,0
2018-07-16,763.7607421875,763.7683872535229,763.7530971214771,763.7530971214771,0
2018-07-17,763.7607421875,763.7683872535229,763.7530971214771,763.7530971214771,0
2018-07-18,763.7607421875,763.7683872535229,756.5050151367187,756.5050151367187,0
2018-07-19,763.7535400390625,763.7688301799753,763.7535400390625,763.7535400390625,0
2018-07-20,763.7535400390625,763.7688301799753,763.7535400390625,763.7611851095189,0
2018-07-23,763.7535400390625,763.7688301799753,763.7535400390625,763.7611851095189,0
2018-07-24,763.7535400390625,763.7688301799753,757.3837978603677,757.3837978603677,0
2018-07-25,763.7607421875,763.7683872535229,763.7530971214771,763.7530971214771,0
2018-07-26,763.7607421875,763.7683872535229,763.7530971214771,763.7530971214771,0
2018-07-27,763.7607421875,763.7683872535229,763.7530971214771,763.7607421875,0
2018-07-30,763.7607421875,763.7683872535229,763.7530971214771,763.7530971214771,0
2018-07-31,766.46728515625,766.4749573141336,766.4596129983663,766.46728515625,0
2018-08-01,766.46728515625,766.4749573141336,766.4596129983663,766.4596129983663,0
2018-08-02,766.4600830078125,777.5355514263207,766.4600830078125,777.5355514263207,0
2018-08-03,766.46728515625,774.2852608211338,766.4596129983663,766.4596129983663,0
2018-08-06,766.46728515625,766.4749573141336,763.1331711784005,766.46728515625,0
2018-08-07,766.46728515625,766.4749573141336,766.4596129983663,766.46728515625,0
2018-08-08,766.46728515625,766.4749573141336,766.4596129983663,766.4596129983663,0
2018-08-09,766.46728515625,766.4749573141336,766.4596129983663,766.4596129983663,0
2018-08-10,766.46728515625,766.4749573141336,766.4596129983663,766.46728515625,0
2018-08-13,766.46728515625,766.4749573141336,766.4596129983663,766.4596129983663,0
2018-08-14,766.46728515625,766.4749573141336,766.4596129983663,766.4596129983663,0
2018-08-16,766.46728515625,766.4749573141336,766.4596129983663,766.46728515625,0
2018-08-17,766.4600830078125,766.4754273329893,766.4600830078125,766.4677551704009,0
2018-08-20,766.46728515625,766.4749573141336,766.4596129983663,766.46728515625,0
2018-08-21,766.46728515625,766.4749573141336,766.4596129983663,766.4596129983663,0
2018-08-23,766.46728515625,766.4749573141336,766.4596129983663,766.46728515625,0
2018-08-24,766.46728515625,766.4749573141336,766.4596129983663,766.46728515625,0
2018-08-27,766.46728515625,766.4749573141336,766.3906571403145,766.3906571403145,0
2018-08-28,766.46728515625,766.4749573141336,765.7008178710937,765.7008178710937,0
2018-08-29,766.46728515625,766.4749573141336,766.4596129983663,766.4596129983663,0
2018-08-30,766.46728515625,766.4749573141336,766.4596129983663,766.4596129983663,0
2018-08-31,769.1854248046875,769.2008236904757,769.1854248046875,769.1931242475815,0
2018-09-03,769.1926879882812,769.2003874268084,769.1849885497539,769.1926879882812,0
2018-09-04,769.1926879882812,769.2003874268084,769.1849885497539,769.1849885497539,0
2018-09-05,769.1926879882812,769.2003874268084,769.1849885497539,769.1849885497539,0
2018-09-06,769.1926879882812,769.2003874268084,769.1849885497539,769.1926879882812,0
2018-09-07,769.1926879882812,769.2003874268084,769.1849885497539,769.1926879882812,0
2018-09-10,769.1926879882812,769.2003874268084,769.1849885497539,769.1849885497539,0
2018-09-11,769.1926879882812,769.2003874268084,762.7699478226974,762.7699478226974,0
2018-09-12,769.1926879882812,769.2003874268084,768.423495300293,769.1849885497539,0
2018-09-14,769.1926879882812,769.2003874268084,769.1849885497539,769.1926879882812,0
2018-09-17,769.1926879882812,769.2003874268084,769.1849885497539,769.1926879882812,0
2018-09-18,769.1854248046875,769.2008236904757,769.1854248046875,769.1931242475815,0
2018-09-19,769.1926879882812,769.2003874268084,769.1849885497539,769.1849885497539,0
2018-09-21,769.1926879882812,769.2003874268084,769.1849885497539,769.1849885497539,0
2018-09-24,769.1926879882812,769.2003874268084,769.1849885497539,769.1849885497539,0
2018-09-25,769.1926879882812,769.2003874268084,769.1849885497539,769.1926879882812,0
2018-09-26,769.1926879882812,769.2003874268084,769.1849885497539,769.1849885497539,0
2018-09-27,769.1926879882812,769.2003874268084,769.1849885497539,769.1926879882812,0
2018-09-28,771.817626953125,771.8253526666759,771.0458093261718,771.817626953125,0
2018-10-01,771.81005859375,771.8255100240023,771.81005859375,771.81005859375,0
2018-10-03,771.81005859375,771.8255100240023,765.3036403249885,767.9586953873318,0
2018-10-04,771.817626953125,771.8253526666759,771.0458093261718,771.817626953125,0
2018-10-05,771.817626953125,771.8253526666759,771.809901239574,771.817626953125,0
2018-10-08,771.817626953125,771.8253526666759,771.809901239574,771.817626953125,0
2018-10-09,771.817626953125,771.8253526666759,771.809901239574,771.817626953125,0
2018-10-10,771.817626953125,771.8253526666759,771.809901239574,771.817626953125,0
2018-10-11,771.817626953125,771.8253526666759,765.3034842973202,771.817626953125,0
2018-10-12,771.817626953125,771.8253526666759,771.809901239574,771.809901239574,0
2018-10-15,771.817626953125,771.8253526666759,771.809901239574,771.809901239574,0
2018-10-16,771.817626953125,771.8253526666759,771.809901239574,771.809901239574,0
2018-10-17,771.817626953125,771.8253526666759,771.809901239574,771.809901239574,0
2018-10-19,771.81005859375,775.6768732304205,771.81005859375,771.8177843088762,0
2018-10-22,771.817626953125,771.8253526666759,770.0810372924805,771.817626953125,0
2018-10-23,771.81005859375,771.8255100240023,771.81005859375,771.81005859375,0
2018-10-24,771.81005859375,771.8255100240023,771.81005859375,771.81005859375,0
2018-10-25,771.817626953125,771.8253526666759,771.809901239574,771.817626953125,0
2018-10-26,771.817626953125,771.8253526666759,771.7790454933792,771.7790454933792,0
2018-10-29,771.81005859375,771.8255100240023,771.81005859375,771.8177843088762,0
2018-10-30,771.817626953125,771.8253526666759,771.809901239574,771.817626953125,0
2018-10-31,774.5253295898438,774.5330824068636,774.517576772824,774.5253295898438,0
2018-11-01,774.51806640625,774.533572050092,768.3296126743456,768.3296126743456,0
2018-11-02,774.5253295898438,774.5330824068636,774.517576772824,774.5253295898438,0
2018-11-05,774.51806640625,774.533572050092,771.1953676601507,774.525819228171,0
2018-11-06,774.5253295898438,774.5330824068636,774.517576772824,774.517576772824,0
2018-11-07,774.5410766601562,776.0746221633259,773.751045450262,774.5178182018468,0
2018-11-09,774.51806640625,774.533572050092,771.7762620245719,774.525819228171,0
2018-11-12,774.5253295898438,774.5330824068636,773.7585570772737,773.7585570772737,0
2018-11-13,774.51806640625,774.533572050092,774.51806640625,774.525819228171,0
2018-11-14,774.5253295898438,774.5330824068636,774.517576772824,774.5253295898438,0
2018-11-15,774.5253295898438,774.5330824068636,774.517576772824,774.5253295898438,0
2018-11-16,774.5253295898438,774.5330824068636,774.4788599609993,774.5098239558041,0
2018-11-19,774.5253295898438,774.5330824068636,774.517576772824,774.5253295898438,0
2018-11-20,774.5253295898438,774.5330824068636,774.517576772824,774.517576772824,0
2018-11-21,774.51806640625,774.533572050092,774.51806640625,774.51806640625,0
2018-11-22,774.5253295898438,774.5330824068636,774.517576772824,774.517576772824,0
2018-11-26,774.51806640625,774.533572050092,773.7590462308638,774.525819228171,0
2018-11-27,774.51806640625,774.533572050092,774.51806640625,774.525819228171,0
2018-11-28,774.5253295898438,774.5330824068636,774.517576772824,774.517576772824,0
2018-11-29,774.5253295898438,774.5330824068636,774.517576772824,774.517576772824,0
2018-11-30,777.1822509765625,777.1900303887427,777.1744715643823,777.1822509765625,0
2018-12-03,777.1747436523438,777.1903024821512,777.1747436523438,777.1825230672474,0
2018-12-04,777.1747436523438,777.1903024821512,777.1747436523438,777.1747436523438,0
2018-12-05,777.1747436523438,777.1903024821512,776.4131199590839,777.1747436523438,0
2018-12-06,777.1822509765625,777.1900303887427,777.1744715643823,777.1744715643823,0
2018-12-07,777.1747436523438,777.1903024821512,777.1747436523438,777.1747436523438,0
2018-12-10,777.1822509765625,777.1900303887427,777.1744715643823,777.1822509765625,0
2018-12-11,777.1747436523438,777.1903024821512,777.1747436523438,777.1747436523438,0
2018-12-12,777.1747436523438,777.1903024821512,776.4131199590839,776.4131199590839,0
2018-12-13,777.1822509765625,777.1900303887427,777.1744715643823,777.1822509765625,0
2018-12-14,777.1822509765625,777.1900303887427,777.1744715643823,777.1822509765625,0
2018-12-17,777.1822509765625,777.1900303887427,777.1744715643823,777.1744715643823,0
2018-12-18,777.1822509765625,777.1900303887427,777.1744715643823,777.1822509765625,0
2018-12-19,777.1822509765625,777.1900303887427,777.1744715643823,777.1744715643823,0
2018-12-20,777.1822509765625,777.1900303887427,776.4050687255859,776.4050687255859,0
2018-12-21,777.1822509765625,777.1900303887427,776.4050687255859,777.1822509765625,0
2018-12-24,777.1822509765625,777.1900303887427,776.4128481377661,776.4128481377661,0
2018-12-26,777.1822509765625,777.1900303887427,776.4128481377661,777.1822509765625,0
2018-12-27,777.1822509765625,777.1900303887427,777.1744715643823,777.1822509765625,0
2018-12-28,777.1747436523438,777.1903024821512,777.1747436523438,777.1747436523438,0
2018-12-31,779.9402465820312,779.9558607764652,779.9402465820312,779.9480536792482,0
2019-01-01,779.9478149414062,779.9556220362336,779.940007846579,779.9478149414062,0
2019-01-02,779.9478149414062,779.9556220362336,779.940007846579,779.940007846579,0
2019-01-03,779.9478149414062,779.9556220362336,779.940007846579,779.9478149414062,0
2019-01-04,779.9478149414062,779.9556220362336,779.940007846579,779.9478149414062,0
2019-01-07,779.9402465820312,779.9558607764652,779.175912722786,779.9480536792482,0
2019-01-08,779.9478149414062,779.9556220362336,779.940007846579,779.9478149414062,0
2019-01-09,779.9478149414062,779.9556220362336,779.2536499610916,779.9478149414062,0
2019-01-10,779.9478149414062,779.9556220362336,779.8698392016069,779.9478149414062,0
2019-01-11,779.9478149414062,779.9556220362336,779.9166341663339,779.9478149414062,0
2019-01-14,779.9402465820312,779.9558607764652,779.175912722786,779.175912722786,0
2019-01-15,779.9478149414062,779.9556220362336,779.940007846579,779.940007846579,0
2019-01-16,779.9478149414062,779.9556220362336,779.940007846579,779.940007846579,0
2019-01-17,779.9478149414062,779.9556220362336,779.940007846579,779.9478149414062,0
2019-01-18,779.9478149414062,779.9556220362336,779.940007846579,779.9478149414062,0
2019-01-21,779.9478149414062,779.9556220362336,779.2926378309913,779.3628540802002,0
2019-01-22,779.9402465820312,779.9558607764652,779.9402465820312,779.9480536792482,0
2019-01-23,779.9402465820312,779.9558607764652,779.5658867496256,779.9480536792482,0
2019-01-24,779.9478149414062,779.9556220362336,779.5656481287629,779.940007846579,0
2019-01-25,779.9478149414062,779.9556220362336,779.3706611750275,779.9478149414062,0
2019-01-28,779.9402465820312,779.9558607764652,779.5658867496256,779.9480536792482,0
2019-01-29,779.9402465820312,779.9558607764652,779.4488754998732,779.4488754998732,0
2019-01-30,779.9478149414062,779.9556220362336,779.940007846579,779.9478149414062,0
2019-01-31,782.7010498046875,782.7088844587505,782.6932151506245,782.7010498046875,0
2019-02-01,782.7010498046875,782.7088844587505,782.6932151506245,782.7010498046875,0
2019-02-04,782.693603515625,782.7092728315259,782.6623126561277,782.6623126561277,0
2019-02-05,782.7010498046875,782.7088844587505,782.6932151506245,782.7010498046875,0
2019-02-06,782.7010498046875,782.7088844587505,782.6932151506245,782.7010498046875,0
2019-02-07,782.7010498046875,782.7088844587505,782.176653477557,782.6932151506245,0
2019-02-08,782.7010498046875,782.7088844587505,782.6932151506245,782.7010498046875,0
2019-02-11,782.693603515625,782.7092728315259,782.1926631298409,782.693603515625,0
2019-02-12,782.7010498046875,782.7088844587505,782.3488247778192,782.3488247778192,0
2019-02-14,782.693603515625,782.7092728315259,782.693603515625,782.693603515625,0
2019-02-15,782.7010498046875,782.7088844587505,782.3488247778192,782.6932151506245,0
2019-02-18,782.693603515625,782.7092728315259,776.0954361244984,776.0954361244984,0
2019-02-19,782.7010498046875,782.7088844587505,782.3566594318821,782.7010498046875,0
2019-02-20,782.7010498046875,782.7088844587505,782.3723287400081,782.6932151506245,0
2019-02-21,782.7010498046875,782.7088844587505,782.3644940859451,782.6932151506245,0
2019-02-22,782.7010498046875,782.7088844587505,782.6932151506245,782.6932151506245,0
2019-02-25,782.693603515625,782.7092728315259,782.357047629887,782.7014381735755,0
2019-02-26,782.7010498046875,782.7088844587505,782.6932151506245,782.6932151506245,0
2019-02-27,782.7010498046875,782.9749760632068,782.3957849299162,782.9749760632068,0
2019-02-28,785.1688842773438,785.1767436338514,785.1610249208361,785.1688842773438,0
2019-03-01,785.1688842773438,785.1767436338514,785.1610249208361,785.1688842773438,0
2019-03-05,785.161376953125,785.177095673188,785.090738558696,785.1299874359263,0
2019-03-06,785.1688842773438,785.1767436338514,785.1610249208361,785.1610249208361,0
2019-03-07,785.1688842773438,785.1767436338514,785.1610249208361,785.1688842773438,0
2019-03-08,785.161376953125,785.177095673188,785.161376953125,785.161376953125,0
2019-03-11,785.161376953125,785.177095673188,784.5803593859216,784.8159005722301,0
2019-03-12,785.161376953125,785.177095673188,785.161376953125,785.1692363131565,0
2019-03-13,785.1688842773438,785.1767436338514,785.1610249208361,785.1610249208361,0
2019-03-14,785.1688842773438,785.1767436338514,784.5015098948702,785.1688842773438,0
2019-03-15,785.1688842773438,785.1767436338514,785.1610249208361,785.1688842773438,0
2019-03-18,785.161376953125,785.177095673188,785.161376953125,785.161376953125,0
2019-03-19,785.161376953125,785.177095673188,785.161376953125,785.1692363131565,0
2019-03-20,785.1688842773438,785.1767436338514,785.1610249208361,785.1688842773438,0
2019-03-22,785.1688842773438,785.1767436338514,785.1610249208361,785.1688842773438,0
2019-03-25,785.1688842773438,785.1767436338514,784.8155486948378,785.1688842773438,0
2019-03-26,785.161376953125,785.177095673188,785.161376953125,785.161376953125,0
2019-03-27,785.161376953125,785.177095673188,785.161376953125,785.1692363131565,0
2019-03-28,787.8594360351562,787.8673223234564,787.5127759598158,787.8594360351562,0
2019-04-01,787.8594360351562,787.8673223234564,787.8515497468561,787.8515497468561,0
2019-04-02,787.8515625,787.8673350768556,787.8515625,787.8515625,0
2019-04-03,787.8515625,787.8673350768556,787.8515625,787.8594487884278,0
2019-04-04,787.8515625,787.8673350768556,787.307937556851,787.8515625,0
2019-04-05,787.8515625,787.8673350768556,787.8515625,787.8594487884278,0
2019-04-08,787.8515625,787.8673350768556,787.8515625,787.8515625,0
2019-04-09,787.8594360351562,787.8673223234564,787.2685414581299,787.5048896715157,0
2019-04-10,787.8594360351562,787.8673223234564,787.3000385242068,787.8594360351562,0
2019-04-11,787.8594360351562,787.8673223234564,787.3079248125069,787.8515497468561,0
2019-04-12,787.8594360351562,787.8673223234564,787.8515497468561,787.8673223234564,0
2019-04-15,787.8515625,787.8673350768556,787.3158238452788,787.3158238452788,0
2019-04-16,787.8594360351562,787.8673223234564,781.5644468351752,781.5644468351752,0
2019-04-18,787.8594360351562,787.9382027439103,786.204950454332,787.8515497468561,0
2019-04-22,787.8594360351562,787.8673223234564,787.0715765991212,787.8594360351562,0
2019-04-23,787.8594360351562,787.8673223234564,783.9280251432807,783.9280251432807,0
2019-04-24,787.8594360351562,787.8673223234564,787.8515497468561,787.8594360351562,0
2019-04-25,787.8515625,787.8673350768556,787.8515625,787.8515625,0
2019-04-26,787.8594360351562,787.8673223234564,787.8515497468561,787.8594360351562,0
2019-04-30,790.3787841796875,790.3866956860721,789.8413323953524,790.3787841796875,0
2019-05-02,790.3787841796875,790.3866956860721,790.370872673303,790.370872673303,0
2019-05-03,790.3787841796875,790.3866956860721,789.8413323953524,790.3787841796875,0
2019-05-06,790.3712768554688,790.3870998763296,790.3712768554688,790.3712768554688,0
2019-05-07,790.3787841796875,790.3866956860721,790.370872673303,790.3787841796875,0
2019-05-08,790.3787841796875,790.3866956860721,789.8413323953524,790.3787841796875,0
2019-05-09,790.3787841796875,790.3866956860721,790.2997655976266,790.2997655976266,0
2019-05-10,790.3787841796875,790.3866956860721,790.370872673303,790.3787841796875,0
2019-05-13,790.3787841796875,790.3866956860721,783.7079853115753,783.7079853115753,0
2019-05-14,790.3787841796875,790.3866956860721,789.9045762055367,790.3787841796875,0
2019-05-15,790.3787841796875,790.3866956860721,786.0712101577298,786.4268902587891,0
2019-05-16,790.3787841796875,790.3866956860721,789.9915062939823,789.9915062939823,0
2019-05-17,790.3787841796875,790.3866956860721,790.0231040786282,790.0231040786282,0
2019-05-20,790.3712768554688,790.3870998763296,790.3712768554688,790.3712768554688,0
2019-05-21,790.3787841796875,790.3866956860721,790.370872673303,790.3787841796875,0
2019-05-22,790.3787841796875,790.3866956860721,790.370872673303,790.370872673303,0
2019-05-23,790.3787841796875,790.3866956860721,789.8729301799983,790.0231040786282,0
2019-05-24,790.3787841796875,790.3866956860721,790.370872673303,790.3787841796875,0
2019-05-27,790.3787841796875,790.3866956860721,789.880841686383,789.880841686383,0
2019-05-28,790.3712768554688,790.3870998763296,790.3712768554688,790.3791883658992,0
2019-05-29,790.3787841796875,790.3866956860721,790.370872673303,790.3787841796875,0
2019-05-30,790.3787841796875,790.3866956860721,789.5884053955078,789.5884053955078,0
2019-05-31,793.0306396484375,793.0385776992738,792.6817042308821,793.0306396484375,0
2019-06-03,793.022705078125,793.0385811798674,792.7372256632584,793.0306431289962,0
2019-06-04,793.0306396484375,793.0385776992738,792.7530982856601,793.0306396484375,0
2019-06-06,793.022705078125,793.0385811798674,793.022705078125,793.0306431289962,0
2019-06-07,793.0306396484375,793.0385776992738,793.0227015976011,793.0227015976011,0
2019-06-10,793.0306396484375,793.0385776992738,793.0227015976011,793.0306396484375,0
2019-06-11,793.0306396484375,793.0385776992738,793.0227015976011,793.0227015976011,0
2019-06-12,793.0306396484375,793.0385776992738,792.9989358478412,793.0306396484375,0
2019-06-13,793.0306396484375,793.0385776992738,792.2534851104616,793.0306396484375,0
2019-06-14,793.0306396484375,793.0385776992738,793.0147635467648,793.0147635467648,0
2019-06-17,793.022705078125,793.0385811798674,792.5230919007338,793.0306431289962,0
2019-06-18,793.0306396484375,793.0385776992738,793.0227015976011,793.0227015976011,0
2019-06-19,793.022705078125,793.0385811798674,793.022705078125,793.022705078125,0
2019-06-20,793.022705078125,793.0385811798674,792.3962282950429,793.0306431289962,0
2019-06-21,793.0306396484375,793.0385776992738,792.6817042308821,792.6817042308821,0
2019-06-24,793.022705078125,793.0385811798674,793.022705078125,793.0306431289962,0
2019-06-25,793.0306396484375,793.0385776992738,792.9989358478412,793.0306396484375,0
2019-06-26,793.0306396484375,793.0385776992738,793.0227015976011,793.0306396484375,0
2019-06-27,793.022705078125,793.0306431289962,792.6817077099095,793.0306431289962,0
2019-06-28,795.4252319335938,795.441156133279,795.4252319335938,795.4252319335938,0
2019-07-01,795.4331665039062,795.7911211387105,795.4252044043392,795.4331665039062,0
2019-07-02,795.4331665039062,795.4411286034733,795.083173968669,795.4331665039062,0
2019-07-03,795.4331665039062,795.4411286034733,795.274070160728,795.4331665039062,0
2019-07-04,795.4331665039062,795.4411286034733,795.4252044043392,795.4331665039062,0
2019-07-05,795.4331665039062,795.4411286034733,795.4252044043392,795.4331665039062,0
2019-07-08,795.4331665039062,795.4411286034733,795.4252044043392,795.4331665039062,0
2019-07-09,795.4331665039062,795.4411286034733,795.1149738175496,795.4252044043392,0
2019-07-10,795.4331665039062,795.4411286034733,795.3536426070109,795.4411286034733,0
2019-07-11,795.4252319335938,795.441156133279,795.1945737851042,795.4331940334364,0
2019-07-12,795.4252319335938,795.441156133279,795.3536701337888,795.3536701337888,0
2019-07-15,795.4331665039062,795.4411286034733,795.3854424558915,795.4331665039062,0
2019-07-16,795.4252319335938,795.441156133279,794.7570952382637,795.4252319335938,0
2019-07-17,795.4331665039062,795.4411286034733,795.274070160728,795.4252044043392,0
2019-07-18,795.4331665039062,795.4411286034733,795.4252044043392,795.4331665039062,0
2019-07-19,795.4331665039062,795.4411286034733,795.4252044043392,795.4331665039062,0
2019-07-22,795.4252319335938,795.441156133279,794.8206949382261,795.4331940334364,0
2019-07-23,795.4331665039062,795.4411286034733,795.3934045554586,795.4252044043392,0
2019-07-24,795.4331665039062,795.4411286034733,794.8922777766102,794.8922777766102,0
2019-07-25,795.4331665039062,795.4411286034733,794.8922777766102,794.8922777766102,0
2019-07-26,795.4331665039062,795.4411286034733,795.1388601162508,795.4331665039062,0
2019-07-29,795.4331665039062,795.4411286034733,794.8922777766102,795.4331665039062,0
2019-07-30,795.4331665039062,795.4411286034733,795.4252044043392,795.4331665039062,0
2019-07-31,797.853515625,797.8615019516944,797.3109810780286,797.3109810780286,0
2019-08-01,797.853515625,797.8615019516944,797.3189674047231,797.853515625,0
2019-08-02,797.853515625,797.8615019516944,797.3348913609981,797.8455292983055,0
2019-08-05,797.8455810546875,797.8615537091126,797.5344064761005,797.8535673819,0
2019-08-06,797.853515625,797.8615019516944,797.805646361947,797.853515625,0
2019-08-07,797.8613891601562,799.8879192723975,797.4544761331734,797.8454165090252,0
2019-08-08,797.853515625,798.651369140625,797.3907469507456,797.853515625,0
2019-08-09,797.877685546875,805.8322638260619,797.0558728338968,797.8537265604573,0
2019-08-13,797.853515625,797.8615019516944,796.0583452148437,797.8455292983055,0
2019-08-14,797.853515625,797.8615019516944,797.805646361947,797.8455292983055,0
2019-08-16,797.853515625,797.8615019516944,797.4944718035459,797.4944718035459,0
2019-08-19,797.853515625,797.8615019516944,797.773749752283,797.853515625,0
2019-08-20,797.853515625,797.8615019516944,797.5343547399043,797.805646361947,0
2019-08-21,797.8455810546875,797.8615537091126,794.9014994431636,794.9014994431636,0
2019-08-22,797.853515625,797.8615019516944,797.4944718035459,797.4944718035459,0
2019-08-23,797.8455810546875,797.8615537091126,797.821670770167,797.8455810546875,0
2019-08-26,797.8455810546875,797.8615537091126,797.6142210511089,797.8535673819,0
2019-08-27,797.8455810546875,797.8615537091126,797.8455810546875,797.8535673819,0
2019-08-28,797.853515625,797.8615019516944,797.8455292983055,797.8455292983055,0
2019-08-29,797.8455810546875,797.8615537091126,797.6939869290003,797.8455810546875,0
2019-08-30,800.0850219726562,800.0930306362063,800.0370188246706,800.0850219726562,0
2019-09-03,800.0850219726562,800.0930306362063,799.5489786812626,800.0850219726562,0
2019-09-04,800.0769653320312,800.0929826581709,800.0369708499937,800.0369708499937,0
2019-09-05,800.0769653320312,800.0929826581709,796.5245860941606,796.5245860941606,0
2019-09-06,800.0769653320312,800.0929826581709,799.7649204721785,800.084973995101,0
2019-09-09,800.0850219726562,800.0930306362063,799.5409700177127,800.0370188246706,0
2019-09-11,800.0769653320312,800.0929826581709,799.6929401711733,800.0769653320312,0
2019-09-12,800.0850219726562,800.0930306362063,799.5729558385983,800.0770133091063,0
2019-09-13,800.0850219726562,800.0930306362063,800.0770133091063,800.0850219726562,0
2019-09-16,800.0850219726562,800.0930306362063,799.5729558385983,800.0770133091063,0
2019-09-17,800.0850219726562,800.0930306362063,800.0450274882205,800.0850219726562,0
2019-09-18,800.0769653320312,800.0929826581709,800.0769653320312,800.084973995101,0
2019-09-19,800.0850219726562,800.0930306362063,800.0770133091063,800.0770133091063,0
2019-09-20,800.0769653320312,800.0929826581709,799.780937798318,800.084973995101,0
2019-09-23,800.0769653320312,800.0929826581709,799.6849315081034,799.6849315081034,0
2019-09-24,800.069091796875,800.0931177901423,796.5247206234465,796.5247206234465,0
2019-09-25,800.0850219726562,800.0930306362063,798.6848731842041,799.2849369506837,0
2019-09-26,800.0850219726562,800.0930306362063,799.68497946167,800.0850219726562,0
2019-09-27,800.0850219726562,800.0930306362063,799.3889519102053,800.0850219726562,0
2019-09-30,802.3541870117188,802.362218389079,802.3461556343585,802.3541870117188,0
2019-10-01,802.3541870117188,802.362218389079,801.9690726729334,802.3541870117188,0
2019-10-03,802.3463745117188,802.3624372708211,801.9532286883243,801.9532286883243,0
2019-10-04,802.3541870117188,802.362218389079,801.9690726729334,802.3461556343585,0
2019-10-07,802.3541870117188,802.362218389079,802.2739711817429,802.3541870117188,0
2019-10-09,802.3463745117188,803.1567602971612,801.5520514853787,801.5520514853787,0
2019-10-10,802.3541870117188,802.362218389079,802.0332257481888,802.3140790967309,0
2019-10-11,802.3463745117188,802.3785000299234,802.0334445401828,802.35440589127,0
2019-10-14,802.3541870117188,802.362218389079,801.5678955794275,801.5678955794275,0
2019-10-15,802.3463745117188,802.3624372708211,802.0334445401828,802.35440589127,0
2019-10-16,802.3463745117188,802.3624372708211,802.0495072992851,802.35440589127,0
2019-10-17,802.3463745117188,808.7732411384001,802.3463745117188,808.7732411384001,0
2019-10-18,802.3463745117188,802.3624372708211,802.2741900394115,802.35440589127,0
2019-10-22,802.3463745117188,802.3624372708211,801.7526400868514,802.35440589127,0
2019-10-23,802.3541870117188,802.362218389079,801.8085920411684,802.081365040537,0
2019-10-24,802.3541870117188,802.362218389079,802.3381242569983,802.3381242569983,0
2019-10-25,802.3541870117188,802.362218389079,801.632048654683,802.362218389079,0
2019-10-27,802.386474609375,810.377942043943,801.7927401903004,802.3543980633099,0
2019-10-29,802.3541870117188,802.362218389079,802.3461556343585,802.3541870117188,0
2019-10-30,802.3541870117188,802.362218389079,801.8326372014359,802.2739711817429,0
2019-10-31,804.4303588867188,804.4384110460728,800.8506339699663,800.8506339699663,0
2019-11-01,804.4303588867188,804.4384110460728,803.8833521344997,804.1166192631051,0
2019-11-04,804.4223022460938,804.4384065647122,804.1246669428464,804.430354405403,0
2019-11-05,804.4223022460938,804.4384065647122,804.4223022460938,804.430354405403,0
2019-11-06,804.4303588867188,804.4384110460728,804.4223067273647,804.4303588867188,0
2019-11-07,804.4303588867188,804.4384110460728,804.1488279005215,804.4303588867188,0
2019-11-08,804.4303588867188,804.4384110460728,804.4223067273647,804.4384110460728,0
2019-11-11,804.4303588867188,804.4384110460728,804.2131469782889,804.4303588867188,0
2019-11-13,804.4303588867188,804.4384110460728,800.8506339699663,800.8506339699663,0
2019-11-14,804.4223022460938,804.4384065647122,804.3096702128292,804.430354405403,0
2019-11-15,804.4223022460938,810.8657972406462,804.4223022460938,810.8657972406462,0
2019-11-18,804.4223022460938,806.2403227028152,804.1890351187878,804.430354405403,0
2019-11-19,804.4223022460938,804.4384065647122,804.3177223721385,804.3177223721385,0
2019-11-20,804.4223022460938,804.4384065647122,802.4594902174033,802.4594902174033,0
2019-11-21,804.4223022460938,804.4384065647122,804.1890351187878,804.430354405403,0
2019-11-22,804.4303588867188,804.4384110460728,804.4223067273647,804.4303588867188,0
2019-11-25,804.4303588867188,804.4384110460728,804.3740428697728,804.4303588867188,0
2019-11-26,804.4223022460938,804.4384065647122,804.4142500867846,804.4384065647122,0
2019-11-27,804.4223022460938,804.4384065647122,804.3981948666984,804.4223022460938,0
2019-11-28,804.4303588867188,804.4384110460728,804.4223067273647,804.4303588867188,0
2019-11-29,806.4160766601562,806.4241486960799,802.8275152750723,802.8275152750723,0
2019-12-02,806.407958984375,806.4241030553085,806.1095889904759,806.4160310198417,0
2019-12-03,806.407958984375,806.4241030553085,802.8274698378577,802.8274698378577,0
2019-12-04,806.407958984375,806.4241030553085,806.3998869489083,806.407958984375,0
2019-12-05,806.4160766601562,806.4241486960799,806.3354547403827,806.4241486960799,0
2019-12-06,806.4160766601562,806.4241486960799,806.3354547403827,806.4160766601562,0
2019-12-09,806.407958984375,806.4160310198417,806.1095889904759,806.4160310198417,0
2019-12-10,806.407958984375,806.4241030553085,806.1338050968761,806.4160310198417,0
2019-12-11,806.4160766601562,806.4241486960799,806.1338507212176,806.1741616811045,0
2019-12-12,806.407958984375,806.4241030553085,806.1418279126144,806.4160310198417,0
2019-12-13,806.407958984375,806.4241030553085,806.407958984375,806.407958984375,0
2019-12-16,806.4160766601562,814.3996155069843,806.0934905415996,814.3996155069843,0
2019-12-17,806.4160766601562,806.4241486960799,806.4080046242326,806.4160766601562,0
2019-12-18,806.4160766601562,806.4241486960799,806.4080046242326,806.4241486960799,0
2019-12-19,806.4160766601562,806.4241486960799,806.4080046242326,806.4241486960799,0
2019-12-20,806.407958984375,806.4241030553085,806.2628100051588,806.4160310198417,0
2019-12-23,806.4160766601562,806.4241486960799,805.8112646026611,805.8112646026611,0
2019-12-24,806.4160766601562,806.4241486960799,806.0934905415996,806.2870717445724,0
2019-12-26,806.4160766601562,807.2224927368164,806.3676936643459,806.4160766601562,0
2019-12-27,806.4160766601562,806.4241486960799,806.4080046242326,806.4160766601562,0
2019-12-30,806.407958984375,806.4241030553085,806.407958984375,806.4160310198417,0
2019-12-31,808.5234375,808.5396239222457,808.5234375,808.5315307111229,0
2020-01-01,808.5234375,809.340062241834,808.5234375,809.340062241834,0
2020-01-02,808.531494140625,808.5395873513818,807.9250955200195,808.5234009298682,0
2020-01-03,808.531494140625,808.5395873513818,807.941281941533,808.531494140625,0
2020-01-06,808.531494140625,809.3400256347657,806.5505821102113,806.5505821102113,0
2020-01-07,808.531494140625,808.5395873513818,808.2080618034303,808.531494140625,0
2020-01-08,808.5234375,808.5396239222457,808.491114004357,808.5315307111229,0
2020-01-09,808.5234375,808.5396239222457,808.5234375,808.5315307111229,0
2020-01-10,808.531494140625,808.5395873513818,808.2080618034303,808.531494140625,0
2020-01-13,808.5234375,808.5396239222457,808.5234375,808.5315307111229,0
2020-01-14,808.531494140625,808.5395873513818,808.4506607307493,808.531494140625,0
2020-01-15,808.5234375,808.9357964764783,808.5234375,808.5315307111229,0
2020-01-16,808.531494140625,808.5395873513818,807.9816986464709,808.531494140625,0
2020-01-17,808.531494140625,808.5395873513818,808.0463949836791,808.531494140625,0
2020-01-20,808.5234375,808.5396239222457,807.9251320630894,808.5234375,0
2020-01-21,808.531494140625,808.5395873513818,808.5234009298682,808.531494140625,0
2020-01-22,808.531494140625,808.5395873513818,807.9250955200195,808.531494140625,0
2020-01-23,808.5234375,808.5396239222457,807.9251320630894,808.5315307111229,0
2020-01-24,808.531494140625,808.5395873513818,808.4829842249304,808.531494140625,0
2020-01-27,808.531494140625,809.3400256347657,808.4829842249304,809.3400256347657,0
2020-01-28,808.5234375,808.5396239222457,807.981735192101,808.5234375,0
2020-01-29,808.531494140625,808.5395873513818,807.9250955200195,807.9250955200195,0
2020-01-30,808.531494140625,808.5395873513818,807.9250955200195,807.9250955200195,0
2020-01-31,810.53564453125,810.5437578030825,810.1952334124744,810.53564453125,0
2020-02-03,810.53564453125,810.5437578030825,809.9277427978516,810.53564453125,0
2020-02-04,810.53564453125,811.3461801757813,810.4951276432574,811.3461801757813,0
2020-02-05,810.53564453125,810.5437578030825,810.251976844132,810.53564453125,0
2020-02-06,810.53564453125,810.5437578030825,810.5275312594176,810.53564453125,0
2020-02-07,810.53564453125,810.5437578030825,810.487014371425,810.53564453125,0
2020-02-10,810.5274047851562,810.5436313262893,810.2518504128681,810.5355180557227,0
2020-02-11,810.5274047851562,810.5436313262893,810.2599142122725,810.5355180557227,0
2020-02-12,810.5274047851562,810.5436313262893,810.5274047851562,810.5355180557227,0
2020-02-13,810.53564453125,810.5437578030825,808.5498223079145,808.5498223079145,0
2020-02-14,810.53564453125,810.5437578030825,810.1303767089844,810.53564453125,0
2020-02-17,810.5274047851562,810.5436313262893,810.5274047851562,810.5274047851562,0
2020-02-18,810.5274047851562,810.5436313262893,809.9681332988514,810.5274047851562,0
2020-02-19,810.5274047851562,810.5436313262893,810.4868879034859,810.5355180557227,0
2020-02-20,810.53564453125,810.5437578030825,810.4546107552648,810.5437578030825,0
2020-02-24,810.53564453125,811.3461801757813,810.5275312594176,810.53564453125,0
2020-02-25,810.5274047851562,810.5355180557227,810.2599142122725,810.5355180557227,0
2020-02-26,810.53564453125,810.5437578030825,810.487014371425,810.5275312594176,0
2020-02-27,810.53564453125,810.5437578030825,810.5275312594176,810.53564453125,0
2020-02-28,812.1123046875,812.2503719874846,810.2522382259478,812.2422416330152,0
2020-03-02,812.2423706054688,812.2505009612292,811.6331888275147,812.2423706054688,0
2020-03-03,812.2423706054688,812.2505009612292,811.7956472167037,812.2423706054688,0
2020-03-04,812.2423706054688,812.2505009612292,811.7550450132414,812.2423706054688,0
2020-03-05,812.2423706054688,812.2505009612292,811.8525101316869,812.2423706054688,0
2020-03-06,812.2423706054688,813.0546129760743,811.8768516236283,812.2423706054688,0
2020-03-09,812.2341918945312,812.2504526050841,812.0392616692452,812.2341918945312,0
2020-03-11,812.2423706054688,812.2505009612292,811.9661863863133,812.2342402497084,0
2020-03-12,812.2423706054688,812.2505009612292,811.836249420166,812.2423706054688,0
2020-03-13,812.2423706054688,815.1258211060502,811.4301282348633,815.1258211060502,0
2020-03-16,812.2423706054688,812.2505009612292,811.6331888275147,812.2505009612292,0
2020-03-17,812.2423706054688,812.2505009612292,811.4301282348633,811.4301282348633,0
2020-03-18,812.2341918945312,812.2504526050841,811.511284329648,812.2423222498077,0
2020-03-19,812.2423706054688,812.2505009612292,811.8443797759265,812.2423706054688,0
2020-03-20,812.2423706054688,812.2505009612292,811.836249420166,812.2423706054688,0
2020-03-23,812.2423706054688,812.2505009612292,811.4301282348633,812.2342402497084,0
2020-03-24,812.2341918945312,816.3035338610566,810.6178376053081,811.4300799275578,0
2020-03-25,812.2341918945312,820.2835410702155,811.958057267155,820.2835410702155,0
2020-03-26,812.2341918945312,812.2504526050841,811.9661380470944,812.2423222498077,0
2020-03-27,812.2423706054688,812.282972808931,812.2342402497084,812.2423706054688,0
2020-03-30,812.2423706054688,812.2505009612292,811.836249420166,812.2423706054688,0
2020-03-31,813.5634155273438,813.5715591064543,813.5552719482333,813.5634155273438,0
2020-04-01,813.5634155273438,813.5715591064543,813.2867821174376,813.5634155273438,0
2020-04-03,813.5634155273438,813.5715591064543,813.514603708651,813.5552719482333,0
2020-04-07,813.5550537109375,813.5713408647895,813.4818608305175,813.5631972878635,0
2020-04-08,813.5634155273438,813.5715591064543,813.1566338195801,813.5552719482333,0
2020-04-09,813.5634155273438,813.5715591064543,813.5552719482333,813.5634155273438,0
2020-04-13,813.5634155273438,813.5715591064543,813.1566338195801,813.5634155273438,0
2020-04-15,813.5634155273438,821.6177132034526,813.5552719482333,813.5634155273438,0
2020-04-16,813.5550537109375,814.3767604851514,813.5143854822645,813.5631972878635,0
2020-04-17,813.5877685546875,820.071844522247,813.286704436206,813.5714813980221,0
2020-04-20,813.5634155273438,813.5715591064543,813.2867821174376,813.5634155273438,0
2020-04-21,813.5634155273438,813.5715591064543,813.1566338195801,813.5634155273438,0
2020-04-22,813.5550537109375,814.3767604851514,813.5550537109375,814.3767604851514,0
2020-04-23,813.5634155273438,813.5715591064543,813.1566338195801,813.1566338195801,0
2020-04-24,813.5634155273438,813.5715591064543,813.1810645569117,813.5634155273438,0
2020-04-27,813.5550537109375,813.5713408647895,813.1970839178927,813.5550537109375,0
2020-04-28,813.5550537109375,814.9950764600433,813.5550537109375,814.9950764600433,0
2020-04-29,813.5634155273438,814.3606917846502,813.5552719482333,814.3606917846502,0
2020-04-30,814.7730712890625,814.7812269765436,814.4145691485032,814.7323425814584,0
2020-05-04,814.7730712890625,814.7812269765436,814.365684753418,814.7730712890625,0
2020-05-05,814.7730712890625,815.5878443603516,814.7649156015814,814.7730712890625,0
2020-05-06,814.7730712890625,815.5633772979081,814.7241868939773,815.5633772979081,0
2020-05-07,814.7730712890625,817.6655057461784,814.6916138738543,817.6655057461784,0
2020-05-08,814.7730712890625,814.7812269765436,814.365684753418,814.7730712890625,0
2020-05-11,814.7647705078125,814.7810818798702,814.3655397307444,814.7729261938414,0
2020-05-12,814.7730712890625,814.7812269765436,814.7649156015814,814.7730712890625,0
2020-05-13,814.7647705078125,814.7810818798702,814.1618464991959,814.7729261938414,0
2020-05-14,814.7730712890625,817.6655057461784,814.7649156015814,817.6655057461784,0
2020-05-15,814.7730712890625,815.457502550058,814.4064134610221,815.457502550058,0
2020-05-18,814.7730712890625,814.7812269765436,814.4064134610221,814.7730712890625,0
2020-05-19,814.7730712890625,814.7812269765436,814.4064134610221,814.7730712890625,0
2020-05-20,814.7647705078125,814.7810818798702,814.7647705078125,814.7729261938414,0
2020-05-21,814.7730712890625,815.5715329853892,814.5286493136362,814.7730712890625,0
2020-05-22,814.7647705078125,814.7810818798702,814.4062684310956,814.7729261938414,0
2020-05-26,814.7730712890625,814.7812269765436,814.365684753418,814.7730712890625,0
2020-05-27,814.7647705078125,814.7810818798702,814.4144241171243,814.7729261938414,0
2020-05-28,814.7730712890625,815.5878443603516,814.4471421686262,815.5878443603516,0
2020-05-29,816.2672119140625,816.2753825575411,816.2590412705839,816.2672119140625,0
2020-06-01,816.2672119140625,816.2753825575411,815.9406851008981,816.2672119140625,0
2020-06-02,816.2588500976562,816.2751913807863,816.0221505971965,816.2670207392213,0
2020-06-03,816.2672119140625,816.2753825575411,816.2590412705839,816.2672119140625,0
2020-06-04,816.2588500976562,817.0424843731206,816.2588500976562,817.0424843731206,0
2020-06-05,816.2588500976562,816.2751913807863,816.2588500976562,816.2670207392213,0
2020-06-08,816.2672119140625,816.2753825575411,814.0632804776951,816.2672119140625,0
2020-06-09,816.2672119140625,816.2753825575411,815.9488557443767,816.2672119140625,0
2020-06-10,816.2672119140625,817.0508463730588,815.8998817045018,817.0508463730588,0
2020-06-11,816.2672119140625,816.2753825575411,815.9406851008981,816.2672119140625,0
2020-06-12,816.2672119140625,816.2753825575411,815.7447889413983,816.2590412705839,0
2020-06-15,816.2672119140625,817.0834791259765,815.5325514949411,816.2672119140625,0
2020-06-16,816.2672119140625,816.9528982933089,816.2590412705839,816.2753825575411,0
2020-06-17,816.2588500976562,816.2751913807863,815.556872416857,816.2670207392213,0
2020-06-18,816.2588500976562,816.2751913807863,815.8996906156916,816.2670207392213,0
2020-06-19,816.2672119140625,817.7854569711834,816.2590412705839,817.7854569711834,0
2020-06-22,816.2672119140625,816.2753825575411,815.7447889413983,816.2672119140625,0
2020-06-23,816.2588500976562,816.2751913807863,815.8588872288517,816.2751913807863,0
2020-06-24,816.2672119140625,817.0018723331839,816.2590412705839,816.2590412705839,0
2020-06-25,816.2672119140625,819.2874105623439,816.2590412705839,819.2874105623439,0
2020-06-26,816.2672119140625,816.2753825575411,815.4509447021484,815.4509447021484,0
2020-06-29,816.2588500976562,816.2751913807863,815.7445978889118,816.2670207392213,0
2020-06-30,817.7864990234375,817.794684874624,817.7783131722509,817.7783131722509,0
2020-07-01,817.7864990234375,817.794684874624,817.0504712088257,817.794684874624,0
2020-07-02,817.7864990234375,817.794684874624,817.7047403390259,817.794684874624,0
2020-07-03,817.7864990234375,820.8123190525696,817.7456196812317,817.7864990234375,0
2020-07-06,817.778076171875,817.7944478695033,817.704503359972,817.704503359972,0
2020-07-07,817.7864990234375,817.794684874624,817.3776057739258,817.7864990234375,0
2020-07-08,817.7864990234375,817.794684874624,817.7047403390259,817.7864990234375,0
2020-07-09,817.7864990234375,817.794684874624,817.7783131722509,817.7864990234375,0
2020-07-10,817.7864990234375,817.794684874624,817.7783131722509,817.7864990234375,0
2020-07-13,817.7864990234375,817.794684874624,817.6638110830933,817.7864990234375,0
2020-07-14,817.7864990234375,817.794684874624,815.5784654933288,817.7701273210645,0
2020-07-15,817.7864990234375,817.794684874624,817.7783131722509,817.7864990234375,0
2020-07-16,817.7864990234375,817.794684874624,817.7783131722509,817.7864990234375,0
2020-07-17,817.7864990234375,817.794684874624,817.7783131722509,817.7864990234375,0
2020-07-20,817.778076171875,817.7944478695033,817.3937405873072,817.7862620206892,0
2020-07-21,817.7864990234375,820.8123190525696,817.3939774762988,817.794684874624,0
2020-07-22,817.778076171875,817.7944478695033,817.778076171875,817.7944478695033,0
2020-07-23,817.778076171875,817.7944478695033,817.778076171875,817.7862620206892,0
2020-07-24,817.7864990234375,817.794684874624,817.7783131722509,817.7783131722509,0
2020-07-27,817.778076171875,817.7944478695033,816.993033305111,817.7862620206892,0
2020-07-28,817.778076171875,817.7944478695033,817.778076171875,817.778076171875,0
2020-07-29,817.7864990234375,817.794684874624,815.5784654933288,815.5784654933288,0
2020-07-30,817.7864990234375,817.794684874624,816.3717443525195,817.7783131722509,0
2020-07-31,819.4692993164062,819.4775020120293,817.2567222049646,819.3873723930493,0
2020-08-03,819.4607543945312,819.4771597789261,818.8953188134848,819.4689570867287,0
2020-08-04,819.4692993164062,822.3784053256921,819.4201331591047,822.3784053256921,0
2020-08-05,819.4692993164062,819.4775020120293,819.4610966207832,819.4775020120293,0
2020-08-06,819.4607543945312,819.4771597789261,817.2563808993112,817.2563808993112,0
2020-08-07,819.4607543945312,819.4771597789261,818.0594944884191,819.4689570867287,0
2020-08-10,819.4692993164062,822.3784053256921,819.0759700579941,822.3784053256921,0
2020-08-11,819.4692993164062,819.4775020120293,819.4610966207832,819.4775020120293,0
2020-08-12,819.4692993164062,822.2555149406567,819.067767362371,822.2555149406567,0
2020-08-13,819.4607543945312,819.4771597789261,819.4607543945312,819.4689570867287,0
2020-08-14,819.4692993164062,819.8790339660644,818.6498300170898,818.6498300170898,0
2020-08-17,819.4607543945312,819.4771597789261,817.2563808993112,819.4689570867287,0
2020-08-18,819.4607543945312,819.4771597789261,818.8953188134848,819.4689570867287,0
2020-08-19,819.4607543945312,819.878691565272,819.4607543945312,819.4607543945312,0
2020-08-20,819.4692993164062,819.4775020120293,819.0759700579941,819.4692993164062,0
2020-08-21,819.4692993164062,821.9195045187324,819.1005281284265,821.9195045187324,0
2020-08-24,819.4607543945312,822.2551715473899,819.264089847457,822.2551715473899,0
2020-08-25,819.4692993164062,821.9195045187324,819.3053954532556,819.4775020120293,0
2020-08-26,819.4692993164062,819.4775020120293,817.2567222049646,819.4775020120293,0
2020-08-27,819.4692993164062,821.9195045187324,819.4610966207832,821.9195045187324,0
2020-08-28,819.4692993164062,819.4775020120293,819.059564666748,819.059564666748,0
2020-08-31,820.8384399414062,823.3009799106784,820.8384399414062,823.3009799106784,0
2020-09-01,820.8384399414062,823.6375550960944,818.6303604316054,823.6375550960944,0
2020-09-02,820.8384399414062,823.3009799106784,820.436233095839,823.3009799106784,0
2020-09-03,820.8384399414062,823.3009799106784,820.8384399414062,823.3009799106784,0
2020-09-04,820.8384399414062,823.3009799106784,818.6303604316054,823.3009799106784,0
2020-09-07,820.8468627929688,823.301186896637,820.8058304699324,823.301186896637,0
2020-09-08,820.8468627929688,823.2191222505644,820.8058304699324,823.2191222505644,0
2020-09-09,820.8468627929688,820.8550792776792,820.2886929383315,820.8468627929688,0
2020-09-10,820.8384399414062,823.0629524164968,820.8384399414062,823.0629524164968,0
2020-09-11,820.8468627929688,820.8550792776792,820.8386463082581,820.8468627929688,0
2020-09-14,820.8384399414062,820.854872906696,818.999751447097,820.854872906696,0
2020-09-15,820.8468627929688,823.1041916656494,820.2722599689104,823.1041916656494,0
2020-09-16,820.8384399414062,820.854872906696,819.2459954239234,820.846656424051,0
2020-09-17,820.8384399414062,823.0219201037764,819.6564187521354,823.0219201037764,0
2020-09-18,820.8468627929688,822.9810445960238,820.0260159301757,822.9810445960238,0
2020-09-21,820.8468627929688,822.9810445960238,820.0342324148863,822.9810445960238,0
2020-09-22,820.8384399414062,820.8876887367715,820.025809767627,820.025809767627,0
2020-09-23,820.8384399414062,820.854872906696,820.025809767627,820.8384399414062,0
2020-09-24,820.8384399414062,822.980837690552,818.6303604316054,818.6303604316054,0
2020-09-25,820.8468627929688,821.5035302630997,819.4514131061173,819.8618365375138,0
2020-09-28,820.8384399414062,820.854872906696,819.4512070880294,820.846656424051,0
2020-09-29,820.8384399414062,820.854872906696,820.7235093853859,820.846656424051,0
2020-09-30,822.5399169921875,824.6785006948263,822.5316835604012,824.6785006948263,0
2020-10-01,822.5399169921875,824.6785006948263,822.5316835604012,824.6785006948263,0
2020-10-05,822.5399169921875,824.7196678537578,821.3472240717784,824.7196678537578,0
2020-10-06,822.5399169921875,822.5481504239739,818.4272174072266,818.4272174072266,0
2020-10-07,822.5314331054688,824.5466653292464,821.7335937267719,824.5466653292464,0
2020-10-08,822.5314331054688,824.5466653292464,821.8816448422876,824.5466653292464,0
2020-10-09,822.5399169921875,824.6785006948263,821.8901285311506,824.6785006948263,0
2020-10-12,822.5314331054688,824.5466653292464,821.1413390608716,824.5466653292464,0
2020-10-13,822.5314331054688,824.5466653292464,822.5314331054688,824.5466653292464,0
2020-10-14,822.5399169921875,824.5469163978025,821.7256105069816,824.5469163978025,0
2020-10-15,822.5399169921875,824.1685299625993,822.5316835604012,824.1685299625993,0
2020-10-16,822.5399169921875,824.5469163978025,822.5316835604012,824.5469163978025,0
2020-10-19,822.5399169921875,824.7196678537578,821.7996109853536,824.7196678537578,0
2020-10-20,822.5314331054688,824.5466653292464,822.4985495921887,824.5466653292464,0
2020-10-21,822.5314331054688,824.1518623545376,822.5314331054688,824.1518623545376,0
2020-10-22,822.5314331054688,822.5478999640274,822.5314331054688,822.5478999640274,0
2020-10-23,822.5314331054688,824.5466653292464,821.7993607533319,824.5466653292464,0
2020-10-26,822.5399169921875,824.1685299625993,821.7996109853536,824.1685299625993,0
2020-10-27,822.5399169921875,822.5481504239739,821.7996109853536,821.7996109853536,0
2020-10-28,822.5399169921875,824.5469163978025,821.1415890925304,824.5469163978025,0
2020-10-29,824.0105590820312,825.6585802001953,823.2689294614121,825.6091415783949,0
2020-10-30,824.0105590820312,825.9882045412734,823.4749321011826,825.9882045412734,0
2020-11-02,824.0105590820312,825.6585802001953,824.0023109294623,825.6585802001953,0
2020-11-03,824.0021362304688,825.5512797765938,823.2852512195452,825.5512797765938,0
2020-11-04,824.0021362304688,826.1527912632392,824.0021362304688,826.1527912632392,0
2020-11-05,824.0021362304688,826.0209717309234,823.2687549179047,826.0209717309234,0
2020-11-06,824.0021362304688,825.9880294212451,823.9691939207904,825.9880294212451,0
2020-11-09,824.0105590820312,825.9882045412734,823.2689294614121,825.9882045412734,0
2020-11-10,824.0021362304688,825.3947157918171,824.0021362304688,825.3947157918171,0
2020-11-11,824.0021362304688,824.0186325321091,822.4529926843437,824.0021362304688,0
2020-11-12,824.0021362304688,825.4935930144547,824.0021362304688,825.4935930144547,0
2020-11-13,824.0105590820312,825.938765919473,823.293673919119,825.938765919473,0
2020-11-14,824.0105590820312,828.0482309389785,822.6097310728692,828.0482309389785,0
2020-11-17,824.0105590820312,826.5320293810777,816.6850931413248,826.5320293810777,0
2020-11-18,824.0021362304688,824.82614661485,823.2111184493683,824.82614661485,0
2020-11-19,824.0105590820312,825.6256378835328,822.6921623049453,825.6256378835328,0
2020-11-20,824.0105590820312,825.9882045412734,824.0023109294623,825.9882045412734,0
2020-11-23,824.0105590820312,825.9882045412734,823.277177613981,825.9882045412734,0
2020-11-24,824.0021362304688,826.5318541457516,823.3099956720058,826.5318541457516,0
2020-11-25,824.0021362304688,825.9880294212451,822.6095566691203,825.9880294212451,0
2020-11-26,824.0105590820312,824.7768828667439,824.0023109294623,824.7768828667439,0
2020-11-27,825.5692749023438,827.5506613176093,824.1657970572599,827.5506613176093,0
2020-12-01,825.560791015625,832.1570797010265,825.4865180183882,832.1570797010265,0
2020-12-02,825.560791015625,827.5504406553091,825.1562702409864,827.5504406553091,0
2020-12-03,825.560791015625,827.5504406553091,825.560791015625,827.5504406553091,0
2020-12-04,825.5692749023438,827.5423975626603,825.5610111473948,827.5423975626603,0
2020-12-07,825.5692749023438,827.7570536363348,825.1564902648926,827.7570536363348,0
2020-12-08,825.5692749023438,825.5775386572927,824.8675611741767,825.5692749023438,0
2020-12-09,825.560791015625,826.3285641899113,825.560791015625,826.3285641899113,0
2020-12-10,825.5692749023438,827.5506613176093,825.5610111473948,827.5506613176093,0
2020-12-11,825.5692749023438,827.5506613176093,824.8510336642787,826.337048281353,0
2020-12-14,825.5692749023438,825.5775386572927,824.8510336642787,825.5692749023438,0
2020-12-15,825.5692749023438,827.5423975626603,825.5610111473948,827.5423975626603,0
2020-12-16,825.5692749023438,827.5423975626603,824.8510336642787,827.5423975626603,0
2020-12-17,825.5692749023438,827.5423975626603,825.5610111473948,827.5423975626603,0
2020-12-18,825.5692749023438,827.4680741568692,825.2390270368829,827.4680741568692,0
2020-12-21,825.5692749023438,826.337048281353,824.8510336642787,826.337048281353,0
2020-12-22,825.560791015625,826.807408350523,824.1655772975171,824.8260224635844,0
2020-12-23,825.560791015625,827.4678535165905,825.560791015625,827.4678535165905,0
2020-12-24,825.5692749023438,826.337048281353,824.8510336642787,826.337048281353,0
2020-12-28,825.560791015625,827.5504406553091,824.1655772975171,825.5690547683705,0
2020-12-29,825.5692749023438,827.5506613176093,824.8510336642787,827.5506613176093,0
2020-12-30,825.5692749023438,827.4680741568692,824.8510336642787,827.4680741568692,0
2020-12-31,827.121826171875,829.0986594524682,825.5585538043678,829.0986594524682,0
2021-01-01,827.121826171875,829.0241962753684,827.1135468762517,829.0241962753684,0
2021-01-04,827.1134643554688,828.734641147085,826.3855931823762,828.734641147085,0
2021-01-05,827.1134643554688,827.8909608138401,827.1134643554688,827.8909608138401,0
2021-01-06,827.1134643554688,829.0241135639607,826.4187103615652,829.0241135639607,0
2021-01-07,827.1134643554688,828.6932951566034,827.0969057658742,828.6932951566034,0
2021-01-08,827.121826171875,828.6933778350055,826.5593893880994,828.6933778350055,0
2021-01-11,827.121826171875,828.6933778350055,826.4601388076395,828.6933778350055,0
2021-01-12,827.1134643554688,827.8909608138401,827.1134643554688,827.8909608138401,0
2021-01-13,827.121826171875,827.8910434121937,827.1135468762517,827.8910434121937,0
2021-01-14,827.121826171875,828.6933778350055,827.1135468762517,828.6933778350055,0
2021-01-15,827.121826171875,828.6933778350055,826.7082652587891,828.6933778350055,0
2021-01-18,827.121826171875,828.6933778350055,825.7157089706809,828.6933778350055,0
2021-01-19,827.121826171875,828.6933778350055,826.5014848022461,828.6933778350055,0
2021-01-20,827.1134643554688,828.6932951566034,826.5014023425283,828.6932951566034,0
2021-01-21,827.1134643554688,828.6932951566034,827.1134643554688,828.6932951566034,0
2021-01-22,827.121826171875,827.1301054674983,826.5428307968527,827.121826171875,0
2021-01-25,827.1134643554688,828.6932951566034,827.1134643554688,828.6932951566034,0
2021-01-27,827.121826171875,828.5279433730692,825.7157089706809,828.5279433730692,0
2021-01-28,827.121826171875,828.6933778350055,827.1135468762517,828.6933778350055,0
2021-01-29,828.6821899414062,830.3064415004177,828.1269814786881,830.3064415004177,0
2021-02-01,828.6821899414062,830.8865349557257,828.6821899414062,830.8865349557257,0
2021-02-02,828.6821899414062,830.2650170920215,828.0275426668356,830.2650170920215,0
2021-02-03,828.6821899414062,830.2650170920215,828.2761396964667,830.2650170920215,0
2021-02-04,828.6905517578125,828.6988467560112,827.2817677039727,828.6905517578125,0
2021-02-05,828.6905517578125,830.2650840378552,827.2817677039727,827.2817677039727,0
2021-02-08,828.6821899414062,829.461161020419,827.9695282633795,828.6904849389362,0
2021-02-09,828.6821899414062,830.8865349557257,828.068967075232,830.8865349557257,0
2021-02-10,828.6905517578125,830.2650840378552,827.9695950241238,828.6905517578125,0
2021-02-11,828.6905517578125,829.3783790779635,827.9695950241238,827.9695950241238,0
2021-02-12,828.6905517578125,829.4612279014364,820.4036462402344,828.0359044304564,0
2021-02-15,828.6905517578125,830.6711343155354,827.1243144759685,827.1243144759685,0
2021-02-16,828.6821899414062,829.461161020419,827.8617944539972,828.6904849389362,0
2021-02-17,828.6905517578125,830.596529911004,827.9695950241238,830.596529911004,0
2021-02-18,828.6821899414062,830.596462938445,827.2817009986893,830.596462938445,0
2021-02-19,828.6905517578125,830.596529911004,828.1104582557306,830.596529911004,0
2021-02-22,828.6905517578125,829.4612279014364,828.0690338439941,829.4612279014364,0
2021-02-23,828.6821899414062,828.698779936466,827.2817009986893,828.6904849389362,0
2021-02-24,828.6821899414062,830.596462938445,827.7540606446149,830.596462938445,0
2021-02-25,828.6821899414062,828.698779936466,828.6821899414062,828.6821899414062,0
2021-02-26,830.1771240234375,830.1854339018762,829.637488624826,830.1771240234375,0
2021-03-01,830.1687622070312,832.086469216748,829.5959380004931,832.086469216748,0
2021-03-02,830.1687622070312,830.1853819628689,829.6125577563308,830.17707208495,0
2021-03-03,830.1687622070312,830.1853819628689,830.0110265365356,830.17707208495,0
2021-03-04,830.1771240234375,830.1854339018762,830.0110784646347,830.1771240234375,0
2021-03-05,830.1771240234375,832.1612595106512,830.1688141449988,832.1612595106512,0
2021-03-08,830.1771240234375,832.0865212746933,830.1688141449988,832.0865212746933,0
2021-03-09,830.1687622070312,832.086469216748,829.5544392808863,832.086469216748,0
2021-03-10,830.1771240234375,832.0865212746933,830.1688141449988,832.0865212746933,0
2021-03-12,830.1771240234375,832.1612595106512,828.6080770982354,832.1612595106512,0
2021-03-15,830.1771240234375,832.0865212746933,830.16050426656,832.0865212746933,0
2021-03-16,830.1771240234375,830.9076839461774,829.5794208157361,830.1771240234375,0
2021-03-17,830.1771240234375,832.0865212746933,830.1688141449988,832.0865212746933,0
2021-03-18,830.1771240234375,830.8661852239743,829.5794208157361,830.8661852239743,0
2021-03-19,830.1771240234375,830.8993740677386,829.8118440620675,830.1771240234375,0
2021-03-22,830.1771240234375,832.0865212746933,829.6209195379391,832.0865212746933,0
2021-03-23,830.1687622070312,832.7174118987305,830.102333853668,830.17707208495,0
2021-03-24,830.1771240234375,832.0865212746933,830.0941265790314,832.0865212746933,0
2021-03-25,830.1771240234375,830.1854339018762,829.5959899026229,830.1771240234375,0
2021-03-26,830.1771240234375,832.0865212746933,830.1688141449988,832.0865212746933,0
2021-03-30,830.1687622070312,832.086469216748,829.5959380004931,832.086469216748,0
2021-03-31,831.9505004882812,833.4480012335143,831.4097123516723,833.4480012335143,0
2021-04-01,831.9420776367188,833.8638810417526,830.5360794206915,833.8638810417526,0
2021-04-05,831.9505004882812,833.8639764837585,831.4180399811938,833.8639764837585,0
2021-04-06,831.9505004882812,831.9588281178027,831.4180399811938,831.9505004882812,0
2021-04-07,831.9505004882812,832.7242083603479,831.4180399811938,832.6742933614478,0
2021-04-08,831.9505004882812,833.8639764837585,831.9421728587597,833.8639764837585,0
2021-04-09,831.9420776367188,833.8638810417526,831.4096171905754,833.8638810417526,0
2021-04-12,831.9505004882812,832.6742933614478,831.9338452292383,832.6742933614478,0
2021-04-13,831.9505004882812,833.8639764837585,831.4180399811938,833.8639764837585,0
2021-04-15,831.9505004882812,833.8639764837585,830.5361744818053,833.8639764837585,0
2021-04-16,831.9420776367188,833.8638810417526,831.4262724477121,833.8638810417526,0
2021-04-19,831.9505004882812,833.8639764837585,831.4513504992798,833.8639764837585,0
2021-04-20,831.9505004882812,833.8639764837585,831.9421728587597,833.8639764837585,0
2021-04-22,831.9505004882812,833.8639764837585,831.9421728587597,833.8639764837585,0
2021-04-23,831.9505004882812,831.9588281178027,831.9421728587597,831.9505004882812,0
2021-04-26,831.9420776367188,833.8638810417526,831.3430977184747,833.8638810417526,0
2021-04-27,831.9420776367188,833.8638810417526,831.4512553334171,833.8638810417526,0
2021-04-28,831.9420776367188,833.8555534131843,831.4512553334171,833.8555534131843,0
2021-04-29,831.9505004882812,833.8639764837585,830.5361744818053,833.8639764837585,0
2021-04-30,833.5758056640625,836.1265455942973,833.1590177612305,836.1265455942973,0
2021-05-03,833.5758056640625,833.584149562508,832.7422298583984,833.5758056640625,0
2021-05-04,833.5758056640625,834.3010125447959,833.5674617656172,833.5758056640625,0
2021-05-05,833.5758056640625,833.584149562508,833.5674617656172,833.5758056640625,0
2021-05-06,833.5674438476562,834.3009946110669,832.7422119581763,833.5674438476562,0
2021-05-07,833.5758056640625,833.584149562508,833.5674617656172,833.5758056640625,0
2021-05-10,833.5758056640625,833.584149562508,833.0839735526517,833.5758056640625,0
2021-05-11,833.5674438476562,834.3009946110669,833.0756626242461,834.3009946110669,0
2021-05-12,833.5758056640625,835.2429572753906,833.0839735526517,835.2429572753906,0
2021-05-14,833.5758056640625,834.3010125447959,829.6830208972916,834.3010125447959,0
2021-05-17,833.5758056640625,834.3010125447959,833.0173241199478,834.3010125447959,0
2021-05-18,833.5674438476562,834.3009946110669,833.5674438476562,834.3009946110669,0
2021-05-19,833.5674438476562,834.3009946110669,833.5674438476562,834.3009946110669,0
2021-05-20,833.5758056640625,834.3010125447959,833.0173241199478,834.3010125447959,0
2021-05-21,833.5758056640625,833.584149562508,831.1584154766649,831.1584154766649,0
2021-05-24,833.5674438476562,834.4093635336682,833.0839556450836,834.4093635336682,0
2021-05-25,833.5758056640625,835.493019841604,831.1584154766649,835.493019841604,0
2021-05-26,833.5674438476562,833.5841316441882,832.7422119581763,832.7422119581763,0
2021-05-27,833.5674438476562,834.3009946110669,833.1673437503152,834.3009946110669,0
2021-05-28,833.5841064453125,834.2009443692092,833.4840814240009,834.2009443692092,0
2021-05-31,835.0631103515625,836.9086366472798,834.5119856081122,836.9086366472798,0
2021-06-01,835.071533203125,837.9107968035042,834.7040996897667,837.9107968035042,0
2021-06-02,835.071533203125,837.9107968035042,832.0652960710823,837.9107968035042,0
2021-06-03,835.071533203125,837.9107968035042,832.0652960710823,837.9107968035042,0
2021-06-04,835.071533203125,836.9921875357479,833.6519014029353,836.9921875357479,0
2021-06-07,835.071533203125,835.0798920734525,834.5705106706918,835.071533203125,0
2021-06-08,835.071533203125,835.0798920734525,834.5788185722977,835.071533203125,0
2021-06-09,835.0631103515625,837.5349402491958,834.4618833587076,837.5349402491958,0
2021-06-10,835.0631103515625,835.0798280909365,834.5453701181427,835.0714692212496,0
2021-06-11,835.0631103515625,837.0756611348676,835.0631103515625,837.0756611348676,0
2021-06-14,835.0631103515625,835.7979773219746,834.6622923563259,835.7979773219746,0
2021-06-15,835.071533203125,837.0757252703011,834.5788185722977,837.0757252703011,0
2021-06-16,835.071533203125,837.9107968035042,833.7771825204045,837.9107968035042,0
2021-06-17,835.071533203125,835.798041359514,834.4619472938776,835.798041359514,0
2021-06-18,835.071533203125,835.0798920734525,834.6957408194393,834.6957408194393,0
2021-06-21,835.0631103515625,835.0798280909365,834.6956768663564,835.0714692212496,0
2021-06-22,835.071533203125,835.8231179704964,835.0631743327975,835.071533203125,0
2021-06-23,835.071533203125,837.3262365365177,834.5705106706918,837.3262365365177,0
2021-06-24,835.071533203125,837.0757252703011,834.6957408194393,837.0757252703011,0
2021-06-25,835.0631103515625,835.0798280909365,833.5266073906772,835.0714692212496,0
2021-06-28,835.0631103515625,837.0756611348676,834.5119856081122,837.0756611348676,0
2021-06-29,835.0631103515625,835.7979773219746,834.2363977520283,834.2363977520283,0
2021-06-30,836.8488159179688,837.2588677699398,835.3090272869874,836.8655694066891,0
2021-07-01,836.857421875,836.8657986216546,836.447369910717,836.857421875,0
2021-07-02,836.857421875,838.8491466252804,835.5603030866384,838.8491466252804,0
2021-07-05,836.8488159179688,839.7025275484647,833.8445271998283,839.7025275484647,0
2021-07-06,836.857421875,838.8323931319713,835.3510887311697,838.8323931319713,0
2021-07-07,836.857421875,836.8657986216546,835.3510887311697,836.857421875,0
2021-07-08,836.857421875,839.7027575404644,836.8490451283456,839.7027575404644,0
2021-07-09,836.857421875,839.2843288295269,835.3510887311697,839.2843288295269,0
2021-07-12,836.857421875,838.53113671875,836.020564453125,836.020564453125,0
2021-07-13,836.857421875,838.8491466252804,836.8490451283456,838.8491466252804,0
2021-07-14,836.8488159179688,837.2588677699398,836.447140810358,836.857192662329,0
2021-07-15,836.8488159179688,836.8655694066891,835.3592366754388,835.3592366754388,0
2021-07-16,836.857421875,839.7027575404644,833.8447555873394,839.7027575404644,0
2021-07-19,836.857421875,837.5854837458133,836.8490451283456,837.5854837458133,0
2021-07-20,836.857421875,839.7027575404644,836.447369910717,839.7027575404644,0
2021-07-22,836.8488159179688,839.7025275484647,836.0203354696666,839.7025275484647,0
2021-07-23,836.857421875,839.1671565318107,833.8447555873394,833.8447555873394,0
2021-07-26,836.8488159179688,838.848916867082,835.3173529536381,835.3173529536381,0
2021-07-27,836.857421875,839.7027575404644,833.8447555873394,839.7027575404644,0
2021-07-28,836.8488159179688,838.8656703558023,835.518241585153,835.518241585153,0
2021-07-29,836.8488159179688,838.8321633783618,836.447140810358,838.8321633783618,0
2021-07-30,838.150390625,841.000122415781,837.5888441871405,841.000122415781,0
2021-08-02,838.1419067382812,839.8265970191596,836.1471049402559,839.8265970191596,0
2021-08-03,838.150390625,840.5642678425312,836.1555886027812,836.1555886027812,0
2021-08-04,838.150390625,840.3715096228123,837.5804544981718,840.3715096228123,0
2021-08-05,838.1419067382812,840.3211282029703,838.1419067382812,840.3211282029703,0
2021-08-06,838.1419067382812,839.8182073311339,838.1419067382812,839.8182073311339,0
2021-08-09,838.150390625,839.8183017172813,837.5888441871405,839.8183017172813,0
2021-08-10,838.150390625,838.988541015625,836.809370462656,836.809370462656,0
2021-08-11,838.1419067382812,840.3630254864647,835.811875515666,840.3630254864647,0
2021-08-12,838.150390625,841.000122415781,836.8512677508593,841.000122415781,0
2021-08-13,838.150390625,839.82669140625,837.7397051186562,839.82669140625,0
2021-08-16,838.150390625,840.5642678425312,837.5888441871405,840.5642678425312,0
2021-08-17,838.150390625,840.664841796875,837.0189080603122,840.664841796875,0
2021-08-18,838.1419067382812,840.5641733725455,837.588750051559,840.5641733725455,0
2021-08-20,838.150390625,840.5558781535625,837.7397051186562,840.5558781535625,0
2021-08-23,838.1419067382812,840.2456721673727,837.588750051559,840.2456721673727,0
2021-08-24,838.1419067382812,841.0000278968101,838.1419067382812,841.0000278968101,0
2021-08-25,838.1419067382812,838.9046521557444,835.7280297920428,838.9046521557444,0
2021-08-26,838.1419067382812,838.9046521557444,838.1419067382812,838.1419067382812,0
2021-08-27,838.150390625,840.8157027283906,835.7700210067034,840.8157027283906,0
2021-08-30,838.1419067382812,840.1618776003838,837.5384630800388,840.1618776003838,0
2021-08-31,839.847900390625,842.7034037560522,837.5047432022243,842.7034037560522,0
2021-09-01,839.8395385742188,842.7034487732797,837.4795678984614,842.7034487732797,0
2021-09-02,839.8395385742188,840.6038289101414,839.4700034278964,840.6038289101414,0
2021-09-03,839.8395385742188,840.6038289101414,839.8395385742188,839.8479452553114,0
2021-09-06,839.847900390625,841.5275961914062,839.4363831210732,841.5275961914062,0
2021-09-07,839.847900390625,842.485035100311,839.805918247655,842.485035100311,0
2021-09-08,839.847900390625,840.5197684588879,839.8394937099814,840.5197684588879,0
2021-09-09,839.847900390625,839.8563070712685,839.2852166502327,839.847900390625,0
2021-09-13,839.847900390625,839.8563070712685,838.5041642540991,838.5041642540991,0
2021-09-14,839.8395385742188,842.7034487732797,838.1682493648008,842.7034487732797,0
2021-09-15,839.8395385742188,839.856351936404,839.6379832689976,839.8479452553114,0
2021-09-16,839.847900390625,839.8563070712685,839.2852166502327,839.2852166502327,0
2021-09-17,839.847900390625,842.1910575790256,837.8322449255883,837.8322449255883,0
2021-09-20,839.847900390625,842.5186105626374,837.4627097990066,842.5186105626374,0
2021-09-21,839.8395385742188,841.527641145822,839.4364279637764,841.527641145822,0
2021-09-22,839.8395385742188,841.8636008280243,838.5042090470031,841.8636008280243,0
2021-09-23,839.8395385742188,842.5186555699931,839.2768548037678,842.5186555699931,0
2021-09-24,839.8565063476562,842.1912574093899,839.2601957432006,842.1912574093899,0
2021-09-27,839.8395385742188,842.1911025688835,837.4627545362761,842.1911025688835,0
2021-09-28,839.847900390625,841.7795403094739,839.8394937099814,841.7795403094739,0
2021-09-29,839.8225708007812,839.8561975189691,838.9239787735953,839.8477908394221,0
2021-09-30,841.1827392578125,843.2015983687193,841.1574791316092,843.2015983687193,0
2021-10-01,841.1827392578125,844.042781107977,840.8462456254214,844.042781107977,0
2021-10-04,841.1827392578125,843.1174492897615,839.7527183327303,843.1174492897615,0
2021-10-05,841.1741943359375,843.1173241214793,839.7525936639723,843.1173241214793,0
2021-10-06,841.1827392578125,841.9145641336293,841.1743192157447,841.9145641336293,0
2021-10-07,841.1741943359375,843.1173241214793,839.7525936639723,843.1173241214793,0
2021-10-08,841.1827392578125,842.6716491356492,841.1743192157447,842.6716491356492,0
2021-10-11,841.1827392578125,843.1174492897615,840.3247164344192,843.1174492897615,0
2021-10-12,841.1827392578125,842.6463890094459,840.5098033347502,842.6463890094459,0
2021-10-13,841.1741943359375,843.6220644951327,840.6106163599845,843.6220644951327,0
2021-10-14,841.1827392578125,843.0417715945914,841.1743192157447,843.0417715945914,0
2021-10-18,841.1741943359375,842.023796991132,839.7525936639723,841.1826143767553,0
2021-10-19,841.1741943359375,841.5947856431259,840.5685674976081,841.1826143767553,0
2021-10-20,841.1741943359375,842.8649796055088,840.5517274159727,842.7051528551086,0
2021-10-21,841.1741943359375,848.6691601813933,838.7936331615718,848.6691601813933,0
2021-10-22,841.1827392578125,843.0333515525236,840.7705679302513,843.0333515525236,0
2021-10-25,841.1827392578125,843.6221897383481,840.7705679302513,842.0239219970704,0
2021-10-26,841.1741943359375,843.0332263967266,841.1741943359375,843.0332263967266,0
2021-10-27,841.1827392578125,842.755746872887,840.7705679302513,841.1827392578125,0
2021-10-28,841.1827392578125,843.857694207646,838.7937576879635,843.857694207646,0
2021-10-29,843.0267333984375,844.8814025027677,841.5935776608064,844.8814025027677,0
2021-11-01,843.0181884765625,843.7600560246418,842.4786390862753,843.7600560246418,0
2021-11-02,843.0181884765625,844.8812958457127,841.5934714188033,844.8812958457127,0
2021-11-03,843.0354614257812,844.5444612732701,841.5938666930401,843.0185844199513,0
2021-11-04,843.0181884765625,848.6749156671025,840.7925858323242,848.6749156671025,0
2021-11-08,843.0181884765625,844.8812958457127,840.7925858323242,844.8812958457127,0
2021-11-09,843.0181884765625,844.8812958457127,842.1836003485386,844.8812958457127,0
2021-11-10,843.0267333984375,843.869760131836,841.5935776608064,843.869760131836,0
2021-11-11,843.0267333984375,845.4715315070003,835.532213389501,845.4715315070003,0
2021-11-12,843.0181884765625,844.9655779267055,842.613552160978,844.9655779267055,0
2021-11-15,843.0181884765625,843.8696536024896,840.6324087150284,843.8696536024896,0
2021-11-16,843.0267333984375,845.4715315070003,841.5345596149564,843.0182948984205,0
2021-11-17,843.0354614257812,843.8700499457891,841.5938666930401,843.8700499457891,0
2021-11-18,843.0267333984375,844.9656845944002,841.5935776608064,844.9656845944002,0
2021-11-22,843.0267333984375,845.7075522361323,834.5964660644531,845.7075522361323,0
2021-11-23,843.0181884765625,844.9655779267055,841.5934714188033,844.9655779267055,0
2021-11-24,843.0267333984375,844.7127868652343,842.4619198942556,844.7127868652343,0
2021-11-25,843.0267333984375,845.4715315070003,840.6325148357079,845.4715315070003,0
2021-11-26,843.0267333984375,844.9656845944002,842.4534813942388,844.9656845944002,0
2021-11-29,843.0181884765625,843.4481402890019,842.487077585227,843.4481402890019,0
2021-11-30,844.796142578125,846.7476391390131,843.3684207435165,846.7476391390131,0
2021-12-01,844.796142578125,852.323380429251,844.2639115558119,852.323380429251,0
2021-12-02,844.796142578125,846.7476391390131,844.508937889665,846.7476391390131,0
2021-12-03,844.796142578125,846.7476391390131,844.230137934458,846.7476391390131,0
2021-12-06,844.8046264648438,846.7476667931564,843.368448287297,846.7476667931564,0
2021-12-07,844.796142578125,846.7476391390131,844.796142578125,846.7476391390131,0
2021-12-08,844.796142578125,847.4910713110448,842.4053311257326,847.4910713110448,0
2021-12-09,844.796142578125,846.7476391390131,844.3906528707553,846.7476391390131,0
2021-12-10,844.8046264648438,846.7476667931564,843.368448287297,846.7476667931564,0
2021-12-13,844.796142578125,846.7476391390131,843.2585920206404,846.7476391390131,0
2021-12-14,844.8046264648438,846.4435495026969,842.5236436608322,842.5236436608322,0
2021-12-15,844.8046264648438,846.7476667931564,843.115017211914,846.7476667931564,0
2021-12-16,844.796142578125,846.7476391390131,844.2554552597783,846.7476391390131,0
2021-12-17,844.8046264648438,847.5924714196212,844.796170168534,847.5924714196212,0
2021-12-20,844.8046264648438,846.7476667931564,844.3906804479212,846.7476667931564,0
2021-12-21,844.796142578125,846.7476391390131,844.2554552597783,846.7476391390131,0
2021-12-22,844.796142578125,846.494208071907,842.5236161446423,846.494208071907,0
2021-12-23,844.796142578125,846.4435218584858,844.2554552597783,846.4435218584858,0
2021-12-24,844.8046264648438,846.7476667931564,844.2301655063816,846.7476667931564,0
2021-12-27,844.796142578125,846.7476391390131,843.3684207435165,846.7476391390131,0
2021-12-28,844.796142578125,846.7476391390131,844.7201390393835,846.7476391390131,0
2021-12-29,844.8046264648438,846.578695555307,844.7201666273103,846.578695555307,0
2021-12-30,844.8046264648438,846.7476667931564,844.7201666273103,846.7476667931564,0
2021-12-31,846.517333984375,848.4643135190755,845.9417083973437,848.4643135190755,0
2022-01-03,846.5086669921875,848.4641195198894,845.5436250519434,848.4641195198894,0
2022-01-04,846.5086669921875,848.2101747112215,845.078050958168,846.5425607448805,0
2022-01-05,846.5086669921875,847.7869161410063,845.078050958168,847.7869161410063,0
2022-01-06,846.5086669921875,848.1678591876612,845.9245680985983,847.3636575707911,0
2022-01-07,846.517333984375,848.4643135190755,846.1025487574935,848.4643135190755,0
2022-01-10,846.5086669921875,846.9319255624026,845.9668836221587,846.5171404303608,0
2022-01-11,846.517333984375,847.3638513183594,845.840130450651,847.3638513183594,0
2022-01-12,846.517333984375,848.4643135190755,845.9670770503581,848.4643135190755,0
2022-01-13,846.5086669921875,848.4641195198894,846.5086669921875,848.4641195198894,0
2022-01-14,846.5086669921875,849.0143763280915,846.5086669921875,849.0143763280915,0
2022-01-17,846.5086669921875,847.2028172474171,845.078050958168,846.5171404303608,0
2022-01-18,846.517333984375,848.2103686523437,845.9670770503581,848.2103686523437,0
2022-01-19,846.5086669921875,848.4641195198894,846.5086669921875,848.4641195198894,0
2022-01-20,846.5086669921875,848.4641195198894,845.9668836221587,848.4641195198894,0
2022-01-21,846.517333984375,848.2103686523437,845.9670770503581,848.2103686523437,0
2022-01-24,846.517333984375,848.2103686523437,845.9247615171224,848.2103686523437,0
2022-01-25,846.5086669921875,848.4641195198894,845.078050958168,848.4641195198894,0
2022-01-27,846.517333984375,846.5258074244857,845.9670770503581,846.517333984375,0
2022-01-28,846.517333984375,848.4558400789648,845.9670770503581,846.517333984375,0
2022-01-31,848.5408935546875,850.4925272516981,847.9893212575466,850.4925272516981,0
2022-02-01,848.5322875976562,850.492414730808,848.5322875976562,850.492414730808,0
2022-02-02,848.5322875976562,848.5492749863442,847.972273469964,848.5407812920002,0
2022-02-03,848.5408935546875,848.5493872501553,848.5323998592198,848.5408935546875,0
2022-02-04,848.5408935546875,856.0929282236547,848.1251168033779,856.0929282236547,0
2022-02-07,848.5408935546875,850.4501105651856,847.0559469909668,850.4501105651856,0
2022-02-08,848.5322875976562,851.5955073883238,847.9892090678328,851.5955073883238,0
2022-02-09,848.5322875976562,851.2221473729226,847.1406682865409,851.2221473729226,0
2022-02-10,848.5322875976562,856.0928149618268,848.5237939033123,856.0928149618268,0
2022-02-11,848.5408935546875,850.4501105651856,847.9893212575466,850.4501105651856,0
2022-02-14,848.5408935546875,851.2562347722277,847.1407803639919,851.2562347722277,0
2022-02-15,848.5322875976562,850.4499980499073,848.5322875976562,850.4499980499073,0
2022-02-16,848.5408935546875,850.4501105651856,846.5043746938259,846.5043746938259,0
2022-02-17,848.5408935546875,851.2562347722277,847.946904571034,851.2562347722277,0
2022-02-18,848.5408935546875,850.2379753417969,847.946904571034,850.2379753417969,0
2022-02-21,848.5408935546875,851.2392473812923,848.1590397944227,851.2392473812923,0
2022-02-22,848.5408935546875,848.5493872501553,848.1251168033779,848.5408935546875,0
2022-02-23,848.5408935546875,850.2379753417969,847.9893212575466,850.2379753417969,0
2022-02-24,848.5322875976562,850.4499980499073,847.7007342050523,847.7007342050523,0
2022-02-25,848.5408935546875,848.5493872501553,847.9893212575466,848.5408935546875,0
2022-02-28,848.601318359375,848.6098126596809,848.1855120005011,848.601318359375,0
2022-03-02,848.5927734375,851.3168021529607,846.3100339555062,851.3168021529607,0
2022-03-03,848.5927734375,851.2828249537642,848.0496561954656,850.5106205897081,0
2022-03-04,848.601318359375,850.5106713256836,848.2194374072105,850.5106713256836,0
2022-03-07,848.5927734375,850.8076103156118,847.1162155187588,850.8076103156118,0
2022-03-08,848.5927734375,849.4498690050365,847.9648167864962,849.4498690050365,0
2022-03-09,848.5927734375,849.4498690050365,848.5927734375,848.5927734375,0
2022-03-10,848.5927734375,856.1538397379655,846.3524536599909,856.1538397379655,0
2022-03-11,848.601318359375,851.2828757358045,846.1912678256482,851.2828757358045,0
2022-03-14,848.601318359375,849.4499196777344,846.3525041479171,849.4499196777344,0
2022-03-15,848.601318359375,850.8076610693038,846.3100844409018,850.8076610693038,0
2022-03-16,848.5927734375,850.2136308638044,848.0496561954656,850.2136308638044,0
2022-03-17,848.601318359375,850.2985209960938,846.1912678256482,847.7527170410157,0
2022-03-21,848.5927734375,850.8076103156118,848.0496561954656,850.8076103156118,0
2022-03-22,848.5927734375,851.2828249537642,848.0496561954656,851.2828249537642,0
2022-03-23,848.601318359375,850.8076610693038,846.3100844409018,850.8076610693038,0
2022-03-24,848.601318359375,851.2828757358045,846.1912678256482,846.1912678256482,0
2022-03-25,848.601318359375,851.2828757358045,846.1912678256482,851.2828757358045,0
2022-03-28,848.601318359375,850.2645955893845,848.0497067846358,850.2645955893845,0
2022-03-29,848.601318359375,850.2561012890786,848.5928240590691,850.2561012890786,0
2022-03-30,848.601318359375,850.2391126884669,848.5928240590691,850.2391126884669,0
2022-03-31,850.5700073242188,853.257785704907,850.1532363269775,853.257785704907,0
2022-04-01,850.5700073242188,858.1401011552736,850.0171160535887,858.1401011552736,0
2022-04-04,850.5615844726562,851.4206685784696,848.8689582830297,851.4206685784696,0
2022-04-05,850.5615844726562,853.2578771487277,850.5615844726562,853.2578771487277,0
2022-04-06,850.5700073242188,850.5785213306397,850.2553005746827,850.5785213306397,0
2022-04-07,850.5615844726562,853.2578771487277,850.5615844726562,853.2578771487277,0
2022-04-08,850.5700073242188,853.257785704907,850.0171160535887,850.0171160535887,0
2022-04-11,850.5700073242188,853.257785704907,850.0171160535887,853.257785704907,0
2022-04-12,850.5700073242188,850.5785213306397,850.1532363269775,850.1532363269775,0
2022-04-13,850.5700073242188,852.7814685773924,850.1702643398195,852.7814685773924,0
2022-04-18,850.5615844726562,850.9868695218962,850.5615844726562,850.5700984799896,0
2022-04-19,850.5700073242188,850.5785213306397,850.2382725618406,850.5614933177977,0
2022-04-20,850.5700073242188,850.5785213306397,850.5614933177977,850.5700073242188,0
2022-04-21,850.5615844726562,853.2578771487277,850.0172071501062,853.2578771487277,0
2022-04-22,850.5700073242188,852.2711473388672,850.5614933177977,852.2711473388672,0
2022-04-25,850.5700073242188,852.2711473388672,850.3233607113771,852.2711473388672,0
2022-04-26,850.5615844726562,852.2712386769497,850.0172071501062,852.2712386769497,0
2022-04-27,850.5615844726562,852.2712386769497,850.5615844726562,852.2712386769497,0
2022-04-28,850.5700073242188,850.5785213306397,850.0171160535887,850.0171160535887,0
2022-04-29,852.42138671875,853.4101726351679,852.4043216421604,853.4101726351679,0
2022-05-02,852.4126586914062,852.4297237640822,851.8670966423819,852.4211912277442,0
2022-05-04,852.42138671875,854.1262294921875,851.8672920063138,854.1262294921875,0
2022-05-05,852.4126586914062,855.1148192998531,852.0461238224975,855.1148192998531,0
2022-05-06,852.42138671875,855.1150154086054,851.8672920063138,855.1150154086054,0
2022-05-09,852.42138671875,853.2738081054688,852.4128541804553,853.2738081054688,0
2022-05-10,852.42138671875,855.1150154086054,851.8672920063138,855.1150154086054,0
2022-05-11,852.4126586914062,854.1260336101997,851.8670966423819,851.8670966423819,0
2022-05-12,852.42138671875,855.1150154086054,852.4128541804553,852.4299192570448,0
2022-05-13,852.42138671875,855.1150154086054,850.8529084750116,852.42138671875,0
2022-05-16,852.42138671875,854.1262294921875,851.8672920063138,854.1262294921875,0
2022-05-17,852.4126586914062,855.1148192998531,852.0972670128648,855.1148192998531,0
2022-05-18,852.42138671875,854.6376615131497,851.9440328232944,854.1262294921875,0
2022-05-19,852.42138671875,854.1262294921875,852.020773640275,854.1262294921875,0
2022-05-20,852.4126586914062,852.4297237640822,852.0205782411442,852.0205782411442,0
2022-05-23,852.4126586914062,855.1148192998531,851.952369978101,855.1148192998531,0
2022-05-24,852.42138671875,852.4299192570448,851.9525653615892,852.42138671875,0
2022-05-25,852.42138671875,854.6376615131497,850.1198385690749,854.6376615131497,0
2022-05-26,852.4126586914062,852.7621805152995,852.0035131684683,852.7621805152995,0
2022-05-27,852.42138671875,852.4299192570448,852.4128541804553,852.42138671875,0
2022-05-30,852.4126586914062,854.637465513872,852.0205782411442,854.637465513872,0
2022-05-31,854.78076171875,857.4904292484657,854.78076171875,857.4904292484657,0
2022-06-01,854.789306640625,856.4134271921217,854.2336727224291,854.789306640625,0
2022-06-02,854.78076171875,856.8835622229221,854.78076171875,856.8835622229221,0
2022-06-03,854.78076171875,854.7978742002131,854.78076171875,854.7893179594815,0
2022-06-06,854.78076171875,856.464723804674,854.5328915985336,856.464723804674,0
2022-06-07,854.789306640625,857.4904178938419,854.2336727224291,854.2336727224291,0
2022-06-08,854.789306640625,857.4904178938419,854.7636379187703,857.4904178938419,0
2022-06-09,854.789306640625,855.5586378854812,853.2164713606387,855.5586378854812,0
2022-06-10,854.78076171875,855.1996001369982,854.5756206299917,855.1996001369982,0
2022-06-13,854.789306640625,857.4904178938419,854.4559262897075,857.4904178938419,0
2022-06-14,854.78076171875,854.7978742002131,854.3448108190388,854.7978742002131,0
2022-06-15,854.78076171875,854.7978742002131,853.9345286415221,853.9345286415221,0
2022-06-16,854.789306640625,856.4988852539062,853.0797280273438,856.4988852539062,0
2022-06-17,854.78076171875,854.7978742002131,854.78076171875,854.7893179594815,0
2022-06-20,854.78076171875,856.4988965954005,854.4046523319598,854.7978742002131,0
2022-06-21,854.78076171875,854.7978742002131,854.7636492372869,854.7893179594815,0
2022-06-22,854.789306640625,854.7978628812433,854.6183383448571,854.6183383448571,0
2022-06-23,854.789306640625,857.4904178938419,853.2164713606387,854.7978628812433,0
2022-06-24,854.78076171875,854.7978742002131,854.78076171875,854.7978742002131,0
2022-06-27,854.78076171875,854.7978742002131,853.2164826586683,854.7893179594815,0
2022-06-28,854.789306640625,857.011737969011,854.7465776097328,857.011737969011,0
2022-06-29,854.789306640625,857.011737969011,852.4813650782555,852.4813650782555,0
2022-06-30,857.1087036132812,858.8229210205078,857.100124156043,858.8229210205078,0
2022-07-01,857.1087036132812,858.8229210205078,857.100124156043,858.8229210205078,0
2022-07-04,857.0999755859375,858.822772151772,857.0999755859375,858.822772151772,0
2022-07-05,857.1087036132812,859.8171440986432,856.5515620304272,857.1172830705196,0
2022-07-06,857.0999755859375,858.822772151772,856.5514135554098,858.822772151772,0
2022-07-07,857.0999755859375,858.822772151772,857.0999755859375,857.1171344974399,0
2022-07-08,857.1087036132812,859.8171440986432,855.5316005805769,859.8171440986432,0
2022-07-11,857.0999755859375,858.822772151772,856.6371557991666,858.822772151772,0
2022-07-12,857.0999755859375,857.1171344974399,856.5514135554098,857.1171344974399,0
2022-07-13,857.0999755859375,859.8169950575684,856.5514135554098,859.8169950575684,0
2022-07-14,857.1087036132812,858.8057621060312,857.100124156043,857.1172830705196,0
2022-07-15,857.0999755859375,857.1171344974399,856.5514135554098,857.1085550416886,0
2022-07-18,857.0999755859375,859.3370163592953,856.688580219919,859.3370163592953,0
2022-07-19,857.0999755859375,858.822772151772,856.7914290614236,857.1085550416886,0
2022-07-20,857.1087036132812,857.1172830705196,857.100124156043,857.1172830705196,0
2022-07-21,857.1087036132812,859.8171440986432,856.5515620304272,856.5515620304272,0
2022-07-22,857.1087036132812,858.5229538997487,856.894426437378,858.5229538997487,0
2022-07-25,857.0999755859375,857.1171344974399,856.5514135554098,857.1085550416886,0
2022-07-26,857.0999755859375,857.9656635967303,856.688580219919,857.9656635967303,0
2022-07-27,857.0999755859375,857.9656635967303,857.0999755859375,857.9656635967303,0
2022-07-28,857.0999755859375,857.1171344974399,856.5514135554098,857.1085550416886,0
2022-07-29,859.9845581054688,859.9931663493364,851.384712524414,859.9845581054688,0
2022-08-01,859.9758911132812,859.9931075998406,858.6945226075261,858.6945226075261,0
2022-08-02,859.9758911132812,859.9931075998406,859.9758911132812,859.9931075998406,0
2022-08-03,859.9845581054688,862.7020862137936,859.975949861601,862.7020862137936,0
2022-08-04,859.9845581054688,859.9931663493364,859.975949861601,859.9845581054688,0
2022-08-05,859.9758911132812,861.7044683552741,859.9758911132812,861.7044683552741,0
2022-08-08,859.9845581054688,859.9931663493364,859.975949861601,859.975949861601,0
2022-08-10,859.9845581054688,859.9931663493364,859.975949861601,859.9931663493364,0
2022-08-11,859.9845581054688,859.9931663493364,859.975949861601,859.9931663493364,0
2022-08-12,859.9845581054688,859.9931663493364,859.975949861601,859.9845581054688,0
2022-08-16,859.9845581054688,862.7020862137936,859.975949861601,862.7020862137936,0
2022-08-17,859.9845581054688,862.7020862137936,859.975949861601,862.7020862137936,0
2022-08-18,859.9845581054688,859.9931663493364,859.975949861601,859.9845581054688,0
2022-08-19,859.9929809570312,860.1993688081981,859.9757644730072,859.9929809570312,0
2022-08-22,859.9845581054688,859.9931663493364,859.975949861601,859.975949861601,0
2022-08-23,859.9758911132812,859.9931075998406,859.9758911132812,859.984499356561,0
2022-08-24,859.9758911132812,859.9931075998406,859.9758911132812,859.984499356561,0
2022-08-25,859.9845581054688,859.9931663493364,859.975949861601,859.9931663493364,0
2022-08-26,859.9845581054688,862.4011126141734,859.975949861601,862.4011126141734,0
2022-08-29,859.9845581054688,859.9931663493364,859.975949861601,859.9931663493364,0
2022-08-30,863.2194213867188,863.2367028078838,862.8050887768352,863.2367028078838,0
2022-09-01,863.2279052734375,864.0479823208973,861.5014494628906,863.2279052734375,0
2022-09-02,863.2279052734375,863.2365459824503,863.2192645644247,863.2365459824503,0
2022-09-05,863.2194213867188,863.2367028078838,862.6669427820342,863.2367028078838,0
2022-09-06,863.2194213867188,863.2367028078838,863.2194213867188,863.2367028078838,0
2022-09-07,863.2279052734375,864.9543610839844,862.6667860601098,864.9543610839844,0
2022-09-08,863.2194213867188,863.2367028078838,863.2194213867188,863.2367028078838,0
2022-09-09,863.2279052734375,863.2365459824503,863.2192645644247,863.2365459824503,0
2022-09-12,863.2194213867188,863.2367028078838,863.2194213867188,863.2280620973013,0
2022-09-13,863.2279052734375,864.0479823208973,862.8049320298136,864.0479823208973,0
2022-09-14,863.2279052734375,863.2365459824503,861.5014494628906,863.2279052734375,0
2022-09-15,863.2279052734375,863.2365459824503,863.2192645644247,863.2279052734375,0
2022-09-16,863.2279052734375,864.9543610839844,863.2192645644247,863.2192645644247,0
2022-09-19,863.2279052734375,863.2365459824503,863.2192645644247,863.2365459824503,0
2022-09-20,863.2194213867188,863.6510354177674,863.2194213867188,863.2280620973013,0
2022-09-21,863.2279052734375,863.2365459824503,863.2192645644247,863.2192645644247,0
2022-09-22,863.2194213867188,863.2367028078838,863.2194213867188,863.2280620973013,0
2022-09-23,863.2279052734375,863.5645768014342,862.8912337454409,863.5645768014342,0
2022-09-26,863.2279052734375,863.2365459824503,863.2192645644247,863.2279052734375,0
2022-09-27,863.2194213867188,863.2367028078838,863.2194213867188,863.2367028078838,0
2022-09-28,863.2279052734375,863.2365459824503,863.2192645644247,863.2365459824503,0
2022-09-29,863.2279052734375,863.2365459824503,863.2192645644247,863.2279052734375,0
2022-09-30,866.3331909179688,866.367825209964,866.1599137044288,866.1599137044288,0
2022-10-03,866.3331909179688,866.341862710163,866.3245191257745,866.3331909179688,0
2022-10-04,866.3331909179688,866.341862710163,866.3245191257745,866.341862710163,0
2022-10-06,866.3414916992188,866.5494031157159,866.3241481222576,866.3414916992188,0
2022-10-07,866.3331909179688,866.341862710163,866.3245191257745,866.3331909179688,0
2022-10-10,866.3241577148438,866.3415012919968,859.1855836600171,866.3328295034203,0
2022-10-11,866.3331909179688,866.341862710163,866.3245191257745,866.341862710163,0
2022-10-12,866.3241577148438,866.3415012919968,866.3241577148438,866.3328295034203,0
2022-10-13,866.3241577148438,866.3415012919968,866.3241577148438,866.3415012919968,0
2022-10-14,866.3241577148438,866.3415012919968,866.3241577148438,866.3415012919968,0
2022-10-17,866.3241577148438,867.1558562668005,866.3241577148438,867.1558562668005,0
2022-10-18,866.3241577148438,866.3415012919968,866.1162462960444,866.3415012919968,0
2022-10-19,866.3241577148438,866.3415012919968,866.3241577148438,866.3415012919968,0
2022-10-20,866.3331909179688,866.5497742156983,864.6005245361329,866.3331909179688,0
2022-10-21,866.3241577148438,868.0654951624272,866.3241577148438,866.3415012919968,0
2022-10-24,866.3241577148438,868.0654951624272,864.6001638444135,866.3328295034203,0
2022-10-25,866.3241577148438,868.0654951624272,866.3241577148438,868.0654951624272,0
2022-10-27,866.3241577148438,866.3415012919968,866.1162462960444,866.3241577148438,0
2022-10-28,866.3331909179688,866.341862710163,866.3245191257745,866.341862710163,0
2022-10-31,870.26611328125,872.0153741773294,870.26611328125,872.0153741773294,0
2022-11-01,870.26611328125,870.2835357752957,870.26611328125,870.2835357752957,0
2022-11-02,870.2747802734375,870.2834915200174,870.2660690268576,870.2834915200174,0
2022-11-03,870.2747802734375,870.2834915200174,869.404505493164,870.2747802734375,0
2022-11-04,870.2747802734375,870.2834915200174,870.2660690268576,870.2834915200174,0
2022-11-07,870.2747802734375,870.2834915200174,870.0572115783691,870.2747802734375,0
2022-11-09,870.2747802734375,870.2834915200174,870.2660690268576,870.2747802734375,0
2022-11-10,870.2747802734375,870.2834915200174,852.8692846679687,870.2834915200174,0
2022-11-11,870.2747802734375,870.2834915200174,870.2660690268576,870.2834915200174,0
2022-11-14,870.2747802734375,870.2834915200174,870.2660690268576,870.2834915200174,0
2022-11-15,870.2747802734375,870.2834915200174,870.2660690268576,870.2747802734375,0
2022-11-16,870.2747802734375,870.7012064169944,870.2660690268576,870.7012064169944,0
2022-11-17,870.26611328125,870.2835357752957,870.26611328125,870.2835357752957,0
2022-11-18,870.2747802734375,870.2834915200174,870.2660690268576,870.2834915200174,0
2022-11-21,870.2747802734375,872.0153298339844,870.2660690268576,872.0153298339844,0
2022-11-22,870.2747802734375,872.0153298339844,870.2660690268576,872.0153298339844,0
2022-11-23,870.2747802734375,870.2834915200174,870.2660690268576,870.2834915200174,0
2022-11-24,870.2747802734375,870.2834915200174,870.2660690268576,870.2660690268576,0
2022-11-25,870.2747802734375,872.0153298339844,870.2660690268576,870.2747802734375,0
2022-11-28,870.2747802734375,870.2834915200174,870.2660690268576,870.2834915200174,0
2022-11-29,870.2747802734375,872.0153298339844,870.2660690268576,870.2660690268576,0
2022-11-30,873.7113037109375,873.7200493563116,873.7025580655635,873.7200493563116,0
2022-12-01,873.7113037109375,873.7200493563116,873.7025580655635,873.7200493563116,0
2022-12-02,873.7113037109375,873.7200493563116,873.7025580655635,873.7200493563116,0
2022-12-05,873.70263671875,873.7201280110728,873.70263671875,873.70263671875,0
2022-12-06,873.7113037109375,874.139413717419,873.7025580655635,874.139413717419,0
2022-12-07,873.70263671875,873.7201280110728,873.70263671875,873.7201280110728,0
2022-12-08,873.70263671875,873.7201280110728,873.70263671875,873.7113823649114,0
2022-12-09,873.7113037109375,873.7200493563116,873.7025580655635,873.7113037109375,0
2022-12-12,873.70263671875,874.1394924099325,873.70263671875,873.70263671875,0
2022-12-13,873.7113037109375,873.7200493563116,872.8375924072266,873.7200493563116,0
2022-12-14,873.7113037109375,873.7200493563116,873.7025580655635,873.7200493563116,0
2022-12-15,873.70263671875,873.7201280110728,873.70263671875,873.7201280110728,0
2022-12-16,873.7113037109375,873.7200493563116,873.7025580655635,873.7200493563116,0
2022-12-19,873.7113037109375,873.7200493563116,873.2831937044562,873.7113037109375,0
2022-12-20,873.70263671875,873.7201280110728,872.8376709825465,872.8376709825465,0
2022-12-21,873.7113037109375,873.7200493563116,873.7025580655635,873.7200493563116,0
2022-12-22,873.7113037109375,874.5850150146484,873.7025580655635,874.5850150146484,0
2022-12-23,873.70263671875,873.7201280110728,873.70263671875,873.7113823649114,0
2022-12-26,873.7113037109375,875.4587263183594,871.5707003514245,875.4587263183594,0
2022-12-27,873.7113037109375,873.7200493563116,873.7025580655635,873.7113037109375,0
2022-12-28,873.7113037109375,873.7200493563116,873.7025580655635,873.7200493563116,0
2022-12-29,873.7113037109375,873.7200493563116,873.7025580655635,873.7200493563116,0
2022-12-30,877.6156616210938,879.3708929443359,877.6068768940121,877.6156616210938,0
2023-01-02,877.6156616210938,879.3708929443359,877.3962577056884,879.3708929443359,0
2023-01-03,877.6156616210938,879.3708929443359,877.6068768940121,879.3708929443359,0
2023-01-04,877.6156616210938,877.6244463481754,877.6068768940121,877.6156616210938,0
2023-01-05,877.6156616210938,877.6244463481754,877.6068768940121,877.6244463481754,0
2023-01-06,877.6156616210938,878.063254178986,877.6068768940121,877.6244463481754,0
2023-01-09,877.60693359375,877.6245030490484,867.0843297015424,877.60693359375,0
2023-01-10,877.60693359375,877.6245030490484,877.60693359375,877.60693359375,0
2023-01-11,877.60693359375,877.6245030490484,877.60693359375,877.6157183213992,0
2023-01-12,877.6156616210938,879.3708929443359,851.2871917724609,851.2871917724609,0
2023-01-13,877.6156616210938,877.6244463481754,877.6068768940121,877.6156616210938,0
2023-01-16,877.6156616210938,877.6244463481754,877.5279214810952,877.5279214810952,0
2023-01-17,877.6156616210938,877.6244463481754,877.6068768940121,877.6244463481754,0
2023-01-18,877.60693359375,877.6245030490484,877.60693359375,877.6245030490484,0
2023-01-19,877.6156616210938,877.6244463481754,877.6068768940121,877.6068768940121,0
2023-01-20,877.60693359375,878.1861899644731,877.60693359375,877.6245030490484,0
2023-01-23,877.60693359375,877.6245030490484,876.746887330727,876.746887330727,0
2023-01-24,877.60693359375,877.6245030490484,877.60693359375,877.6245030490484,0
2023-01-25,877.60693359375,878.449463966887,876.7381026030778,876.7381026030778,0
2023-01-27,877.6156616210938,877.6244463481754,877.6068768940121,877.6156616210938,0
2023-01-30,877.6156616210938,877.6244463481754,877.6068768940121,877.6068768940121,0
2023-01-31,881.3129272460938,907.7614015423494,881.3129272460938,907.7614015423494,0
2023-02-01,881.3217163085938,881.3305381324143,879.5590728759767,881.3305381324143,0
2023-02-02,881.3217163085938,881.3305381324143,881.3128944847733,881.3217163085938,0
2023-02-03,881.3217163085938,907.7613677978516,879.5590728759767,907.7613677978516,0
2023-02-06,881.3217163085938,882.2030380249024,881.3128944847733,882.2030380249024,0
2023-02-07,881.3217163085938,881.8945969408378,881.3128944847733,881.8945969408378,0
2023-02-08,881.3217163085938,881.3305381324143,881.3128944847733,881.3305381324143,0
2023-02-09,881.3217163085938,881.3305381324143,881.3128944847733,881.3217163085938,0
2023-02-10,881.3217163085938,881.3305381324143,854.8820648193359,854.8820648193359,0
2023-02-13,881.3217163085938,881.3305381324143,879.1184120178223,879.1184120178223,0
2023-02-14,881.3129272460938,881.8946297237821,879.1184446975666,881.3217490702422,0
2023-02-15,881.3129272460938,881.3305708943906,881.1014186329746,881.3217490702422,0
2023-02-16,881.3129272460938,881.3305708943906,881.3041054219453,881.3129272460938,0
2023-02-17,881.3217163085938,883.5250205993652,879.9997337341309,883.084359741211,0
2023-02-20,881.3129272460938,881.3305708943906,879.5591055721017,881.3217490702422,0
2023-02-21,881.3217163085938,907.7613677978516,880.4492164161056,907.7613677978516,0
2023-02-22,881.3217163085938,881.3305381324143,881.3128944847733,881.3217163085938,0
2023-02-23,881.3129272460938,903.3547927969983,879.5767492203985,903.3547927969983,0
2023-02-24,881.3217163085938,881.3305381324143,879.6031282034703,881.3305381324143,0
2023-02-27,881.3217163085938,907.7613677978516,879.6031282034703,907.7613677978516,0
2023-02-28,885.15478515625,885.1725057175113,885.15478515625,885.1725057175113,0
2023-03-01,885.1636352539062,911.7185443115235,884.2784716186524,911.7185443115235,0
2023-03-02,885.1636352539062,885.1724955344349,885.1547749733776,885.1636352539062,0
2023-03-03,885.1636352539062,885.1724955344349,885.1547749733776,885.1724955344349,0
2023-03-06,885.1636352539062,886.6241768625156,883.4818027364836,886.6241768625156,0
2023-03-08,885.15478515625,886.8454779736513,858.6087360737743,886.8454779736513,0
2023-03-09,885.1636352539062,885.1724955344349,884.287331899181,885.1636352539062,0
2023-03-10,885.1636352539062,886.6241768625156,885.1547749733776,886.6241768625156,0
2023-03-13,885.1636352539062,885.1724955344349,885.1547749733776,885.1636352539062,0
2023-03-14,885.15478515625,885.1725057175113,884.4112779486999,885.15478515625,0
2023-03-15,885.15478515625,886.5356382820876,884.2873420720744,884.5882674569061,0
2023-03-16,885.1636352539062,885.1724955344349,885.1547749733776,885.1636352539062,0
2023-03-17,885.15478515625,885.1725057175113,885.15478515625,885.1725057175113,0
2023-03-20,885.1636352539062,885.1724955344349,884.287331899181,885.1724955344349,0
2023-03-21,885.15478515625,885.1725057175113,883.526114303263,885.1725057175113,0
2023-03-22,885.1636352539062,886.0045515126177,885.1547749733776,885.1547749733776,0
2023-03-23,885.1636352539062,885.1724955344349,858.6087261962891,883.4818027364836,0
2023-03-24,885.1636352539062,886.9339625244141,885.1547749733776,886.9339625244141,0
2023-03-27,885.15478515625,886.6241870622921,884.2873420720744,885.6062272595991,0
2023-03-28,885.1636352539062,886.9339625244141,883.4906630170123,885.1547749733776,0
2023-03-29,885.15478515625,885.1725057175113,885.1459248756195,885.1725057175113,0
2023-03-31,889.3946533203125,889.6080972150913,888.5941844310936,889.385750777397,0
2023-04-03,889.3858032226562,889.3947057660968,887.749309459854,889.3947057660968,0
2023-04-05,889.3858032226562,890.2484813955575,887.8293780670166,889.3947057660968,0
2023-04-06,889.3858032226562,890.8977699448951,889.3769006792159,889.3858032226562,0
2023-04-10,889.376953125,889.3947582129309,887.7405135494997,889.3858556689654,0
2023-04-11,889.376953125,889.3947582129309,888.6565527532604,889.376953125,0
2023-04-12,889.3858032226562,889.3947057660968,888.6031393731162,889.3858032226562,0
2023-04-13,889.3858032226562,889.3947057660968,889.3769006792159,889.3858032226562,0
2023-04-17,889.376953125,916.0674313390344,889.376953125,890.1863246525894,0
2023-04-18,889.3858032226562,889.3947057660968,888.2118074483461,888.9855687544458,0
2023-04-19,889.3858032226562,890.230730592478,889.3769006792159,889.3947057660968,0
2023-04-20,889.376953125,889.3947582129309,888.7188162772137,889.3858556689654,0
2023-04-21,889.3858032226562,889.3947057660968,887.607031616211,888.6298470034376,0
2023-04-24,889.3858032226562,889.3947057660968,888.8521934542432,889.3858032226562,0
2023-04-25,889.376953125,889.9639781886722,888.4964698132965,889.3858556689654,0
2023-04-26,889.3858032226562,889.3947057660968,888.8521934542432,889.3413447892555,0
2023-04-27,889.376953125,889.3947582129309,889.3680505810346,889.3680505810346,0
2023-04-28,893.3838500976562,893.3927926606088,893.3749075347035,893.3838500976562,0
2023-05-02,893.3748779296875,920.185335107114,893.3659353670312,920.185335107114,0
2023-05-03,893.3838500976562,893.3927926606088,892.713812210083,893.3749075347035,0
2023-05-04,893.3838500976562,893.9645714113489,892.713812210083,893.3838500976562,0
2023-05-05,893.3838500976562,893.9645714113489,893.3749075347035,893.3838500976562,0
2023-05-08,893.3838500976562,893.3927926606088,893.3659649717509,893.3927926606088,0
2023-05-09,893.3838500976562,894.0896037092172,893.3749075347035,894.0896037092172,0
2023-05-10,893.3748779296875,893.392763055,892.8478120111768,893.392763055,0
2023-05-11,893.3838500976562,894.8847284224815,893.3659649717509,894.8847284224815,0
2023-05-12,893.3838500976562,893.9645714113489,892.8478415987267,893.3838500976562,0
2023-05-15,893.3748779296875,893.9645417867922,892.8924702966372,893.3838204923437,0
2023-05-16,893.3838500976562,894.9026135483867,892.892499885667,892.892499885667,0
2023-05-17,893.3838500976562,920.1853656005859,892.8478415987267,920.1853656005859,0
2023-05-18,893.3748779296875,893.9645417867922,892.8478120111768,892.8478120111768,0
2023-05-19,893.3838500976562,893.7412254488244,893.3749075347035,893.3838500976562,0
2023-05-22,893.3748779296875,893.9198289735108,893.3748779296875,893.3838204923437,0
2023-05-23,893.3748779296875,920.185335107114,893.3748779296875,920.185335107114,0
2023-05-24,893.3838500976562,893.3927926606088,893.3749075347035,893.3749075347035,1183731
2023-05-25,893.3838500976562,894.0985462721698,893.3749075347035,893.3838500976562,1412309
2023-05-26,893.3838500976562,893.3927926606088,876.4095569458008,893.3838500976562,1718450
2023-05-29,893.3748779296875,893.9645417867922,893.3748779296875,893.3838204923437,1383559
2023-05-30,893.3838500976562,893.3927926606088,893.3749075347035,893.3927926606088,1400346
2023-05-31,898.1329956054688,898.7527095651441,897.8725567711108,898.7527095651441,1789706
2023-06-01,898.1329956054688,898.4024245406129,898.1240055046827,898.1419857062549,2134915
2023-06-02,898.1329956054688,898.5730720024854,897.6929192084522,898.1329956054688,2050292
2023-06-05,898.1238403320312,898.1867162082827,898.1238403320312,898.1328304311639,2190780
2023-06-06,898.1329956054688,925.0769854736328,898.1240055046827,925.0769854736328,1823874
2023-06-07,898.1238403320312,898.1418205302967,896.6868497304124,898.1418205302967,1721282
2023-06-08,898.1329956054688,898.7168039796874,898.1240055046827,898.1419857062549,1729545
2023-06-09,898.1238403320312,925.0768153440989,897.7735553719205,925.0768153440989,2062688
2023-06-12,898.1329956054688,898.7168039796874,898.1240055046827,898.1329956054688,1638759
2023-06-13,898.1329956054688,899.9292615966797,898.1240055046827,898.1419857062549,1317394
2023-06-14,898.1329956054688,903.4320022066162,898.1240055046827,903.4320022066162,1736557
2023-06-15,898.1329956054688,899.9292615966797,898.1240055046827,899.9292615966797,1696211
2023-06-16,898.1329956054688,898.5820621032715,898.1240055046827,898.1329956054688,1797834
2023-06-19,898.1329956054688,907.024534189038,898.1240055046827,907.024534189038,2060746
2023-06-20,898.1238403320312,898.6716882023517,898.1238403320312,898.1328304311639,1952286
2023-06-21,898.1329956054688,925.0769854736328,898.1150154038966,925.0769854736328,1784596
2023-06-22,898.1329956054688,898.2407671795264,898.1240055046827,898.2407671795264,1530701
2023-06-23,898.1329956054688,898.1419857062549,897.2348626098633,897.2348626098633,1759755
2023-06-26,898.1238403320312,898.1418205302967,897.6388683379623,898.1328304311639,1738773
2023-06-27,898.1329956054688,925.0769854736328,898.1240055046827,925.0769854736328,2099600
2023-06-28,898.1329956054688,925.0769854736328,897.6390334214233,925.0769854736328,2202973
2023-06-30,902.43701171875,902.4460449017287,900.9931345321536,900.9931345321536,2520524
2023-07-03,902.43701171875,906.8589751083255,901.5345747070313,906.8589751083255,2577246
2023-07-04,902.4458618164062,902.662437842419,902.4277954541142,902.4368286352602,3667172
2023-07-05,902.43701171875,903.3484819134474,902.4279785357713,902.43701171875,2912571
2023-07-06,902.4639892578125,902.9783298142172,901.9405604392738,902.4368897125403,6409153
2023-07-07,902.43701171875,902.4460449017287,875.4090122016967,875.4090122016967,11163536
2023-07-10,902.427734375,902.4367675555346,875.3636645288685,902.427734375,8036256
2023-07-11,902.427734375,902.4367675555346,902.427734375,902.427734375,3048375
2023-07-12,902.427734375,902.4458007360693,901.9765159912222,902.4367675555346,2960982
2023-07-13,902.43701171875,902.4460449017287,875.3639013671875,902.43701171875,3249346
2023-07-14,902.427734375,902.4458007360693,902.427734375,902.4367675555346,2436136
2023-07-17,902.427734375,902.4458007360693,902.427734375,902.4367675555346,2694605
2023-07-18,902.43701171875,902.4460449017287,902.4279785357713,902.43701171875,2432910
2023-07-19,902.43701171875,929.5101220703125,901.9406823783816,929.5101220703125,3484903
2023-07-20,902.43701171875,929.5101220703125,902.4279785357713,929.5101220703125,1662106
2023-07-21,902.43701171875,902.4460449017287,902.4279785357713,902.4279785357713,1969305
2023-07-24,902.43701171875,902.4460449017287,902.4279785357713,902.4279785357713,2380185
2023-07-25,902.427734375,902.4458007360693,901.534330787979,901.534330787979,2022684
2023-07-26,902.43701171875,902.4460449017287,902.4279785357713,902.4279785357713,1784306
2023-07-27,902.427734375,902.4458007360693,875.3636645288685,875.3636645288685,1932322
2023-07-28,902.43701171875,902.4460449017287,902.4279785357713,902.43701171875,1871436
2023-07-31,906.5451049804688,933.7508047565906,905.8289470981656,933.7508047565906,1794741
2023-08-01,906.5541381835938,906.5632125780434,906.5450637891441,906.5541381835938,1488843
2023-08-02,906.5541381835938,933.7507623291016,906.5450637891441,933.7507623291016,2092921
2023-08-03,906.5541381835938,933.7507623291016,906.3728162896224,933.7507623291016,2486533
2023-08-04,906.5633544921875,906.7809186663416,906.5452057004474,906.5542800963175,2435549
2023-08-07,906.5451049804688,933.7508047565906,906.5451049804688,933.7508047565906,2416085
2023-08-08,906.5541381835938,906.5632125780434,906.5450637891441,906.5632125780434,1969279
2023-08-09,906.5451049804688,906.5632537701925,888.4230957878241,906.5451049804688,1553165
2023-08-10,906.5541381835938,906.5632125780434,906.5450637891441,906.5450637891441,1962882
2023-08-11,906.5541381835938,906.5632125780434,879.3575140380859,879.3575140380859,1750426
2023-08-14,906.5541381835938,933.7507623291016,906.5450637891441,933.7507623291016,2708604
2023-08-16,906.5451049804688,908.0500159039703,906.5451049804688,908.0500159039703,2079371
2023-08-17,906.5541381835938,906.5632125780434,906.5450637891441,906.5450637891441,1404351
2023-08-18,906.5633544921875,906.7809186663416,906.5452057004474,906.5633544921875,3206291
2023-08-21,906.5451049804688,906.5632537701925,906.5451049804688,906.5541793753307,1816763
2023-08-22,906.5541381835938,906.5632125780434,897.6699186957293,897.6699186957293,2237851
2023-08-23,906.5541381835938,906.5632125780434,906.5450637891441,906.5541381835938,2999346
2023-08-24,906.5541381835938,908.276613178812,906.5450637891441,908.276613178812,4078264
2023-08-25,906.5541381835938,906.5632125780434,906.5450637891441,906.5632125780434,2192571
2023-08-28,906.5541381835938,906.5632125780434,906.5450637891441,906.5541381835938,1825549
2023-08-29,906.5541381835938,906.5632125780434,905.6475840454102,906.5541381835938,1897692
2023-08-30,906.5451049804688,933.7508047565906,879.3575539940707,933.7508047565906,1481758
2023-08-31,910.4863891601562,912.2982481831162,910.4772754047959,912.2982481831162,2106122
2023-09-01,910.4956665039062,912.2984120954046,910.4774389899108,912.2984120954046,4129505
2023-09-04,910.4863891601562,912.2982481831162,910.4772754047959,912.2982481831162,2115027
2023-09-05,910.4863891601562,912.0797403411865,910.4772754047959,912.0797403411865,1611227
2023-09-06,910.4863891601562,910.4955029155165,910.4772754047959,910.4863891601562,2070170
2023-09-07,910.4863891601562,912.2982481831162,910.4772754047959,912.2982481831162,1685288
2023-09-08,910.4863891601562,912.2982481831162,910.4772754047959,912.2982481831162,2121638
2023-09-11,910.4863891601562,910.4955029155165,910.4772754047959,910.4772754047959,1960502
2023-09-12,910.4863891601562,911.6700103517286,901.5636336607225,901.5636336607225,4214377
2023-09-13,910.4773559570312,910.4955834693643,910.4773559570312,910.4955834693643,2901708
2023-09-14,910.4773559570312,911.6700910094881,910.4773559570312,911.6700910094881,1981165
2023-09-15,910.4773559570312,910.4955834693643,910.4773559570312,910.4864697131978,2526540
2023-09-18,910.4863891601562,912.2982481831162,910.4772754047959,912.2982481831162,3538840
2023-09-20,910.4773559570312,910.4955834693643,910.4773559570312,910.4864697131978,4302553
2023-09-21,910.4863891601562,912.2982481831162,883.1717974853516,883.1717974853516,2281585
2023-09-22,910.4863891601562,910.4955029155165,910.4772754047959,910.4863891601562,1829589
2023-09-25,910.4773559570312,910.4955834693643,910.2588480957695,910.4773559570312,2281387
2023-09-26,910.4863891601562,911.078227541782,910.4772754047959,910.4863891601562,1848142
2023-09-27,910.4773559570312,912.2983288964576,910.4773559570312,912.2983288964576,2369184
2023-09-28,910.4773559570312,911.396956182911,907.7550103040583,911.396956182911,2064261
2023-09-29,914.5535888671875,915.4498155798639,914.1237282596687,915.4498155798639,3017548
2023-10-03,914.5352783203125,915.4498135986328,887.0992199707031,915.4498135986328,2715228
2023-10-04,914.5352783203125,916.3551945931613,914.5261240365206,916.3551945931613,5119014
2023-10-05,914.5352783203125,914.5444326041043,914.5261240365206,914.5352783203125,6154027
2023-10-06,914.5352783203125,914.5444326041043,914.5261240365206,914.5352783203125,9879034
2023-10-09,914.5262451171875,914.5353994021913,914.5262451171875,914.5262451171875,7877594
2023-10-10,914.5262451171875,914.5353994021913,914.5262451171875,914.5262451171875,4395558
2023-10-11,914.5352783203125,914.5444326041043,914.5261240365206,914.5352783203125,2316399
2023-10-12,914.5352783203125,914.5444326041043,914.5261240365206,914.5352783203125,2582862
2023-10-13,914.5352783203125,916.3551945931613,914.5261240365206,914.5352783203125,3763704
2023-10-16,914.5352783203125,914.5444326041043,911.7916724853516,914.5444326041043,2154316
2023-10-17,914.5352783203125,916.3551945931613,914.5261240365206,916.3551945931613,2211714
2023-10-18,914.5352783203125,914.5444326041043,914.5261240365206,914.5352783203125,2776313
2023-10-19,914.5262451171875,916.3553159159919,914.5262451171875,916.3553159159919,3538334
2023-10-20,914.5352783203125,914.5444326041043,914.5261240365206,914.5352783203125,1679118
2023-10-23,914.5262451171875,916.3553159159919,914.5262451171875,916.3553159159919,2541293
2023-10-25,914.5262451171875,914.544553687195,887.0993374201256,914.5353994021913,3018272
2023-10-26,914.5262451171875,916.3553159159919,914.5262451171875,916.3553159159919,2960793
2023-10-27,914.5352783203125,914.5444326041043,914.5261240365206,914.5444326041043,2513174
2023-10-30,914.5262451171875,914.544553687195,914.5262451171875,914.5353994021913,2583800
2023-10-31,918.6603393554688,918.6695349301547,918.6511437807828,918.6695349301547,1747582
2023-11-01,918.6603393554688,920.4884644594938,918.6511437807828,920.4884644594938,1512334
2023-11-02,918.6512451171875,946.2202539136744,905.0642773847497,946.2202539136744,2224527
2023-11-03,918.6603393554688,918.6695349301547,918.6511437807828,918.6695349301547,2197156
2023-11-06,918.6512451171875,920.4885659985732,915.9044593708091,918.6604406928877,3028710
2023-11-07,918.6603393554688,918.6695349301547,909.6574792439006,918.6603393554688,1364622
2023-11-08,918.6512451171875,918.6696362685881,917.7417802521949,918.6604406928877,1516490
2023-11-09,918.6603393554688,920.4884644594938,918.6511437807828,920.4884644594938,1535278
2023-11-10,918.6603393554688,946.2201495361328,918.6511437807828,946.2201495361328,2985803
2023-11-13,918.6603393554688,919.5789996948242,918.6511437807828,919.5789996948242,2722338
2023-11-15,918.6512451171875,918.6696362685881,891.1006274721011,891.1006274721011,3135419
2023-11-16,918.6512451171875,946.2202539136744,918.6512451171875,946.2202539136744,2737257
2023-11-17,918.6512451171875,946.2202539136744,918.6512451171875,946.2202539136744,2551156
2023-11-20,918.6603393554688,920.4884644594938,918.6511437807828,920.4884644594938,2340163
2023-11-21,918.6512451171875,918.6696362685881,918.6512451171875,918.6604406928877,1840629
2023-11-22,918.6512451171875,918.6696362685881,918.6512451171875,918.6512451171875,1547943
2023-11-23,918.6603393554688,918.6695349301547,918.6511437807828,918.6511437807828,2024775
2023-11-24,918.6603393554688,918.6695349301547,918.6511437807828,918.6695349301547,1402047
2023-11-28,918.6512451171875,918.6696362685881,918.6512451171875,918.6512451171875,1693940
2023-11-29,918.6603393554688,920.4884644594938,918.201009185791,920.4884644594938,1710116
2023-11-30,922.1911010742188,926.4793122086451,917.9028899397924,926.4793122086451,2067164
2023-12-01,922.1911010742188,924.026252359584,922.1818701574356,924.026252359584,2882025
2023-12-04,922.181640625,924.026022368079,922.181640625,924.026022368079,3052681
2023-12-05,922.181640625,922.2001024539712,922.181640625,922.181640625,2196146
2023-12-06,922.1911010742188,925.5571211075709,922.1818701574356,922.1911010742188,3376749
2023-12-07,922.1911010742188,922.2003319910019,922.1818701574356,922.1911010742188,2448107
2023-12-08,922.1911010742188,922.2003319910019,918.8250810408667,922.1911010742188,3060307
2023-12-11,922.181640625,922.2001024539712,919.4242989248672,922.1908715394857,2242118
2023-12-12,922.181640625,922.2001024539712,921.2686806679461,922.1908715394857,1839224
2023-12-13,922.181640625,922.2001024539712,922.181640625,922.1908715394857,1653660
2023-12-14,922.1911010742188,922.2003319910019,918.8250810408667,922.1911010742188,2223370
2023-12-15,922.1911010742188,924.0077905260175,922.1818701574356,924.0077905260175,2440224
2023-12-18,922.1911010742188,926.4793122086451,922.1818701574356,924.0077905260175,2688435
2023-12-19,922.1911010742188,923.0210955796167,922.1818701574356,922.1911010742188,1971779
2023-12-20,922.1911010742188,922.2003319910019,918.8250810408667,922.1911010742188,3144203
2023-12-21,922.1911010742188,922.2095629077852,922.1818701574356,922.1911010742188,2686798
2023-12-22,922.1911010742188,926.4793122086451,922.1818701574356,926.4793122086451,2347923
2023-12-26,922.181640625,922.2001024539712,922.181640625,922.181640625,2083374
2023-12-27,922.1911010742188,922.2003319910019,922.1818701574356,922.1818701574356,2047169
2023-12-28,922.1911010742188,922.2003319910019,922.1818701574356,922.1911010742188,2110142
2023-12-29,925.5729370117188,928.951300828807,925.5636722435504,925.5729370117188,3450372
2024-01-01,925.5729370117188,930.1082670000717,925.5636722435504,930.1082670000717,2224313
2024-01-02,925.5729370117188,928.3496558227539,925.5636722435504,925.5729370117188,3933071
2024-01-03,925.5729370117188,925.5822017798871,925.5636722435504,925.5822017798871,3816754
2024-01-04,925.5729370117188,925.5822017798871,925.5636722435504,925.5822017798871,8034703
2024-01-05,925.5729370117188,928.3496558227539,925.5636722435504,925.5729370117188,14496427
2024-01-08,925.563720703125,925.5729854717783,925.563720703125,925.5729854717783,12601054
2024-01-09,925.563720703125,925.5822502404318,921.2227811415627,925.5729854717783,3557518
2024-01-10,925.563720703125,925.5822502404318,922.1946214778096,925.563720703125,3562454
2024-01-11,925.5729370117188,925.5822017798871,925.5636722435504,925.5729370117188,2693688
2024-01-12,925.5729370117188,925.5822017798871,922.7962182006836,925.5729370117188,2772152
2024-01-15,925.5729370117188,929.2752287597656,925.5636722435504,925.5729370117188,2453708
2024-01-16,925.5729370117188,927.4148181175739,925.5636722435504,927.4148181175739,3632743
2024-01-17,925.5729370117188,926.4985099487304,921.2227329092659,921.2227329092659,3326218
2024-01-18,925.563720703125,927.4148666740685,925.563720703125,927.4148666740685,5646475
2024-01-19,925.5729370117188,925.5822017798871,922.7962182006836,925.5729370117188,2523534
2024-01-23,925.563720703125,925.5822502404318,925.563720703125,925.5729854717783,2598714
2024-01-24,925.5729370117188,925.5822017798871,921.2227329092659,925.5729370117188,2614826
2024-01-25,925.5729370117188,925.5822017798871,924.647364074707,924.647364074707,3275555
2024-01-29,925.563720703125,928.3404396595403,925.563720703125,928.3404396595403,2316450
2024-01-30,925.5729370117188,925.8043302459716,924.8324899606071,925.5729370117188,4127453
2024-01-31,929.5768432617188,929.5954531406622,929.5768432617188,929.5861482011904,2325899
2024-02-01,929.5860595703125,930.5156456298828,929.5767546317279,930.5156456298828,3860279
2024-02-02,929.5860595703125,929.5953645088971,929.5767546317279,929.5767546317279,3790036
2024-02-05,929.5860595703125,932.3655128104389,929.5767546317279,929.5860595703125,3015376
2024-02-06,929.5768432617188,929.5954531406622,928.6565620529892,929.5861482011904,3040371
2024-02-07,929.5768432617188,929.5954531406622,929.5768432617188,929.5768432617188,2550689
2024-02-08,929.5860595703125,929.5953645088971,929.0468837692812,929.5860595703125,1963522
2024-02-09,929.5860595703125,929.5953645088971,929.5767546317279,929.5860595703125,2854848
2024-02-12,929.5860595703125,929.5953645088971,929.0747985850348,929.5860595703125,2392154
2024-02-13,929.5860595703125,930.5156456298828,929.5767546317279,929.5860595703125,2236398
2024-02-14,929.5860595703125,929.5953645088971,929.5767546317279,929.5860595703125,2365594
2024-02-15,929.5860595703125,929.5953645088971,926.7973013916015,926.7973013916015,2152377
2024-02-16,929.5860595703125,929.5953645088971,929.5767546317279,929.5860595703125,2564103
2024-02-19,929.5860595703125,932.3655128104389,928.8424020701423,932.3655128104389,2653666
2024-02-20,929.5860595703125,932.3655128104389,929.5767546317279,932.3655128104389,4138125
2024-02-21,929.5860595703125,929.5953645088971,929.5767546317279,929.5860595703125,3368248
2024-02-22,929.5768432617188,932.3656017063223,929.5768432617188,932.3656017063223,2205996
2024-02-23,929.5860595703125,929.5953645088971,929.5767546317279,929.5860595703125,2950570
2024-02-26,929.5860595703125,932.049485323146,929.5767546317279,932.049485323146,2115550
2024-02-27,929.5860595703125,929.5953645088971,929.5767546317279,929.5953645088971,2868371
2024-02-28,929.5860595703125,932.049485323146,926.1930477579086,926.1930477579086,3009257
2024-02-29,933.0128173828125,935.3360101866424,933.0034781431854,935.3360101866424,2556271
2024-03-01,933.003662109375,933.0223405923123,933.003662109375,933.0130013508436,4992893
2024-03-04,933.003662109375,933.4795078515191,933.003662109375,933.4795078515191,4418886
2024-03-05,933.0128173828125,933.0221566224396,933.0034781431854,933.0221566224396,2298404
2024-03-06,933.0128173828125,935.3360101866424,930.5403106381148,935.3360101866424,2657695
2024-03-07,933.0128173828125,933.1060958859175,933.0034781431854,933.0128173828125,2314947
2024-03-11,933.0128173828125,933.0221566224396,933.0034781431854,933.0034781431854,3301282
2024-03-12,933.003662109375,935.3361946127521,933.003662109375,933.9460143521945,3503873
2024-03-13,933.003662109375,933.0223405923123,933.003662109375,933.0130013508436,4830847
2024-03-14,933.0128173828125,933.0221566224396,933.0034781431854,933.0034781431854,3295995
2024-03-15,933.0128173828125,933.0221566224396,933.0034781431854,933.0128173828125,4028389
2024-03-18,933.003662109375,933.0223405923123,933.003662109375,933.0223405923123,3313703
2024-03-19,933.0128173828125,933.0221566224396,933.0034781431854,933.0221566224396,3278408
2024-03-20,933.003662109375,935.3361946127521,933.003662109375,935.3361946127521,2928289
2024-03-21,933.0128173828125,937.3979890138284,933.0034781431854,937.3979890138284,3827906
2024-03-22,933.0128173828125,933.9458302001954,933.0034781431854,933.0128173828125,3372838
2024-03-26,933.003662109375,933.9460143521945,929.2809493454403,933.0130013508436,4794036
2024-03-27,933.003662109375,933.9460143521945,932.4998555894196,933.0130013508436,3454603
2024-03-28,936.6408081054688,939.4413549748213,936.6314325505049,936.6408081054688,3596176
2024-04-01,936.6408081054688,936.6501836604327,933.2220462886766,936.6408081054688,4782731
2024-04-02,936.6408081054688,936.6501836604327,935.7041672973634,936.6408081054688,4221933
2024-04-03,936.6408081054688,936.6501836604327,936.6314325505049,936.6314325505049,3605310
2024-04-04,936.6408081054688,941.0430313371681,936.6314325505049,939.4413549748213,6995119
2024-04-05,936.6408081054688,940.059569922261,936.6314325505049,936.6408081054688,17173728
2024-04-08,936.631591796875,936.640967353433,934.4398839473635,936.640967353433,13189387
2024-04-09,936.631591796875,936.640967353433,936.631591796875,936.640967353433,4200130
2024-04-10,936.6408081054688,936.6501836604327,936.6314325505049,936.6408081054688,3122332
2024-04-12,936.6408081054688,936.6501836604327,935.7041672973634,936.6408081054688,3579609
2024-04-15,936.631591796875,936.650342909991,936.1258262549941,936.640967353433,4355742
2024-04-16,936.6408081054688,940.3873713378906,936.6314325505049,936.6408081054688,3605775
2024-04-18,936.6408081054688,936.6501836604327,936.6314325505049,936.6408081054688,3904846
2024-04-19,936.6408081054688,936.6501836604327,936.1256670946144,936.1256670946144,4344737
2024-04-22,936.631591796875,936.650342909991,936.1258262549941,936.631591796875,2286908
2024-04-23,936.631591796875,964.7401963740359,932.8944034840192,936.631591796875,2648333
2024-04-24,936.631591796875,937.1092878371096,932.8944034840192,936.631591796875,4287567
2024-04-25,936.631591796875,941.0431913335997,932.2387433732663,936.640967353433,3963306
2024-04-26,936.631591796875,940.059729751484,936.631591796875,940.059729751484,3822558
2024-04-29,936.6408081054688,940.059569922261,933.2220462886766,933.2220462886766,3147643
2024-04-30,940.2559204101562,940.2653321515471,940.2465086687654,940.2653321515471,2241973
2024-05-02,940.2467041015625,940.2655275882566,939.4569211019129,939.4569211019129,3230909
2024-05-03,940.2559204101562,940.3499230467305,939.7387911316641,940.2465086687654,3028922
2024-05-06,940.2559204101562,940.2653321515471,940.1619177735821,940.2559204101562,2860437
2024-05-07,940.2559204101562,943.6878774751201,940.2465086687654,943.0672764299959,3900448
2024-05-08,940.2559204101562,940.2653321515471,940.2465086687654,940.2559204101562,2746699
2024-05-09,940.2559204101562,940.2653321515471,938.5916490666568,940.2559204101562,2699151
2024-05-10,940.2559204101562,940.2653321515471,939.3156644897462,939.3156644897462,2819019
2024-05-13,940.2467041015625,942.2776894494476,936.9652194394523,942.2776894494476,2267028
2024-05-14,940.2467041015625,940.8673052756803,939.7389864589306,940.8673052756803,2432484
2024-05-15,940.2467041015625,942.2776894494476,940.2467041015625,940.726243902832,2085866
2024-05-16,940.2559204101562,940.2653321515471,940.2465086687654,940.2559204101562,2253891
2024-05-17,940.2559204101562,943.6878774751201,940.2465086687654,943.6878774751201,4142165
2024-05-21,940.2559204101562,940.2653321515471,940.2465086687654,940.2559204101562,4552135
2024-05-22,940.2559204101562,943.0672764299959,938.375408569336,943.0672764299959,3431757
2024-05-23,940.2559204101562,943.0672764299959,936.8239633451924,941.1961763305665,2411298
2024-05-24,940.2467041015625,940.2655275882566,940.2467041015625,940.2561158449096,3584570
2024-05-27,940.2559204101562,940.2653321515471,935.8367061064952,940.2559204101562,2255934
2024-05-28,940.2559204101562,943.0672764299959,939.7387911316641,943.0672764299959,2357254
2024-05-29,940.2559204101562,942.4184975493662,940.2465086687654,940.2559204101562,2464421
2024-05-30,940.2559204101562,943.0672764299959,940.2465086687654,940.2559204101562,5101972
2024-05-31,943.5753784179688,943.5848233863562,943.4810439166353,943.5753784179688,3812382
2024-06-03,943.5753784179688,943.5848233863562,941.8297870044038,943.5659334495813,3192735
2024-06-04,943.5753784179688,943.5848233863562,943.5659334495813,943.5753784179688,8247682
2024-06-05,943.5753784179688,943.5848233863562,943.5659334495813,943.5753784179688,6927110
2024-06-06,943.5753784179688,948.0101942147874,943.5659334495813,948.0101942147874,5970939
2024-06-07,943.5753784179688,948.0101942147874,943.5659334495813,948.0101942147874,5747554
2024-06-10,943.5753784179688,947.0100066173152,943.4810439166353,943.5753784179688,4775361
2024-06-11,943.56591796875,943.584807905215,943.0564080056212,943.5753629369825,3751454
2024-06-12,943.56591796875,946.830709457369,943.56591796875,946.830709457369,3177484
2024-06-13,943.5753784179688,943.5848233863562,943.5659334495813,943.5753784179688,2615514
2024-06-14,943.5753784179688,945.4625291748047,943.5659334495813,945.4625291748047,5852060
2024-06-18,943.56591796875,944.5189382999195,943.56591796875,943.5753629369825,4669329
2024-06-19,943.5753784179688,944.1887254504487,943.5659334495813,943.5753784179688,3764065
2024-06-20,943.5753784179688,944.1887254504487,943.5659334495813,943.5753784179688,3872961
2024-06-21,943.5753784179688,946.3966595848352,943.5659334495813,943.5753784179688,4031550
2024-06-24,943.5753784179688,944.1887254504487,943.5659334495813,943.5753784179688,5386573
2024-06-25,943.5753784179688,944.1887254504487,943.5659334495813,943.5753784179688,2552277
2024-06-26,943.56591796875,943.584807905215,943.56591796875,943.5753629369825,3919890
2024-06-27,943.5753784179688,943.5848233863562,939.1405626211503,943.5659334495813,3751597
2024-06-28,946.9014282226562,946.9203849351414,945.2538124923858,946.9109065788989,6510383
2024-07-01,946.9014282226562,946.9203849351414,945.2538124923858,946.9014282226562,4448101
2024-07-02,946.9110107421875,947.5265260171145,946.4091201649607,946.4091201649607,3666522
2024-07-03,946.9110107421875,948.4734370278568,946.9015323849022,946.9110107421875,4453767
2024-07-04,946.9110107421875,948.4734370278568,946.9015323849022,946.9110107421875,7984988
2024-07-05,946.9110107421875,946.9204890994728,946.9015323849022,946.9204890994728,17344364
2024-07-08,946.9014282226562,946.9109065788989,944.212233613091,946.9109065788989,16861105
2024-07-09,946.9014282226562,946.9109065788989,946.3901171392515,946.3995954954942,3629049
2024-07-10,946.9110107421875,947.8579217529298,946.9015323849022,946.9110107421875,3267087
2024-07-11,946.9014282226562,949.0414561187014,946.9014282226562,949.0414561187014,3339635
2024-07-12,946.9110107421875,946.9204890994728,946.3902212452516,946.8920540276171,4889523
2024-07-15,946.9014282226562,946.9203849351414,946.9014282226562,946.9109065788989,3601129
2024-07-16,946.9110107421875,946.9204890994728,945.4906442260742,946.9110107421875,2800445
2024-07-18,946.9110107421875,946.9204890994728,946.9015323849022,946.9015323849022,2608786
2024-07-19,946.9110107421875,946.9204890994728,946.9015323849022,946.9110107421875,6146616
2024-07-22,946.9014282226562,946.9203849351414,946.9014282226562,946.9109065788989,6193156
2024-07-23,946.9014282226562,946.9203849351414,946.9014282226562,946.9109065788989,2937668
2024-07-24,946.9110107421875,949.0415605163574,946.9015323849022,946.9110107421875,2865245
2024-07-25,946.9014282226562,946.9203849351414,946.3901171392515,946.9109065788989,4976639
2024-07-26,946.9014282226562,946.9203849351414,945.6325999729594,946.9014282226562,4399027
2024-07-29,946.9014282226562,947.5264217861172,946.9014282226562,946.9109065788989,6280886
2024-07-30,946.9014282226562,946.9203849351414,946.9014282226562,946.9014282226562,2737228
2024-07-31,950.182861328125,950.2018837340204,950.182861328125,950.1923725310727,3254243
2024-08-01,950.1922607421875,950.8099089097232,921.6864929199219,950.1827495403588,3470617
2024-08-02,950.1922607421875,950.2017719440163,950.1827495403588,950.1922607421875,3363646
2024-08-05,950.182861328125,950.2018837340204,945.4414106684173,950.1923725310727,5057154
2024-08-06,950.1922607421875,950.2017719440163,950.1827495403588,950.1827495403588,3795438
2024-08-07,950.1922607421875,950.2017719440163,949.669666597806,950.1922607421875,2553313
2024-08-08,950.1922607421875,950.2017719440163,950.1827495403588,950.1922607421875,3358466
2024-08-09,950.182861328125,950.2018837340204,950.182861328125,950.1923725310727,2849038
2024-08-12,950.182861328125,950.2018837340204,947.9594436536806,950.1923725310727,3167644
2024-08-13,950.1922607421875,951.1424530029298,950.1732383385302,950.1922607421875,4702074
2024-08-14,950.1922607421875,950.8099089097232,950.1827495403588,950.1922607421875,3351819
2024-08-16,950.1922607421875,950.2017719440163,949.669666597806,950.1827495403588,2573434
2024-08-19,950.182861328125,950.2018837340204,947.9594436536806,950.182861328125,2683911
2024-08-20,950.182861328125,950.2018837340204,948.9096360262117,950.1923725310727,2986145
2024-08-21,950.182861328125,950.2018837340204,947.9594436536806,950.1923725310727,3030379
2024-08-22,950.1922607421875,950.2017719440163,949.4891277484596,950.0972647141666,2478853
2024-08-23,950.1922607421875,950.2017719440163,950.1827495403588,950.1922607421875,3567572
2024-08-26,950.1922607421875,950.2017719440163,949.669666597806,950.1827495403588,2406589
2024-08-27,950.1922607421875,951.7601011704654,950.1827495403588,950.1922607421875,1888320
2024-08-28,950.1922607421875,950.2017719440163,950.1827495403588,950.1922607421875,2902776
2024-08-29,950.1922607421875,950.2017719440163,945.4412994384766,945.4412994384766,3806822
2024-08-30,953.2958374023438,953.3053796702475,952.7715363286846,953.2005310924277,5654992
2024-09-02,953.2958374023438,953.3053796702475,953.2862951344401,953.2958374023438,4190155
2024-09-03,953.2958374023438,953.3053796702475,953.2862951344401,953.2958374023438,4648695
2024-09-04,953.2958374023438,981.8947125244141,953.2862951344401,953.3053796702475,3407358
2024-09-05,953.286376953125,953.3054614905703,953.2672924156795,953.286376953125,2685496
2024-09-06,953.2958374023438,953.3053796702475,953.2862951344401,953.2958374023438,5341288
2024-09-09,953.286376953125,953.3054614905703,948.5294396257384,953.2959192218476,3034901
2024-09-10,953.2958374023438,953.3053796702475,952.7715363286846,953.2862951344401,2698651
2024-09-11,953.2958374023438,953.3053796702475,953.2767528665364,953.2767528665364,2998829
2024-09-12,953.286376953125,953.3054614905703,953.286376953125,953.2959192218476,2825699
2024-09-13,953.2958374023438,954.8687988078818,953.2862951344401,954.8687988078818,2727263
2024-09-16,953.286376953125,954.8688807623898,953.286376953125,953.286376953125,2957531
2024-09-17,953.2958374023438,953.3053796702475,948.5293582153321,953.2958374023438,2975225
2024-09-18,953.2958374023438,953.3053796702475,953.2862951344401,953.2958374023438,3843192
2024-09-19,953.2958374023438,953.3053796702475,953.2862951344401,953.2958374023438,3829030
2024-09-20,953.2958374023438,953.3053796702475,953.2862951344401,953.2862951344401,4138316
2024-09-23,953.2958374023438,953.3053796702475,950.4359498901367,953.2767528665364,2939614
2024-09-24,953.286376953125,957.7764216791034,953.286376953125,953.2959192218476,3257370
2024-09-25,953.2958374023438,953.3053796702475,953.2862951344401,953.2958374023438,3109280
2024-09-26,953.286376953125,954.8688807623898,953.286376953125,953.2959192218476,3600482
2024-09-27,953.286376953125,953.3054614905703,948.86306992364,953.286376953125,5206603
2024-09-30,956.751953125,956.7711070423503,956.751953125,956.751953125,5481566
2024-10-01,956.7615356445312,956.771112603262,956.7519586858004,956.7615356445312,5250163
2024-10-03,956.7615356445312,956.771112603262,956.7519586858004,956.7519586858004,9514460
2024-10-04,956.7615356445312,958.3402155367806,956.7519586858004,956.7615356445312,17293198
2024-10-07,956.751953125,956.7615300836751,956.751953125,956.7615300836751,14619169
2024-10-08,956.751953125,956.7711070423503,955.3263877885496,956.6658772891026,6228857
2024-10-09,956.751953125,956.7711070423503,952.264739213064,955.8047685535914,4632763
2024-10-10,956.751953125,958.1966723788007,956.2831493186333,956.751953125,3081356
2024-10-11,956.751953125,956.7711070423503,956.751953125,956.751953125,2239016
2024-10-14,956.7615356445312,956.771112603262,955.3263933410644,955.3263933410644,2196873
2024-10-15,956.751953125,956.7711070423503,956.751953125,956.7615300836751,3368879
2024-10-16,956.751953125,956.7711070423503,956.235322921347,956.7615300836751,2814624
2024-10-17,956.751953125,958.1966723788007,956.751953125,956.7615300836751,1688577
2024-10-18,956.7615356445312,956.771112603262,956.7519586858004,956.7519586858004,2121043
2024-10-21,956.7615356445312,956.771112603262,956.7519586858004,956.7615356445312,4415085
2024-10-22,956.751953125,956.7711070423503,956.751953125,956.7615300836751,3858801
2024-10-23,956.751953125,956.7711070423503,956.751953125,956.7615300836751,3495594
2024-10-24,956.7615356445312,956.771112603262,956.7423817270696,956.7423817270696,3186630
2024-10-25,956.7615356445312,956.771112603262,956.7519586858004,956.7519586858004,4020262
2024-10-28,956.751953125,956.7711070423503,956.235322921347,956.7615300836751,2795042
2024-10-29,956.7615356445312,956.771112603262,956.7519586858004,956.7615356445312,2701613
2024-10-30,956.751953125,956.7711070423503,956.723280645064,956.7327992076497,3297047
2024-10-31,960.466064453125,960.475678493321,959.0253653564453,960.466064453125,4782773
2024-11-01,960.466064453125,960.466064453125,960.466064453125,960.466064453125,0
2024-11-04,960.466064453125,961.9067635498046,959.937819842115,959.937819842115,3014622
2024-11-05,960.4566040039062,960.475832087373,960.4566040039062,960.4662180456396,3141101
2024-11-06,960.4566040039062,960.475832087373,955.9520150963839,960.4469899621729,4659642
2024-11-07,960.466064453125,963.9717890372574,956.9603398689926,960.466064453125,2129573
2024-11-08,960.466064453125,960.475678493321,960.456450412929,960.466064453125,4063235
2024-11-11,960.4566040039062,960.475832087373,957.5848193915027,960.4566040039062,3491693
2024-11-12,960.466064453125,960.475678493321,955.6637341308593,955.6637341308593,3652828
2024-11-13,960.4566040039062,960.475832087373,959.7266402986386,960.4662180456396,3461236
2024-11-14,960.466064453125,960.475678493321,955.951862225756,955.951862225756,3138633
2024-11-18,960.466064453125,964.980266680494,959.7168727841973,964.980266680494,3294205
2024-11-19,960.466064453125,960.475678493321,957.6806894173324,960.466064453125,3533521
2024-11-21,960.466064453125,960.475678493321,960.1779363582283,960.466064453125,2902147
2024-11-22,960.4566040039062,962.0510107542972,960.4566040039062,960.4662180456396,2918661
2024-11-25,960.4566040039062,960.475832087373,959.9379733501556,960.4469899621729,5226359
2024-11-26,960.466064453125,960.475678493321,955.951862225756,960.466064453125,2906275
2024-11-27,960.466064453125,960.475678493321,960.456450412929,960.466064453125,2371431
2024-11-28,960.466064453125,964.980266680494,960.456450412929,964.980266680494,2739316
2024-11-29,963.79736328125,965.3973158617399,961.0119469018766,961.0119469018766,5253200
2024-12-02,963.79736328125,965.3973158617399,963.79736328125,965.3973158617399,5823840
2024-12-03,963.8070068359375,963.8166543181836,963.7973593536913,963.8070068359375,2523617
2024-12-04,963.8070068359375,963.8166543181836,963.7973593536913,963.7973593536913,3574135
2024-12-05,963.8070068359375,963.8166543181836,963.2769247473999,963.7877118714451,2376561
2024-12-06,963.79736328125,963.8166582458209,963.2769286728378,963.79736328125,3643021
2024-12-09,963.8070068359375,963.8166543181836,963.7973593536913,963.8070068359375,3483276
2024-12-10,963.79736328125,963.8166582458209,963.7106535929037,963.8070107635355,2899100
2024-12-11,963.79736328125,963.8166582458209,963.79736328125,963.8070107635355,2356268
2024-12-12,963.8070068359375,963.8166543181836,963.2769247473999,963.7973593536913,2778608
2024-12-13,963.8070068359375,963.8166543181836,963.7973593536913,963.8166543181836,3225545
2024-12-16,963.79736328125,965.3008998649966,963.79736328125,963.8070107635355,3384205
2024-12-17,963.8070068359375,963.8166543181836,963.7973593536913,963.8070068359375,2973094
2024-12-18,963.8070068359375,963.8166543181836,963.7973593536913,963.8070068359375,4241403
2024-12-19,963.8070068359375,963.8166543181836,963.7973593536913,963.8070068359375,1970269
2024-12-20,963.8070068359375,965.300895931311,960.9155858154296,963.8070068359375,4379493
2024-12-23,963.8070068359375,965.3973119276612,959.2771021385863,959.2771021385863,2361473
2024-12-24,963.79736328125,963.8166582458209,960.9155897312448,960.9155897312448,2380725
2024-12-26,963.8070068359375,963.8166543181836,960.9155858154296,963.8166543181836,3777482
2024-12-27,963.79736328125,963.8166582458209,960.9155897312448,963.7877157989645,4282507
2024-12-30,963.79736328125,963.8166582458209,963.2865761551233,963.8070107635355,5304108
2024-12-31,967.6924438476562,967.7021302222163,967.6827574730963,967.6924438476562,2321563
2025-01-01,967.6924438476562,967.7021302222163,967.5956982285753,967.6924438476562,2464836
2025-01-02,967.6924438476562,967.7021302222163,967.4505207366943,967.6827574730963,5336591
2025-01-03,967.6924438476562,967.7021302222163,967.6827574730963,967.6924438476562,12445125
2025-01-06,967.6829223632812,967.6926087394918,966.2410698263826,967.6926087394918,10246935
2025-01-07,967.6924438476562,967.7021302222163,966.7247514038087,967.6924438476562,3205589
2025-01-08,967.6924438476562,967.7891894667373,967.6730710985363,967.7891894667373,6634462
2025-01-09,967.6829223632812,967.7022951157023,967.3635672646818,967.3635672646818,5940965
2025-01-10,967.6924438476562,967.7021302222163,966.2505915564448,967.6924438476562,2643186
2025-01-13,967.6924438476562,967.7021302222163,967.6827574730963,967.6924438476562,3825869
2025-01-14,967.6829223632812,967.7022951157023,966.2410698263826,967.6829223632812,2972436
2025-01-15,967.6924438476562,967.7021302222163,967.6827574730963,967.6924438476562,2863068
2025-01-16,967.6829223632812,967.7022951157023,966.2410698263826,967.6926087394918,2285497
2025-01-17,967.6924438476562,967.7021302222163,967.6827574730963,967.6924438476562,3153956
2025-01-20,967.6924438476562,967.7021302222163,967.2182840002924,967.6924438476562,2610327
2025-01-21,967.6924438476562,967.7021302222163,967.160224816192,967.6924438476562,2950936
2025-01-22,967.6829223632812,967.7022951157023,963.3960511941577,963.3960511941577,3587688
2025-01-23,967.6829223632812,968.0409639034533,967.6829223632812,967.6926087394918,4247302
2025-01-24,967.6924438476562,967.7021302222163,966.8118697115891,967.6827574730963,3022484
2025-01-27,967.6829223632812,967.7022951157023,966.9765256591477,967.6926087394918,5262695
2025-01-28,967.6924438476562,967.7021302222163,967.044106447991,967.6924438476562,4232513
2025-01-29,967.6924438476562,967.7021302222163,967.5956982285753,967.6924438476562,2600576
2025-01-30,967.6924438476562,967.7021302222163,967.1795385020524,967.6827574730963,5468713
2025-01-31,972.4989624023438,972.508696889028,972.4892279156596,972.4989624023438,2913028
2025-02-01,972.4892578125,972.5087267864669,971.9738642120278,972.4989922994835,1612872
2025-02-03,972.4892578125,972.5087267864669,972.0710903686065,972.0710903686065,4219952
2025-02-04,972.4892578125,972.5087267864669,972.08082485559,972.08082485559,2607020
2025-02-05,972.4989624023438,973.1407856006139,972.4892279156596,973.1407856006139,2292602
2025-02-06,972.4989624023438,974.0063239227422,972.1002639446743,972.4989624023438,2013772
2025-02-07,972.4989624023438,972.508696889028,972.4892279156596,972.4989624023438,3101652
2025-02-10,972.4989624023438,972.508696889028,972.1682866382115,972.1682866382115,1887664
2025-02-11,972.4892578125,972.5087267864669,972.2169889601026,972.4989922994835,2273814
2025-02-12,972.4892578125,972.5087267864669,972.0516213946396,972.0516213946396,3908790
2025-02-13,972.4989624023438,973.1407856006139,972.4892279156596,973.1407856006139,2680283
2025-02-14,972.4989624023438,972.508696889028,970.0677149963379,972.4989624023438,3962813
2025-02-17,972.4989624023438,972.508696889028,971.1957876758091,972.4989624023438,4985112
2025-02-18,972.4989624023438,1001.6739312744141,972.4892279156596,1001.6739312744141,4114985
2025-02-19,972.4989624023438,972.508696889028,971.9640998443477,972.4989624023438,2120901
2025-02-20,972.4892578125,972.5087267864669,971.526493307184,972.4892578125,2588303
2025-02-21,972.4989624023438,972.508696889028,972.4794934289754,972.4892279156596,3543621
2025-02-24,972.4892578125,973.4617568047995,972.4892578125,973.4617568047995,3250239
2025-02-25,972.4892578125,974.0063538662221,972.4892578125,974.0063538662221,2225875
2025-02-27,972.4989624023438,974.0063239227422,972.4892279156596,972.4892279156596,5124893
2025-02-28,976.0646362304688,976.0744064087123,973.6244746398926,976.0646362304688,4073941
2025-03-03,976.0548706054688,976.074410962047,975.5278171461783,976.074410962047,5321286
2025-03-04,976.0548706054688,977.0309352462525,976.0548706054688,977.0309352462525,2479769
2025-03-05,976.0548706054688,976.074410962047,975.410694155225,976.0646407837579,3791825
2025-03-06,976.0646362304688,977.0016797279828,976.0450958739817,977.0016797279828,3279734
2025-03-07,976.0646362304688,976.9235778762923,976.0548660522253,976.0646362304688,3803904
2025-03-10,976.0646362304688,977.0016797279828,976.0548660522253,976.0646362304688,4529787
2025-03-11,976.0548706054688,976.074410962047,971.4771250572227,976.0548706054688,3868661
2025-03-12,976.0646362304688,976.0744064087123,976.0548660522253,976.0548660522253,2381581
2025-03-13,976.0646362304688,978.9928301391602,976.0548660522253,978.9928301391602,2795144
2025-03-17,976.0548706054688,976.074410962047,976.0548706054688,976.0646407837579,3978630
2025-03-18,976.0548706054688,976.0548706054688,976.0548706054688,976.0548706054688,0
2025-03-19,976.0646362304688,976.0744064087123,975.5766039123536,976.0646362304688,3132736
2025-03-20,976.0646362304688,976.0744064087123,975.6059144470842,976.0646362304688,3179569
2025-03-21,976.0646362304688,977.5775245017745,975.6351654075571,977.5775245017745,4114816
2025-03-24,976.0646362304688,976.0744064087123,976.0548660522253,976.0744064087123,4150893
2025-03-25,976.0646362304688,976.9723691932522,976.0548660522253,976.0548660522253,4379826
2025-03-26,976.0548706054688,976.90404207701,976.0548706054688,976.90404207701,2579221
2025-03-27,976.0548706054688,976.074410962047,976.0548706054688,976.0548706054688,4514266
2025-03-28,980.0729370117188,980.0827473121136,980.0631267113238,980.0729370117188,3896815
2025-04-01,980.063232421875,980.0828530247811,980.063232421875,980.0730427233281,3607622
2025-04-02,980.063232421875,980.0828530247811,980.063232421875,980.0828530247811,4648565
2025-04-03,980.0729370117188,980.0827473121136,980.0631267113238,980.0827473121136,6694564
2025-04-04,980.0729370117188,980.0827473121136,980.0631267113238,980.0631267113238,18066564
2025-04-07,980.063232421875,980.0730427233281,978.7499680432161,980.0534221204219,15263249
2025-04-08,980.063232421875,980.0828530247811,977.6228601165197,977.6228601165197,4505557
2025-04-09,980.0729370117188,980.0827473121136,980.0631267113238,980.0631267113238,4325056
2025-04-11,980.0729370117188,980.0827473121136,979.5339088601432,980.0729370117188,3243046
2025-04-15,980.0729370117188,980.5629734802246,980.0631267113238,980.0729370117188,6409280
2025-04-16,980.0729370117188,980.0827473121136,980.0631267113238,980.0729370117188,4167075
2025-04-17,980.0729370117188,980.5237920975499,980.0631267113238,980.0729370117188,4090040
2025-04-21,980.0729370117188,980.0827473121136,979.6417025266774,980.0729370117188,4034697
2025-04-22,980.0729370117188,980.513981797155,980.0631267113238,980.513981797155,3254614
2025-04-23,980.063232421875,980.0828530247811,980.063232421875,980.0730427233281,3114054
2025-04-24,980.0729370117188,980.0827473121136,980.0631267113238,980.0729370117188,5673334
2025-04-25,980.0729370117188,980.0827473121136,980.0631267113238,980.0729370117188,3866076
2025-04-28,980.063232421875,981.5921439757669,979.7397915684811,981.5921439757669,3628016
2025-04-29,980.063232421875,980.7198646112045,980.063232421875,980.0828530247811,2678698
2025-04-30,983.5533447265625,983.5631898650229,983.5434995881021,983.5434995881021,3737677
2025-05-02,983.5435791015625,983.5632693800751,983.0124818637538,983.5632693800751,1803943
2025-05-05,983.5435791015625,983.5632693800751,983.0124818637538,983.5534242408188,4058729
2025-05-06,983.5533447265625,983.5631898650229,983.5434995881021,983.5434995881021,3888844
2025-05-07,983.5435791015625,984.2025430870295,983.5435791015625,984.2025430870295,3746057
2025-05-08,983.5533447265625,983.9861105994955,983.5434995881021,983.9861105994955,4214413
2025-05-09,983.5533447265625,983.5631898650229,982.6779678422362,983.5434995881021,2914237
2025-05-12,983.5435791015625,984.4189560566577,983.5435791015625,984.4189560566577,6504982
2025-05-13,983.5435791015625,983.5632693800751,983.1599788585877,983.1599788585877,2490154
2025-05-14,983.5435791015625,985.0779200421247,983.5435791015625,984.2025430870295,2660864
2025-05-15,983.5533447265625,983.5631898650229,983.5434995881021,983.5533447265625,2588090
2025-05-16,983.5533447265625,983.5631898650229,983.5434995881021,983.5533447265625,3098335
2025-05-19,983.5533447265625,984.4975775487795,983.5434995881021,983.5434995881021,4518552
2025-05-20,983.5435791015625,984.2025430870295,983.5435791015625,983.5534242408188,3620619
2025-05-21,983.5533447265625,983.5631898650229,983.5434995881021,983.5631898650229,2793052
2025-05-22,983.5533447265625,983.5631898650229,983.5434995881021,983.5533447265625,2666477
2025-05-23,983.5435791015625,983.5632693800751,983.5435791015625,983.5632693800751,3092411
2025-05-26,983.5533447265625,983.5631898650229,983.5434995881021,983.5533447265625,3655300
2025-05-27,983.5435791015625,984.4189560566577,983.5435791015625,984.4189560566577,3945218
2025-05-28,983.5435791015625,983.5632693800751,983.5435791015625,983.5435791015625,1770583
2025-05-29,983.5533447265625,983.7500674017742,983.5434995881021,983.5533447265625,5230750
2025-05-30,987.09326171875,988.6232442249358,987.0833811465502,988.6232442249358,3045107
2025-06-02,987.0833740234375,987.1031351676946,987.0833740234375,987.0932545955661,4186099
2025-06-03,987.0833740234375,988.623237090711,984.6255214590772,984.6255214590772,3486196
2025-06-04,987.0833740234375,987.1919398220692,987.0833740234375,987.1919398220692,1604054
2025-06-05,987.09326171875,987.1031422909498,987.0833811465502,987.0833811465502,2138788
2025-06-06,987.09326171875,987.1031422909498,987.0833811465502,987.09326171875,3412668
2025-06-09,987.09326171875,987.1919469459652,987.0833811465502,987.09326171875,2257366
2025-06-10,987.09326171875,987.1031422909498,986.2147342564464,987.09326171875,2517360
2025-06-11,987.09326171875,987.1031422909498,987.0833811465502,987.0833811465502,2186349
2025-06-12,987.09326171875,987.1031422909498,986.3233000558615,987.0833811465502,3613767
2025-06-13,987.09326171875,987.1031422909498,986.3233000558615,986.3233000558615,8161078
2025-06-16,987.0833740234375,987.1031351676946,987.0833740234375,987.0833740234375,1802281
2025-06-17,987.09326171875,987.1031422909498,986.3233000558615,987.0833811465502,2016257
2025-06-18,987.0833740234375,987.1031351676946,987.0833740234375,987.0833740234375,1744417
2025-06-19,987.09326171875,987.1031422909498,986.4319261026681,986.4319261026681,2821123
2025-06-20,987.0833740234375,987.1031351676946,957.4804569576991,987.0932545955661,4146243
2025-06-23,987.0833740234375,987.5868012228639,982.4539042494887,982.4539042494887,3603645
2025-06-24,987.0833740234375,987.1031351676946,987.0833740234375,987.0833740234375,2091285
2025-06-25,987.09326171875,987.1031422909498,987.0833811465502,987.09326171875,2058465
2025-06-26,987.0833740234375,987.1031351676946,987.0833740234375,987.0833740234375,6810573
2025-06-27,987.09326171875,987.1031422909498,984.4774404762387,987.09326171875,4233463
2025-06-30,990.2294311523438,991.7742021101843,990.2294311523438,990.239343216082,3654645
2025-07-01,990.2393798828125,990.2492919469178,990.2294678187072,990.2393798828125,2538487
2025-07-02,990.2294311523438,990.73446288769,987.7637448580417,990.73446288769,4654085
2025-07-03,990.2393798828125,990.2492919469178,990.2294678187072,990.2393798828125,5320239
2025-07-04,990.2393798828125,990.734499572754,990.2294678187072,990.2393798828125,13514627
2025-07-07,990.2294311523438,990.239343216082,989.4669275174551,990.239343216082,9610167
2025-07-08,990.2294311523438,990.239343216082,989.6947236651957,990.239343216082,3436931
2025-07-09,990.2294311523438,990.239343216082,989.9026352460468,990.239343216082,2593059
2025-07-10,990.2393798828125,990.2492919469178,989.962083845526,989.962083845526,2332340
2025-07-11,990.2393798828125,990.2492919469178,990.2294678187072,990.2492919469178,3607325
2025-07-14,990.2294311523438,990.2492552798202,989.6055755309645,989.6055755309645,3408645
2025-07-15,990.2294311523438,990.2492552798202,990.2294311523438,990.239343216082,2498951
2025-07-16,990.2393798828125,990.2492919469178,990.2294678187072,990.2393798828125,2068046
2025-07-17,990.2294311523438,990.2492552798202,989.7541356082122,990.2294311523438,2413011
2025-07-18,990.2393798828125,991.7742388337479,990.2294678187072,990.2294678187072,1629206
2025-07-21,990.2294311523438,990.2492552798202,990.2294311523438,990.2294311523438,1794214
2025-07-22,990.2393798828125,990.2492919469178,990.2294678187072,990.2393798828125,2940228
2025-07-23,990.2294311523438,991.7742021101843,990.2294311523438,991.7742021101843,1729881
2025-07-24,990.2393798828125,990.2492919469178,989.69476031176,990.2294678187072,1773644
2025-07-25,990.2393798828125,990.2492919469178,989.69476031176,990.2393798828125,4470074
2025-07-28,990.2294311523438,990.2492552798202,989.7640476719504,990.239343216082,1984476
2025-07-29,990.2294311523438,990.2492552798202,990.2294311523438,990.239343216082,5296033
2025-07-30,990.2393798828125,990.2492919469178,990.2294678187072,990.2393798828125,3305094
2025-07-31,993.8683471679688,993.878295557186,993.8583987787515,993.8683471679688,6094319
2025-08-01,993.8583984375,993.8782952159277,993.8583984375,993.8583984375,3336184
2025-08-04,993.8583984375,994.8224822775951,993.8583984375,994.8224822775951,4250654
2025-08-05,993.8683471679688,995.4088309738971,993.3217317092084,995.4088309738971,3118805
2025-08-06,993.8583984375,993.9677093970326,993.8583984375,993.8583984375,3103421
2025-08-07,993.8583984375,993.8782952159277,993.8583984375,993.8583984375,3634966
2025-08-08,993.8683471679688,994.7429561663494,993.8583987787515,993.8683471679688,2064005
2025-08-11,993.8583984375,993.8782952159277,993.8583984375,993.8683468267138,3263191
2025-08-12,993.8683471679688,993.878295557186,993.8583987787515,993.8683471679688,1885517
2025-08-13,993.8583984375,993.8782952159277,993.3217313681412,993.3217313681412,1558738
2025-08-14,993.8683471679688,993.878295557186,993.8583987787515,993.8583987787515,3184379
2025-08-18,993.8583984375,993.8782952159277,991.8806101330605,993.8683468267138,2549396
2025-08-19,993.8583984375,994.7926371099535,993.8583984375,994.7926371099535,1862542
2025-08-20,993.8683471679688,993.878295557186,993.8583987787515,993.8683471679688,2600595
2025-08-21,993.8683471679688,995.4088309738971,993.3217317092084,993.8683471679688,4060410
2025-08-22,993.8683471679688,993.878295557186,993.6198800811768,993.8683471679688,2485974
2025-08-25,993.8583984375,994.8224822775951,992.9837894394198,992.9837894394198,1833682
2025-08-26,993.8583984375,994.7429558247942,993.8583984375,993.8683468267138,2704602
2025-08-28,993.8583984375,993.8782952159277,993.3217313681412,993.3217313681412,5506871
2025-08-29,996.9228515625,996.9328305265904,996.3745561636091,996.9128725984096,3507471
2025-09-01,996.912841796875,996.9327997244391,996.912841796875,996.922820760657,3661711
2025-09-02,996.912841796875,996.9327997244391,996.912841796875,996.922820760657,2693635
2025-09-03,996.912841796875,996.9327997244391,996.4343383140588,996.912841796875,3057207
2025-09-04,996.9228515625,996.9328305265904,996.9128725984096,996.9128725984096,2045966
2025-09-05,996.912841796875,996.9327997244391,996.912841796875,996.922820760657,1699291
2025-09-08,996.912841796875,997.2218854374172,996.4841722856288,996.4841722856288,3076631
2025-09-09,996.912841796875,996.9327997244391,996.912841796875,996.912841796875,2002121
2025-09-10,996.912841796875,996.9327997244391,996.912841796875,996.922820760657,2978663
2025-09-11,996.912841796875,996.9327997244391,996.5838402287688,996.912841796875,1789593
2025-09-12,996.9228515625,997.6905016293526,996.4443480648995,996.9128725984096,2900482
2025-09-15,996.912841796875,996.9327997244391,996.4841722856288,996.4841722856288,3595653
2025-09-16,996.912841796875,996.9327997244391,996.912841796875,996.922820760657,1788073
2025-09-17,996.9228515625,996.9328305265904,996.9128725984096,996.9328305265904,1754139
2025-09-18,996.9228515625,996.9328305265904,996.9128725984096,996.9228515625,1938983
2025-09-19,996.9228515625,996.9328305265904,996.9128725984096,996.9228515625,975685
2025-09-22,996.912841796875,996.9327997244391,996.4343383140588,996.912841796875,2264642
2025-09-23,996.9228515625,996.9328305265904,996.4842030739188,996.9128725984096,1942511
2025-09-24,996.9228515625,997.1720822753907,996.9128725984096,997.1720822753907,1654535
2025-09-25,996.9228515625,996.9328305265904,996.9128725984096,996.9228515625,1673135
2025-09-26,996.9228515625,996.9328305265904,996.9128725984096,996.9228515625,4151519
2025-09-29,996.912841796875,997.6904708037916,996.4841722856288,996.922820760657,3804834
2025-09-30,1000.0,1000.010009765625,999.989990234375,1000.0,6345930
2025-10-01,1000.0,1000.989990234375,999.989990234375,1000.0,8177933
2025-10-03,1000.0,1000.010009765625,999.989990234375,1000.0,13839374
2025-10-06,999.989990234375,1000.010009765625,998.6099853515625,999.989990234375,10941036
2025-10-07,1000.0,1000.010009765625,999.989990234375,999.989990234375,3938239
2025-10-08,1000.0,1000.010009765625,999.989990234375,1000.0,2506646
2025-10-09,999.989990234375,1000.010009765625,999.989990234375,999.989990234375,2340913
2025-10-10,1000.0,1000.010009765625,999.989990234375,1000.0,2494471
2025-10-13,999.989990234375,1000.969970703125,999.989990234375,1000.0,2818015
2025-10-14,999.989990234375,1000.010009765625,999.5599975585938,999.989990234375,2550786
2025-10-15,999.989990234375,1000.010009765625,999.989990234375,999.989990234375,2228759
2025-10-16,1000.0,1000.010009765625,999.989990234375,1000.0,2441386
2025-10-17,1000.0,1000.010009765625,999.989990234375,999.989990234375,4699425
2025-10-20,1000.0,1000.010009765625,999.5599975585938,1000.0,2604692
2025-10-21,1000.0,1000.010009765625,999.5599975585938,999.989990234375,705053
2025-10-23,999.989990234375,1000.010009765625,999.989990234375,999.989990234375,3419475
2025-10-27,1000.0,1000.8499755859375,999.989990234375,999.989990234375,2226874
2025-10-28,999.989990234375,1000.010009765625,999.97998046875,999.97998046875,4140634
2025-10-29,999.989990234375,1029.989990234375,999.989990234375,1029.989990234375,5983125
2025-10-30,999.989990234375,1000.010009765625,999.989990234375,999.989990234375,2987518
2025-10-31,1000.0,1000.010009765625,999.989990234375,1000.0,1880440
2025-11-03,999.989990234375,1000.010009765625,999.6300048828125,1000.0,1999307
2025-11-04,1000.0,1000.010009765625,999.989990234375,1000.010009765625,1989262
2025-11-06,1000.0,1000.5,999.989990234375,999.989990234375,2712119
2025-11-07,1000.0,1000.010009765625,999.989990234375,1000.0,2335610
2025-11-10,1000.0,1000.010009765625,999.989990234375,999.989990234375,1780130
2025-11-11,999.989990234375,1000.010009765625,999.989990234375,999.989990234375,1774276
2025-11-12,999.989990234375,1000.010009765625,999.989990234375,1000.0,2080643
2025-11-13,999.989990234375,1000.010009765625,999.989990234375,999.989990234375,1618273
2025-11-14,1000.0,1000.010009765625,999.0,999.0,2589261
2025-11-17,999.989990234375,1000.010009765625,999.989990234375,1000.010009765625,2223597
2025-11-18,1000.0,1000.010009765625,999.989990234375,999.989990234375,2433150
2025-11-19,1000.0,1000.010009765625,999.989990234375,999.989990234375,2664301
2025-11-20,1000.0,1000.010009765625,999.989990234375,1000.0,2464407
2025-11-21,1000.0,1000.010009765625,999.989990234375,1000.0,3600701
2025-11-24,999.989990234375,1000.010009765625,999.1099853515625,999.1099853515625,3025072
2025-11-25,1000.0,1000.010009765625,999.989990234375,1000.0,5954978
2025-11-26,999.989990234375,1000.010009765625,999.989990234375,1000.0,1977815
2025-11-27,999.989990234375,1000.010009765625,999.989990234375,1000.0,3168144
2025-11-28,999.989990234375,1000.010009765625,999.989990234375,999.989990234375,1918006
2025-12-01,1000.0,1000.010009765625,999.9000244140625,999.9000244140625,2220101
2025-12-02,999.989990234375,1000.010009765625,999.989990234375,1000.0,1977553
2025-12-03,999.989990234375,1000.010009765625,999.989990234375,1000.0,2487047
2025-12-04,999.989990234375,1000.010009765625,999.989990234375,1000.0,2916573
2025-12-05,1000.0,1000.010009765625,999.989990234375,1000.0,2835394
2025-12-08,1000.0,1000.010009765625,999.0,1000.0,2432399
2025-12-09,999.989990234375,1000.010009765625,999.989990234375,1000.0,4335018
2025-12-10,999.989990234375,1000.5,999.989990234375,1000.5,3421543
2025-12-11,999.989990234375,1000.010009765625,999.989990234375,1000.0,3018481
2025-12-12,1000.0,1000.010009765625,999.989990234375,999.989990234375,2266391
2025-12-15,999.989990234375,1000.010009765625,999.989990234375,1000.0,1969593
2025-12-16,1000.0,1000.010009765625,999.989990234375,1000.0,2052773
2025-12-17,1000.0,1000.010009765625,999.989990234375,999.989990234375,3031875
2025-12-18,1000.0,1000.989990234375,999.0900268554688,1000.989990234375,2343912
2025-12-19,1000.0,1000.0,1000.0,1000.0,0
2025-12-22,1000.0,1000.5,999.989990234375,1000.0,2161879
2025-12-23,1000.0,1000.010009765625,999.989990234375,1000.0,2351254
2025-12-24,1000.0,1000.010009765625,999.989990234375,1000.0,2653141
2025-12-26,999.989990234375,1000.010009765625,999.989990234375,999.989990234375,3502041
2025-12-29,1000.0,1000.010009765625,997.1500244140625,1000.0,3645339
2025-12-30,1000.0,1000.010009765625,999.9000244140625,1000.0,3575253
2025-12-31,999.989990234375,1000.010009765625,999.989990234375,999.989990234375,4074677
2026-01-01,1000.0,1000.5,999.989990234375,999.989990234375,4785423
2026-01-02,1000.0,1025.0,999.989990234375,1025.0,12254248
2026-01-05,999.989990234375,1000.010009765625,999.0900268554688,1000.0,11095430
2026-01-06,999.989990234375,1000.010009765625,999.9000244140625,999.989990234375,3167175
2026-01-07,1000.0,1000.010009765625,999.989990234375,1000.0,2871904
2026-01-08,1000.0,1000.010009765625,999.0900268554688,999.0900268554688,2768683
2026-01-09,1000.0,1000.010009765625,999.989990234375,999.989990234375,2384434
2026-01-12,999.989990234375,1000.010009765625,999.0900268554688,999.989990234375,4216883
2026-01-13,1000.0,1000.010009765625,999.0900268554688,999.0900268554688,3393622
2026-01-14,1000.0,1000.010009765625,999.989990234375,1000.0,1891317
2026-01-15,1000.0,1000.0,1000.0,1000.0,0
2026-01-16,1000.0,1002.0,995.0,995.0,1919904
2026-01-19,1000.0,1000.010009765625,999.4000244140625,1000.0,3196301
2026-01-20,1000.0,1000.010009765625,970.0,970.0,2930886
2026-01-21,999.989990234375,1000.010009765625,999.989990234375,999.989990234375,5225931
2026-01-22,999.989990234375,1000.010009765625,999.989990234375,999.989990234375,3704766
2026-01-23,1000.0,1000.989990234375,999.989990234375,1000.989990234375,5134105
2026-01-27,1000.0,1000.010009765625,999.989990234375,999.989990234375,5632428
2026-01-28,999.989990234375,1000.010009765625,999.989990234375,999.989990234375,5932859
2026-01-29,999.989990234375,1000.010009765625,998.0,999.989990234375,3547635
2026-01-30,1000.0,1000.8499755859375,999.989990234375,1000.8499755859375,4198968
2026-02-02,999.989990234375,1000.010009765625,998.0900268554688,1000.0,4127700
2026-02-03,999.989990234375,1000.010009765625,998.0900268554688,999.989990234375,3564022
2026-02-04,999.989990234375,1000.010009765625,999.989990234375,1000.0,3148815
2026-02-05,1000.0,1000.010009765625,999.989990234375,999.989990234375,2194126
2026-02-06,1000.0,1001.8800048828125,999.989990234375,1001.8800048828125,4456795
2026-02-09,999.989990234375,1000.010009765625,999.989990234375,1000.0,2536418
2026-02-10,1000.0,1000.010009765625,999.989990234375,999.989990234375,3055840
2026-02-11,999.989990234375,1000.010009765625,999.989990234375,1000.0,2412576
2026-02-12,1000.0,1000.010009765625,999.989990234375,1000.0,2669409
2026-02-13,1000.0,1000.010009765625,999.989990234375,1000.0,4447046
2026-02-16,999.989990234375,1000.010009765625,999.989990234375,999.989990234375,4751501
2026-02-17,999.989990234375,1000.010009765625,999.989990234375,1000.0,2290610
2026-02-18,1000.0,1000.010009765625,999.989990234375,999.989990234375,2739077
2026-02-19,1000.0,1000.0999755859375,999.989990234375,1000.0999755859375,3740200
2026-02-20,1000.0,1000.010009765625,999.9500122070312,1000.0,3238589
2026-02-23,1000.0,1000.010009765625,999.989990234375,1000.0,4198430
2026-02-24,1000.0,1000.010009765625,999.9500122070312,1000.0,4230898
2026-02-25,999.989990234375,1000.010009765625,999.989990234375,1000.0,4951315
2026-02-26,999.989990234375,1000.010009765625,999.989990234375,1000.0,3646806
2026-02-27,999.989990234375,1000.010009765625,999.989990234375,999.989990234375,2711448
2026-03-02,999.989990234375,1000.010009765625,999.97998046875,999.989990234375,4088184
2026-03-04,999.989990234375,1000.010009765625,999.989990234375,999.989990234375,3731779
2026-03-05,1000.0,1000.010009765625,999.989990234375,1000.0,2405298
2026-03-06,1000.0,1000.010009765625,999.989990234375,1000.0,3795516
2026-03-09,999.989990234375,1000.010009765625,997.0,999.989990234375,5450727
2026-03-10,999.989990234375,1000.010009765625,999.989990234375,999.989990234375,3273313
2026-03-11,1000.0,1000.010009765625,999.989990234375,999.989990234375,3390055
2026-03-12,999.989990234375,1000.010009765625,998.0900268554688,1000.0,3197887
2026-03-13,1000.0,1000.010009765625,999.989990234375,1000.0,5804837
2026-03-16,999.989990234375,1000.010009765625,999.989990234375,999.989990234375,4422305
2026-03-17,1000.0,1000.010009765625,999.989990234375,1000.0,3701133
2026-03-18,1000.0,1000.010009765625,999.0,999.0,3971089
2026-03-19,1000.0,1000.010009765625,999.989990234375,1000.0,3911615
2026-03-20,999.989990234375,1000.010009765625,999.0,999.989990234375,2486750
2026-03-23,1000.0,1000.010009765625,999.989990234375,1000.0,3765898
2026-03-24,999.989990234375,1000.010009765625,999.989990234375,1000.0,5766034
2026-03-25,999.989990234375,1000.010009765625,999.989990234375,1000.0,4676396
2026-03-27,1000.0,1000.010009765625,999.989990234375,1000.010009765625,4565204
2026-03-30,1000.0,1000.010009765625,999.989990234375,1000.0,6407847
2026-04-01,1000.0,1000.010009765625,999.989990234375,1000.0,3062381
2026-04-02,1000.0,1000.010009765625,999.989990234375,1000.0,4870565
2026-04-06,999.989990234375,1000.010009765625,998.0900268554688,998.0900268554688,5886068
2026-04-07,1000.0,1001.8800048828125,999.989990234375,1000.030029296875,2581350
2026-04-08,999.989990234375,1000.010009765625,999.0,1000.0,4897526
2026-04-09,999.989990234375,1000.02001953125,999.989990234375,1000.02001953125,3148131
2026-04-10,1000.0,1000.010009765625,999.0,1000.0,3261766
2026-04-13,1000.0,1000.010009765625,999.989990234375,1000.0,3932865
2026-04-15,1000.0,1000.02001953125,999.989990234375,1000.02001953125,5121937
2026-04-16,1000.0,1000.010009765625,999.989990234375,1000.0,7375739
2026-04-17,1000.0,1000.010009765625,999.989990234375,1000.0,17957001
2026-04-20,999.989990234375,1000.010009765625,999.0,999.0,11672917
2026-04-21,999.989990234375,1000.010009765625,970.2999877929688,999.989990234375,5653284
2026-04-22,999.989990234375,1000.010009765625,998.0900268554688,999.989990234375,5077832
2026-04-23,1000.0,1000.010009765625,999.989990234375,999.989990234375,2988556
2026-04-24,999.989990234375,1000.010009765625,999.989990234375,999.989990234375,3379934
2026-04-27,999.989990234375,1000.010009765625,997.1500244140625,999.989990234375,2769743
2026-04-28,1000.0,1000.010009765625,999.989990234375,999.989990234375,5078706
2026-04-29,999.989990234375,1000.010009765625,999.0,1000.0,2768222
2026-04-30,999.989990234375,1000.010009765625,999.989990234375,999.989990234375,2874888
2026-05-01,999.989990234375,999.989990234375,999.989990234375,999.989990234375,0
2026-05-04,999.989990234375,1002.97998046875,969.989990234375,1000.010009765625,2801024
2026-05-05,1000.0,1000.010009765625,999.989990234375,1000.0,1897500
2026-05-06,999.989990234375,1000.010009765625,999.989990234375,1000.0,2776175
2026-05-07,1000.0,1000.010009765625,999.989990234375,999.989990234375,2318196
2026-05-08,1000.0,1000.010009765625,999.989990234375,999.989990234375,2516506
2026-05-11,1000.0,1000.010009765625,999.989990234375,1000.0,2710219
2026-05-12,1000.0,1000.010009765625,999.0,999.0,3850117
2026-05-13,1000.0,1000.010009765625,970.2999877929688,999.989990234375,4089279
2026-05-14,1000.0,1003.0,999.989990234375,999.989990234375,2472326
2026-05-15,1000.0,1000.010009765625,999.989990234375,1000.0,6542842
2026-05-18,1000.0,1000.010009765625,995.0,999.9400024414062,2313957
2026-05-19,999.989990234375,1000.010009765625,995.0,995.0,2903192
2026-05-20,999.989990234375,1000.010009765625,999.989990234375,1000.0,2812289
2026-05-21,1000.0,1000.010009765625,999.989990234375,999.989990234375,1745942
2026-05-22,1000.0,1000.010009765625,999.989990234375,999.989990234375,1725090
2026-05-25,999.989990234375,1000.010009765625,999.989990234375,1000.0,3414550
2026-05-26,1000.0,1000.010009765625,999.989990234375,1000.0,3960094
2026-05-27,999.989990234375,1000.010009765625,999.989990234375,1000.0,3955477
2026-05-28,999.989990234375,999.989990234375,999.989990234375,999.989990234375,0
2026-05-29,999.989990234375,1000.010009765625,999.989990234375,999.989990234375,6224058
2026-06-01,999.989990234375,1000.010009765625,999.989990234375,999.989990234375,2245422
2026-06-02,1000.0,1000.010009765625,974.989990234375,974.989990234375,2706538
2026-06-03,1000.0,1000.010009765625,997.0,1000.0,2660112
2026-06-04,999.989990234375,1000.010009765625,975.010009765625,1000.0,2273252
2026-06-05,1000.0,1000.010009765625,999.989990234375,999.989990234375,2379849
2026-06-08,999.989990234375,1000.010009765625,997.260009765625,1000.0,3082839
2026-06-09,1000.0,1000.010009765625,998.0599975585938,999.0,2213442
2026-06-10,999.989990234375,1000.010009765625,999.989990234375,1000.0,2392444
2026-06-11,1000.0,1000.010009765625,997.0,997.0,2570991
2026-06-12,999.989990234375,1000.010009765625,999.989990234375,1000.0,2538926
2026-06-15,999.989990234375,1000.010009765625,998.0900268554688,999.989990234375,2680064
2026-06-16,1000.0,1000.010009765625,999.989990234375,1000.0,2031814
2026-06-17,999.989990234375,1000.010009765625,998.0900268554688,999.989990234375,3391689
2026-06-18,999.989990234375,1000.010009765625,999.0499877929688,999.989990234375,2720266
2026-06-19,1000.0,1000.010009765625,999.0900268554688,999.989990234375,3972075
2026-06-22,1000.0,1000.010009765625,999.989990234375,1000.0,3217873
2026-06-23,1000.0,1000.010009765625,999.0999755859375,1000.0,3401970
2026-06-24,999.989990234375,1003.0,999.1099853515625,999.1099853515625,4855377
2026-06-25,999.989990234375,1000.010009765625,999.989990234375,999.989990234375,2561339
2026-06-26,999.989990234375,999.989990234375,999.989990234375,999.989990234375,0
2026-06-29,1000.0,1000.010009765625,999.989990234375,1000.0,2860331
2026-06-30,1000.0,1000.010009765625,999.989990234375,1000.0,6804281
2026-07-01,1000.0,1000.010009765625,999.989990234375,999.989990234375,3263342
2026-07-02,1000.0,1000.969970703125,999.1099853515625,1000.969970703125,4816380
2026-07-03,1000.0,1000.010009765625,999.1799926757812,1000.0,14472549
2026-07-06,999.989990234375,1000.0,998.0999755859375,1000.0,10132069
2026-07-07,1000.0,1000.010009765625,999.97998046875,999.989990234375,4297354
2026-07-08,1000.0,1000.010009765625,999.989990234375,1000.0,3761949
2026-07-09,999.989990234375,1000.010009765625,999.989990234375,1000.0,2868723
2026-07-10,1000.0,1000.010009765625,999.1099853515625,999.1099853515625,3183564
2026-07-13,999.989990234375,1000.010009765625,999.5,1000.0,2425128
2026-07-14,1000.0,1005.0,999.1099853515625,1000.0,2981014
2026-07-15,1000.0,1000.010009765625,999.1099853515625,1000.0,3646592
2026-07-16,1000.0,1000.010009765625,999.989990234375,1000.0,2299883
2026-07-17,1000.0,1000.010009765625,999.1099853515625,1000.0,3514326
2026-07-20,1000.0,1002.97998046875,980.0,980.0,3677960
2026-07-21,1000.0,1001.0,999.1099853515625,1001.0,2870847
2026-07-22,1000.0,1000.010009765625,999.5999755859375,1000.0,2902207
2026-07-23,999.989990234375,1000.010009765625,999.5999755859375,1000.010009765625,2142786
2026-07-24,999.989990234375,1000.010009765625,999.989990234375,1000.0,4338278
2026-07-27,999.989990234375,1000.969970703125,999.989990234375,1000.969970703125,2867011
2026-07-28,1000.0,1001.0,975.010009765625,975.010009765625,5583500
2026-07-29,1000.0,1000.010009765625,999.989990234375,1000.010009765625,2770512
2026-07-30,999.989990234375,1000.969970703125,999.989990234375,1000.010009765625,2199229
2026-07-31,1000.0,1000.969970703125,999.989990234375,1000.0,2922698
2026-08-03,999.989990234375,1000.010009765625,999.219970703125,1000.0,2215987
2026-08-04,999.989990234375,1001.0,999.989990234375,1001.0,2882079
2026-08-05,1000.0,1002.97998046875,999.989990234375,1002.97998046875,4078946
2026-08-06,999.989990234375,1000.010009765625,999.989990234375,1000.0,3520701
2026-08-07,1000.0,1000.010009765625,999.989990234375,999.989990234375,3015559
2026-08-10,1000.0,1000.5,999.219970703125,1000.0,2962236
2026-08-11,1000.0,1000.47998046875,999.989990234375,999.989990234375,3399185
2026-08-12,1000.0,1000.969970703125,999.6099853515625,1000.0,1935134
2026-08-13,999.989990234375,1000.010009765625,999.989990234375,1000.0,4110315
2026-08-14,1000.0,1000.010009765625,999.0,999.989990234375,2686770
2026-08-17,999.989990234375,1000.010009765625,999.6099853515625,999.6199951171875,1913872
2026-08-18,1000.0,1000.010009765625,999.989990234375,999.989990234375,2862680
2026-08-19,999.989990234375,1000.010009765625,999.989990234375,1000.0,2458263
2026-08-20,999.989990234375,1000.8800048828125,999.989990234375,1000.0,2354078
2026-08-21,999.989990234375,1000.010009765625,999.989990234375,1000.0,3042098
2026-08-24,999.989990234375,1000.010009765625,999.6599731445312,1000.0,3643933
2026-08-25,1000.0,1000.010009765625,999.6199951171875,999.989990234375,4374134
2026-08-26,1000.0,1000.77001953125,999.989990234375,1000.77001953125,3457981
2026-08-27,1000.0,1000.010009765625,999.6599731445312,999.6599731445312,4828363
2026-08-28,1000.0,1000.010009765625,999.989990234375,1000.0,4166382
2026-08-31,999.989990234375,1000.010009765625,999.989990234375,1000.0,2735032
2026-09-01,1000.0,1000.010009765625,999.989990234375,1000.010009765625,2440409
2026-09-02,1000.0,1000.010009765625,999.989990234375,1000.0,2397673
2026-09-03,1000.0,1000.010009765625,999.6199951171875,1000.0,2625971
2026-09-04,1000.0,1020.0,999.989990234375,1020.0,2607097
2026-09-07,999.989990234375,1001.0,999.6199951171875,1000.0,3518550
2026-09-08,1000.0,1000.02001953125,999.989990234375,1000.0,2577615
2026-09-09,999.989990234375,1000.010009765625,999.989990234375,1000.0,2370214
2026-09-10,999.989990234375,1000.010009765625,999.989990234375,999.989990234375,2258098
2026-09-11,1000.0,1000.010009765625,999.6199951171875,1000.0,3052115
2026-09-14,1000.0,1000.0,1000.0,1000.0,0
2026-09-15,999.989990234375,1001.0,999.989990234375,1001.0,4879279
2026-09-16,999.989990234375,1000.010009765625,999.989990234375,999.989990234375,3811884
2026-09-17,999.989990234375,1000.010009765625,999.989990234375,1000.0,2962685
2026-09-18,999.989990234375,1000.010009765625,999.989990234375,999.989990234375,6909810
2026-09-21,1000.0,1000.010009765625,999.989990234375,999.989990234375,6636668
2026-09-22,1000.0,1000.010009765625,999.219970703125,1000.0,2523773
2026-09-23,1000.0,1000.010009765625,999.989990234375,1000.0,3252975
2026-09-24,999.989990234375,1000.010009765625,999.989990234375,999.989990234375,2147668
2026-09-25,999.989990234375,1000.010009765625,999.989990234375,999.989990234375,4213190
2026-09-28,999.989990234375,1000.010009765625,999.989990234375,1000.0,3571800
2026-09-29,1000.0,1000.010009765625,994.989990234375,1000.0,6333869
