Date,Close,High,Low,Open,Volume
2009-01-02,30.555999755859375,30.94499969482422,30.299999237060547,30.600000381469727,1344830
2009-01-05,31.174999237060547,31.3700008392334,30.700000762939453,30.700000762939453,2429180
2009-01-06,31.124000549316406,31.479999542236328,30.60300064086914,31.100000381469727,1418730
2009-01-07,29.264999389648438,31.5,28.899999618530273,31.3799991607666,5724640
2009-01-09,28.854999542236328,29.5,28.030000686645508,29.0,1820800
2009-01-12,27.72599983215332,28.75,27.559999465942383,28.5,1845050
2009-01-13,27.636999130249023,28.190000534057617,27.51099967956543,27.700000762939453,1743530
2009-01-14,28.492000579833984,28.799999237060547,27.799999237060547,27.799999237060547,900410
2009-01-15,27.649999618530273,28.065000534057617,27.299999237060547,27.985000610351562,1200560
2009-01-16,28.51099967956543,28.690000534057617,27.719999313354492,27.850000381469727,689330
2009-01-19,28.445999145507812,28.709999084472656,28.065000534057617,28.065000534057617,794070
2009-01-20,28.31399917602539,28.549999237060547,27.780000686645508,28.389999389648438,705160
2009-01-21,27.535999298095703,28.200000762939453,27.309999465942383,28.200000762939453,1264160
2009-01-22,27.350000381469727,27.899999618530273,27.200000762939453,27.899999618530273,970500
2009-01-23,27.211000442504883,27.600000381469727,27.040000915527344,27.399999618530273,875460
2009-01-27,27.72100067138672,27.850000381469727,27.25,27.301000595092773,662830
2009-01-28,28.496000289916992,28.589000701904297,27.864999771118164,27.864999771118164,640780
2009-01-29,28.256999969482422,28.799999237060547,28.049999237060547,28.611000061035156,813550
2009-01-30,28.9689998626709,29.10099983215332,27.900999069213867,28.0,987080
2009-02-02,28.170000076293945,28.850000381469727,28.049999237060547,28.850000381469727,1724660
2009-02-03,28.291000366210938,28.599000930786133,28.0,28.299999237060547,450500
2009-02-04,28.10300064086914,28.68899917602539,27.94099998474121,28.5,838680
2009-02-05,28.020000457763672,28.5,27.81999969482422,28.299999237060547,420750
2009-02-06,28.618999481201172,28.780000686645508,28.200000762939453,28.200000762939453,528480
2009-02-09,29.327999114990234,29.399999618530273,28.625999450683594,28.788999557495117,820950
2009-02-10,29.555999755859375,29.700000762939453,29.0,29.388999938964844,1100710
2009-02-11,29.450000762939453,29.600000381469727,29.0,29.100000381469727,643300
2009-02-12,29.142000198364258,29.450000762939453,29.0,29.399999618530273,409900
2009-02-13,29.815000534057617,29.899999618530273,29.315000534057617,29.548999786376953,1040710
2009-02-16,28.54199981689453,29.815000534057617,28.399999618530273,29.700000762939453,1050890
2009-02-17,27.908000946044922,28.34000015258789,27.711000442504883,28.299999237060547,722930
2009-02-18,28.14900016784668,28.479999542236328,27.709999084472656,27.96500015258789,473580
2009-02-19,28.298999786376953,28.3799991607666,28.000999450683594,28.200000762939453,320420
2009-02-20,27.488000869750977,27.948999404907227,27.295000076293945,27.948999404907227,1044230
2009-02-24,27.523000717163086,27.59000015258789,27.020999908447266,27.200000762939453,1251550
2009-02-25,27.947999954223633,28.200000762939453,27.68000030517578,27.700000762939453,736690
2009-02-26,28.018999099731445,28.190000534057617,27.604999542236328,28.100000381469727,787880
2009-02-27,28.016000747680664,28.200000762939453,27.309999465942383,28.049999237060547,871000
2009-03-02,27.04599952697754,27.45400047302246,26.809999465942383,27.110000610351562,974790
2009-03-03,26.756000518798828,27.350000381469727,26.600000381469727,27.15999984741211,1439290
2009-03-04,26.93600082397461,27.075000762939453,26.625,26.850000381469727,1298960
2009-03-05,25.981000900268555,27.3700008392334,25.854999542236328,27.299999237060547,1608580
2009-03-06,26.634000778198242,26.700000762939453,25.690000534057617,25.690000534057617,761290
2009-03-09,26.239999771118164,26.5,26.024999618530273,26.299999237060547,693880
2009-03-12,26.643999099731445,26.989999771118164,26.43000030517578,26.979999542236328,781020
2009-03-13,27.430999755859375,27.496999740600586,26.979999542236328,27.065000534057617,696800
2009-03-16,28.01799964904785,28.09000015258789,27.399999618530273,27.59000015258789,723110
2009-03-17,27.770000457763672,28.280000686645508,27.649999618530273,28.03499984741211,854500
2009-03-18,28.083999633789062,28.520000457763672,27.899999618530273,27.899999618530273,930710
2009-03-19,28.172000885009766,28.450000762939453,27.84000015258789,28.2450008392334,523090
2009-03-20,28.202999114990234,28.270000457763672,27.8799991607666,28.09000015258789,952760
2009-03-23,29.472999572753906,29.679000854492188,28.454999923706055,28.454999923706055,2268600
2009-03-24,29.53499984741211,30.268999099731445,29.200000762939453,29.665000915527344,1841170
2009-03-25,29.957000732421875,30.100000381469727,29.200000762939453,29.549999237060547,1748460
2009-03-26,30.972999572753906,31.100000381469727,30.197999954223633,30.399999618530273,1993150
2009-03-27,31.22100067138672,31.3799991607666,30.600000381469727,30.899999618530273,1285320
2009-03-30,29.833999633789062,30.899999618530273,29.655000686645508,30.899999618530273,2026270
2009-03-31,30.305999755859375,30.59000015258789,29.75,30.295000076293945,1832240
2009-04-01,30.871000289916992,31.0,29.815000534057617,30.40999984741211,1163440
2009-04-02,32.22800064086914,32.400001525878906,31.299999237060547,31.299999237060547,2060100
2009-04-06,32.70199966430664,33.20000076293945,32.356998443603516,32.83599853515625,2068020
2009-04-08,33.54100036621094,33.689998626708984,31.5,32.29999923706055,1727440
2009-04-09,33.529998779296875,34.04999923706055,33.17499923706055,33.70000076293945,2125990
2009-04-13,33.86800003051758,34.349998474121094,33.400001525878906,33.720001220703125,2435140
2009-04-15,35.01499938964844,35.2400016784668,33.099998474121094,33.505001068115234,5083870
2009-04-16,33.77199935913086,35.20000076293945,33.650001525878906,35.20000076293945,2524740
2009-04-17,33.9640007019043,35.0,33.70500183105469,34.0,2332870
2009-04-20,33.81700134277344,34.48500061035156,33.5,34.0,1770240
2009-04-21,33.832000732421875,34.23500061035156,33.30500030517578,33.45000076293945,2157830
2009-04-22,33.358001708984375,34.14500045776367,33.060001373291016,34.095001220703125,3011690
2009-04-23,34.49599838256836,34.790000915527344,33.25,33.400001525878906,1928150
2009-04-24,35.06700134277344,35.165000915527344,34.150001525878906,34.599998474121094,1289860
2009-04-27,34.89099884033203,35.30500030517578,34.400001525878906,34.904998779296875,1234140
2009-04-28,33.73699951171875,34.790000915527344,33.599998474121094,34.790000915527344,1446180
2009-04-29,34.849998474121094,35.09000015258789,33.80500030517578,33.90999984741211,1430140
2009-05-04,36.597999572753906,36.68000030517578,35.20000076293945,35.220001220703125,2100690
2009-05-05,37.284000396728516,37.5,36.275001525878906,36.599998474121094,4786130
2009-05-06,36.76100158691406,37.59000015258789,36.5,36.720001220703125,1285780
2009-05-07,36.917999267578125,37.15800094604492,36.560001373291016,36.79999923706055,1734650
2009-05-08,36.26499938964844,37.249000549316406,36.005001068115234,36.999000549316406,1076490
2009-05-11,35.72999954223633,36.69900131225586,35.6609992980957,36.499000549316406,1170690
2009-05-12,37.073001861572266,37.380001068115234,35.5099983215332,35.9900016784668,1115550
2009-05-13,36.816001892089844,37.5,36.5,37.099998474121094,1341480
2009-05-14,36.22800064086914,36.816001892089844,36.0,36.04999923706055,1750430
2009-05-15,37.30099868774414,37.5,36.5099983215332,36.54999923706055,1863910
2009-05-18,42.75699996948242,44.5,40.0,40.0,138700
2009-05-19,43.327999114990234,46.0,41.54999923706055,44.0,6109750
2009-05-20,42.86399841308594,43.87900161743164,42.41999816894531,42.79999923706055,5485030
2009-05-21,42.17900085449219,43.28900146484375,42.04999923706055,42.525001525878906,1893230
2009-05-22,42.66899871826172,43.0,41.79999923706055,42.0,1301720
2009-05-25,42.60900115966797,42.900001525878906,42.349998474121094,42.69900131225586,678180
2009-05-26,41.624000549316406,42.779998779296875,41.29999923706055,42.599998474121094,1107870
2009-05-27,43.28799819946289,43.48500061035156,42.03200149536133,42.099998474121094,1106860
2009-05-28,43.479000091552734,43.749000549316406,42.959999084472656,43.4900016784668,841050
2009-05-29,44.606998443603516,45.0,43.64899826049805,43.64899826049805,1946770
2009-06-01,45.46699905395508,45.650001525878906,44.79999923706055,45.29999923706055,1379810
2009-06-02,45.28200149536133,46.189998626708984,44.70000076293945,45.79999923706055,2064830
2009-06-03,45.48899841308594,45.88999938964844,45.0099983215332,45.599998474121094,747770
2009-06-04,45.78900146484375,45.89500045776367,40.0,40.0,1458370
2009-06-05,46.02000045776367,46.45000076293945,45.61000061035156,45.900001525878906,1334490
2009-06-08,44.492000579833984,46.27799987792969,44.209999084472656,46.02000045776367,1220640
2009-06-09,45.54199981689453,45.70000076293945,44.0,44.0,1217010
2009-06-10,46.689998626708984,46.9900016784668,45.79999923706055,45.79999923706055,1614990
2009-06-11,46.62799835205078,47.0,46.099998474121094,46.599998474121094,803510
2009-06-12,46.05099868774414,47.125,45.90999984741211,46.62799835205078,636060
2009-06-15,45.10599899291992,46.29999923706055,45.0,45.678001403808594,1108450
2009-06-16,45.62799835205078,45.749000549316406,44.45100021362305,44.69900131225586,946050
2009-06-17,44.05295181274414,44.05295181274414,44.05295181274414,44.05295181274414,0
2009-06-18,43.16400146484375,44.400001525878906,42.900001525878906,44.0099983215332,1959970
2009-06-19,43.875,43.99399948120117,42.79999923706055,43.29999923706055,1039090
2009-06-22,43.06700134277344,44.400001525878906,42.900001525878906,44.400001525878906,1357170
2009-06-23,43.2400016784668,43.59000015258789,42.20000076293945,42.481998443603516,1749220
2009-06-24,43.452999114990234,43.744998931884766,42.915000915527344,43.5,748290
2009-06-25,42.96900177001953,43.70500183105469,42.70199966430664,43.70500183105469,654060
2009-06-26,44.12300109863281,44.26499938964844,43.20000076293945,44.0,693190
2009-06-29,44.64699935913086,44.97999954223633,43.900001525878906,44.400001525878906,1004080
2009-06-30,43.540000915527344,44.9900016784668,43.36000061035156,44.70000076293945,750770
2009-07-01,44.051998138427734,44.290000915527344,43.150001525878906,43.70000076293945,539150
2009-07-02,44.28499984741211,44.5,43.599998474121094,44.0,908320
2009-07-03,44.867000579833984,45.0,43.61000061035156,44.05500030517578,890600
2009-07-06,42.43299865722656,45.9900016784668,42.11000061035156,45.0,10899730
2009-07-07,42.79499816894531,43.09000015258789,42.202999114990234,0.0,1339870
2009-07-08,40.972999572753906,42.5,40.849998474121094,42.5,4409730
2009-07-09,41.0890007019043,41.400001525878906,40.71500015258789,41.0,839050
2009-07-10,40.3380012512207,41.58000183105469,40.005001068115234,41.209999084472656,1638420
2009-07-13,39.887001037597656,40.20000076293945,39.29999923706055,40.099998474121094,3798480
2009-07-14,41.433998107910156,42.20000076293945,40.29999923706055,40.29999923706055,2090240
2009-07-15,42.50600051879883,42.64500045776367,41.5,41.69900131225586,1405670
2009-07-16,42.388999938964844,43.20000076293945,42.099998474121094,42.61000061035156,874870
2009-07-17,43.8849983215332,44.099998474121094,42.650001525878906,42.69900131225586,1689820
2009-07-20,44.99599838256836,45.099998474121094,44.005001068115234,44.20000076293945,1887060
2009-07-21,44.68000030517578,45.900001525878906,44.400001525878906,45.900001525878906,860640
2009-07-22,44.08100128173828,45.54499816894531,43.900001525878906,44.900001525878906,1332220
2009-07-23,45.209999084472656,45.36000061035156,44.5,44.599998474121094,1085500
2009-07-24,45.5989990234375,46.0,45.02000045776367,46.0,674110
2009-07-27,45.555999755859375,45.900001525878906,45.11000061035156,45.900001525878906,744520
2009-07-28,45.62099838256836,45.970001220703125,45.361000061035156,45.70000076293945,859090
2009-07-29,45.05099868774414,45.582000732421875,44.21500015258789,45.310001373291016,1173910
2009-07-30,45.487998962402344,45.70000076293945,44.70000076293945,45.0,614350
2009-07-31,46.13800048828125,46.599998474121094,45.619998931884766,45.70000076293945,1491960
2009-08-03,46.926998138427734,47.20000076293945,46.0,46.25,1099470
2009-08-04,46.645999908447266,47.0,46.20500183105469,47.0,838700
2009-08-05,46.749000549316406,47.0,46.125,46.5,955390
2009-08-06,45.71699905395508,47.0,45.40999984741211,46.70000076293945,1502260
2009-08-07,44.76300048828125,45.68199920654297,44.56999969482422,45.4900016784668,1866540
2009-08-10,44.404998779296875,45.709999084472656,44.000999450683594,45.20000076293945,1613280
2009-08-11,44.70500183105469,45.125,44.025001525878906,44.499000549316406,1258480
2009-08-12,44.71699905395508,44.89500045776367,43.70000076293945,43.70000076293945,1505640
2009-08-13,46.0620002746582,46.30699920654297,45.20000076293945,45.20000076293945,1274190
2009-08-14,45.939998626708984,46.14500045776367,45.599998474121094,46.0,881510
2009-08-17,44.198001861572266,45.400001525878906,44.027000427246094,45.400001525878906,2052350
2009-08-18,44.694149017333984,44.694149017333984,44.694149017333984,44.694149017333984,0
2009-08-19,44.04676055908203,44.04676055908203,44.04676055908203,44.04676055908203,0
2009-08-20,44.64316177368164,44.64316177368164,44.64316177368164,44.64316177368164,0
2009-08-21,45.39997100830078,45.39997100830078,45.39997100830078,45.39997100830078,0
2009-08-24,46.499000549316406,50.0,45.95500183105469,50.0,3353420
2009-08-25,46.48899841308594,46.689998626708984,45.70000076293945,46.15999984741211,2130650
2009-08-26,46.805999755859375,47.0,46.54999923706055,46.970001220703125,576530
2009-08-27,46.8390007019043,46.974998474121094,46.400001525878906,46.400001525878906,526770
2009-08-28,47.15999984741211,47.349998474121094,46.33000183105469,46.849998474121094,2536320
2009-08-31,46.744998931884766,46.96900177001953,46.29999923706055,46.599998474121094,1046090
2009-09-01,45.89500045776367,47.290000915527344,45.650001525878906,47.0,3024870
2009-09-02,46.0880012512207,46.42499923706055,45.61000061035156,46.400001525878906,991180
2009-09-03,45.77000045776367,46.39899826049805,45.60499954223633,46.209999084472656,569780
2009-09-04,46.779998779296875,46.900001525878906,45.75,45.97999954223633,1059370
2009-09-07,47.715999603271484,47.79999923706055,46.849998474121094,47.000999450683594,876780
2009-09-08,47.7869987487793,48.16999816894531,47.60100173950195,47.79999923706055,1116890
2009-09-09,47.87799835205078,48.04999923706055,47.55099868774414,47.55099868774414,579760
2009-09-10,47.85499954223633,48.599998474121094,47.75,48.0,1315820
2009-09-11,48.18000030517578,48.29899978637695,47.70000076293945,48.20000076293945,542650
2009-09-14,48.01300048828125,48.13999938964844,47.654998779296875,48.0,796980
2009-09-15,48.75699996948242,48.80099868774414,48.150001525878906,48.1609992980957,936090
2009-09-16,49.26100158691406,49.400001525878906,48.92499923706055,49.099998474121094,1031530
2009-09-17,49.555999755859375,49.76499938964844,49.25,49.56100082397461,1085860
2009-09-18,49.57099914550781,49.790000915527344,49.255001068115234,49.29999923706055,573860
2009-09-22,50.0620002746582,50.16999816894531,49.5099983215332,49.61000061035156,739610
2009-09-23,49.4109992980957,50.025001525878906,49.29999923706055,49.88999938964844,851090
2009-09-24,49.652000427246094,49.779998779296875,48.82500076293945,49.349998474121094,784730
2009-09-25,49.49300003051758,49.88800048828125,48.70000076293945,48.70000076293945,1581180
2009-09-29,49.698001861572266,49.9900016784668,49.599998474121094,49.79999923706055,499480
2009-09-30,50.47700119018555,50.58000183105469,49.650001525878906,49.900001525878906,2024680
2009-10-01,50.5989990234375,50.70000076293945,50.099998474121094,50.599998474121094,2719550
2009-10-05,50.018001556396484,50.400001525878906,49.854000091552734,50.0,1150230
2009-10-06,50.35900115966797,50.45800018310547,49.10499954223633,50.400001525878906,1145950
2009-10-07,49.79800033569336,50.70000076293945,49.512001037597656,50.560001373291016,2446070
2009-10-08,49.87099838256836,50.736000061035156,49.650001525878906,50.736000061035156,841000
2009-10-09,49.32899856567383,50.099998474121094,49.209999084472656,50.0099983215332,701530
2009-10-12,50.36600112915039,50.5,49.41400146484375,49.48500061035156,749390
2009-10-13,50.65830993652344,50.65830993652344,50.65830993652344,50.65830993652344,0
2009-10-14,50.97999954223633,51.099998474121094,50.61000061035156,50.736000061035156,660830
2009-10-15,51.034000396728516,51.20000076293945,50.61000061035156,51.20000076293945,404210
2009-10-16,51.29899978637695,51.39899826049805,50.900001525878906,50.900001525878906,206900
2009-10-20,51.016998291015625,51.54999923706055,50.82600021362305,51.5,590930
2009-10-21,50.65999984741211,51.040000915527344,50.500999450683594,50.79999923706055,644910
2009-10-22,49.96500015258789,50.57500076293945,49.72200012207031,50.54999923706055,838030
2009-10-23,50.124000549316406,50.45000076293945,49.900001525878906,50.0099983215332,531770
2009-10-26,49.86800003051758,50.400001525878906,49.72100067138672,50.130001068115234,361090
2009-10-27,48.808998107910156,49.79999923706055,48.500999450683594,49.650001525878906,3635690
2009-10-28,48.5099983215332,48.849998474121094,48.0,48.5,1136370
2009-10-29,47.97800064086914,48.650001525878906,47.70000076293945,47.900001525878906,4696350
2009-10-30,47.558998107910156,48.79999923706055,47.39500045776367,48.45000076293945,4462560
2009-11-03,46.152000427246094,47.79999923706055,45.904998779296875,47.30500030517578,4861680
2009-11-04,47.52199935913086,47.79999923706055,46.31999969482422,47.0,1230600
2009-11-05,48.10900115966797,48.24800109863281,46.599998474121094,47.52199935913086,5593650
2009-11-06,48.33700180053711,48.5,47.930999755859375,48.5,751450
2009-11-09,49.308998107910156,49.400001525878906,48.0,48.0,751970
2009-11-10,49.28799819946289,49.70000076293945,49.000999450683594,49.400001525878906,739480
2009-11-11,50.13199996948242,50.29499816894531,49.053001403808594,49.25,935550
2009-11-12,49.99599838256836,50.20000076293945,49.4109992980957,50.097999572753906,1238710
2009-11-13,50.349998474121094,50.540000915527344,49.50199890136719,49.999000549316406,694090
2009-11-16,50.770999908447266,50.96699905395508,50.564998626708984,50.564998626708984,977050
2009-11-17,50.82099914550781,50.95899963378906,50.242000579833984,50.7400016784668,558250
2009-11-18,50.68199920654297,51.0,50.5,50.5,678920
2009-11-19,50.14799880981445,50.790000915527344,49.814998626708984,50.77000045776367,465840
2009-11-20,50.82099914550781,50.95000076293945,49.599998474121094,49.95000076293945,1241800
2009-11-23,51.047000885009766,51.25,50.82099914550781,51.0,593940
2009-11-24,51.0369987487793,51.189998626708984,50.654998779296875,51.0,451030
2009-11-25,51.073001861572266,51.439998626708984,50.95000076293945,51.0369987487793,1305310
2009-11-26,50.231998443603516,51.249000549316406,49.79999923706055,50.900001525878906,800260
2009-11-27,49.74300003051758,49.970001220703125,48.54999923706055,49.29999923706055,3715570
2009-11-30,50.3120002746582,50.70000076293945,50.0099983215332,50.0099983215332,1094640
2009-12-01,51.33000183105469,51.45399856567383,50.54999923706055,50.779998779296875,1131010
2009-12-02,51.07899856567383,51.54999923706055,50.970001220703125,51.400001525878906,906060
2009-12-03,51.34600067138672,51.84000015258789,51.150001525878906,51.45399856567383,1055860
2009-12-04,51.1619987487793,51.619998931884766,50.599998474121094,50.70000076293945,798820
2009-12-07,50.72700119018555,51.861000061035156,50.599998474121094,51.79999923706055,423080
2009-12-08,51.512001037597656,51.595001220703125,50.55500030517578,50.55500030517578,604990
2009-12-09,51.106998443603516,51.494998931884766,50.959999084472656,51.25,354540
2009-12-10,51.400001525878906,51.529998779296875,50.90999984741211,51.23400115966797,771310
2009-12-11,51.124000549316406,51.845001220703125,50.904998779296875,51.63999938964844,583930
2009-12-14,51.04199981689453,51.56700134277344,50.900001525878906,51.099998474121094,660090
2009-12-15,50.487998962402344,51.275001525878906,50.2599983215332,51.0989990234375,751080
2009-12-16,50.560001373291016,50.84000015258789,50.10499954223633,50.400001525878906,664550
2009-12-17,50.487998962402344,50.77899932861328,50.310001373291016,50.42499923706055,499380
2009-12-18,50.11600112915039,50.474998474121094,49.90999984741211,50.400001525878906,595260
2009-12-21,49.792999267578125,50.20000076293945,49.68899917602539,50.11600112915039,563180
2009-12-22,50.334999084472656,50.5,49.88999938964844,50.0,895650
2009-12-23,51.76900100708008,51.900001525878906,50.334999084472656,50.400001525878906,962590
2009-12-24,51.95800018310547,52.11000061035156,51.500999450683594,51.79999923706055,704470
2009-12-29,52.09600067138672,52.29499816894531,51.79999923706055,51.95800018310547,459010
2009-12-30,51.79100036621094,52.04999923706055,51.702999114990234,51.93000030517578,15280560
2009-12-31,52.17100143432617,52.380001068115234,52.0,52.0,6779040
2010-01-04,52.393001556396484,52.470001220703125,52.10499954223633,52.17100143432617,414090
2010-01-05,52.895999908447266,52.95000076293945,52.5099983215332,52.5099983215332,632610
2010-01-06,53.08700180053711,53.15999984741211,52.709999084472656,52.895999908447266,490910
2010-01-07,52.805999755859375,53.0,52.5099983215332,53.0,413300
2010-01-08,52.584999084472656,53.0,52.5,53.0,257610
2010-01-11,52.79100036621094,53.20000076293945,52.68000030517578,53.20000076293945,281270
2010-01-12,52.30400085449219,52.939998626708984,52.11000061035156,52.599998474121094,420850
2010-01-13,52.731998443603516,52.82400131225586,52.0,52.20000076293945,478230
2010-01-14,52.73400115966797,53.099998474121094,52.5620002746582,52.731998443603516,508750
2010-01-15,52.85900115966797,53.0,52.45000076293945,52.70000076293945,938660
2010-01-18,52.70000076293945,52.900001525878906,52.5,52.5,1130
2010-01-19,52.70000076293945,53.4900016784668,52.70000076293945,53.0,1070
2010-01-20,52.994998931884766,54.970001220703125,52.67499923706055,54.970001220703125,250
2010-01-21,51.07518005371094,51.07518005371094,51.07518005371094,51.07518005371094,0
2010-01-22,50.900001525878906,58.0,50.0,50.0,2060
2010-01-25,51.900001525878906,51.900001525878906,49.900001525878906,50.900001525878906,630
2010-01-27,49.400001525878906,52.0,48.70000076293945,50.5,26260
2010-01-28,49.36000061035156,50.79999923706055,49.0,50.0,3220
2010-01-29,49.69499969482422,49.78499984741211,48.0,48.0,2700
2010-02-01,50.4900016784668,50.5,49.10499954223633,49.689998626708984,670
2010-02-02,49.32500076293945,50.880001068115234,49.10499954223633,50.494998931884766,14000
2010-02-03,49.45500183105469,49.599998474121094,48.709999084472656,49.32500076293945,1480
2010-02-04,49.20000076293945,49.654998779296875,49.0,49.20000076293945,2880
2010-02-05,54.5,54.5,47.79999923706055,48.599998474121094,11120
2010-02-08,48.20500183105469,48.5,47.505001068115234,47.51499938964844,7000
2010-02-09,48.5,49.0,48.099998474121094,48.994998931884766,1410
2010-02-10,48.4900016784668,48.98500061035156,47.814998626708984,48.98500061035156,2490
2010-02-11,48.5,49.0,48.19499969482422,48.25,1150
2010-02-15,47.810001373291016,49.0,47.810001373291016,49.0,2500
2010-02-16,49.0,49.0,48.11000061035156,48.11000061035156,1320
2010-02-17,49.45000076293945,49.47999954223633,49.099998474121094,49.47999954223633,810
2010-02-18,49.099998474121094,49.70000076293945,49.0,49.5,760
2010-02-19,48.599998474121094,49.5,48.47999954223633,48.67499923706055,680
2010-02-22,49.0,49.5,49.0,49.21500015258789,650
2010-02-23,49.3650016784668,49.3650016784668,48.755001068115234,48.755001068115234,790
2010-02-24,48.70500183105469,49.5,48.70000076293945,48.80500030517578,4260
2010-02-25,48.599998474121094,49.0,48.599998474121094,48.71500015258789,5030
2010-02-26,49.29999923706055,50.494998931884766,48.8650016784668,48.8650016784668,17830
2010-03-02,50.400001525878906,50.75,40.98500061035156,48.005001068115234,12520
2010-03-03,51.01552963256836,51.01552963256836,51.01552963256836,51.01552963256836,0
2010-03-04,50.959999084472656,51.06999969482422,50.7400016784668,51.0,780
2010-03-05,51.0099983215332,51.5,50.79999923706055,51.11000061035156,8550
2010-03-08,51.279998779296875,51.599998474121094,51.189998626708984,51.380001068115234,2690
2010-03-09,51.0,51.54499816894531,51.0,51.23500061035156,4160
2010-03-10,51.30500030517578,51.59000015258789,51.20000076293945,51.470001220703125,27200
2010-03-11,51.689998626708984,51.744998931884766,51.0,51.0,4790
2010-03-12,51.474998474121094,51.650001525878906,51.41999816894531,51.630001068115234,12060
2010-03-15,51.404998779296875,51.58000183105469,51.209999084472656,51.2599983215332,6090
2010-03-16,52.13999938964844,52.224998474121094,51.5,51.5,3560
2010-03-17,52.689998626708984,52.724998474121094,52.150001525878906,52.60499954223633,4560
2010-03-18,52.494998931884766,52.599998474121094,52.43000030517578,52.5,1000
2010-03-19,52.849998474121094,52.849998474121094,52.46500015258789,52.525001525878906,22300
2010-03-22,52.29999923706055,52.709999084472656,52.29999923706055,52.53499984741211,8660
2010-03-23,52.415000915527344,52.58000183105469,52.165000915527344,52.3650016784668,1030
2010-03-25,52.76499938964844,52.79999923706055,52.20500183105469,52.224998474121094,1450
2010-03-26,52.915000915527344,54.0,52.79999923706055,54.0,10920
2010-03-29,52.900001525878906,53.349998474121094,52.70500183105469,52.915000915527344,2560
2010-03-30,52.79999923706055,53.25,52.79999923706055,53.09000015258789,5260
2010-03-31,52.60499954223633,52.79999923706055,52.5099983215332,52.79999923706055,9060
2010-04-01,53.099998474121094,53.099998474121094,52.78499984741211,53.01499938964844,400
2010-04-05,53.845001220703125,53.845001220703125,53.099998474121094,53.099998474121094,6660
2010-04-06,53.400001525878906,53.75,53.20500183105469,53.75,250
2010-04-07,53.43000030517578,54.04999923706055,53.099998474121094,53.29999923706055,5670
2010-04-08,53.150001525878906,53.709999084472656,50.150001525878906,50.150001525878906,3860
2010-04-09,53.05500030517578,53.75,52.5,52.5,800
2010-04-12,53.099998474121094,53.79999923706055,53.099998474121094,53.599998474121094,80
2010-04-13,53.0099983215332,53.29999923706055,52.80500030517578,53.04999923706055,660
2010-04-15,52.939998626708984,53.595001220703125,52.939998626708984,53.20000076293945,2690
2010-04-16,52.5,52.70000076293945,50.310001373291016,50.310001373291016,690
2010-04-19,52.22999954223633,52.334999084472656,51.849998474121094,52.0,2020
2010-04-20,52.16999816894531,52.599998474121094,51.02000045776367,51.35499954223633,4330
2010-04-21,52.21500015258789,52.6150016784668,52.11000061035156,52.400001525878906,3040
2010-04-22,52.709999084472656,53.3849983215332,52.400001525878906,52.46500015258789,2180
2010-04-23,53.08000183105469,53.19499969482422,52.5,52.89500045776367,1880
2010-04-26,52.599998474121094,52.599998474121094,52.599998474121094,52.599998474121094,100
2010-04-27,53.0,53.900001525878906,50.564998626708984,53.900001525878906,33240
2010-04-28,52.17499923706055,54.5,51.90999984741211,54.5,19950
2010-04-29,52.35499954223633,52.404998779296875,50.11000061035156,50.11000061035156,13090
2010-04-30,52.404998779296875,52.845001220703125,52.404998779296875,52.845001220703125,940
2010-05-03,52.150001525878906,52.220001220703125,52.0,52.20000076293945,6140
2010-05-04,51.40999984741211,52.20000076293945,51.404998779296875,52.20000076293945,10010
2010-05-05,51.560001373291016,51.56999969482422,50.880001068115234,50.880001068115234,20830
2010-05-06,51.185001373291016,52.595001220703125,50.70000076293945,52.595001220703125,20580
2010-05-07,50.20000076293945,50.77000045776367,50.20000076293945,50.650001525878906,22180
2010-05-10,51.94499969482422,52.05500030517578,50.400001525878906,51.0,10280
2010-05-11,51.20500183105469,51.75,51.20500183105469,51.70000076293945,10080
2010-05-12,51.72515106201172,51.72515106201172,51.72515106201172,51.72515106201172,0
2010-05-13,51.88999938964844,52.20000076293945,51.78499984741211,52.099998474121094,23370
2010-05-14,50.935001373291016,52.119998931884766,50.935001373291016,51.86000061035156,6440
2010-05-17,50.95000076293945,54.77000045776367,50.150001525878906,50.400001525878906,13870
2010-05-18,50.935001373291016,51.130001068115234,50.459999084472656,50.88999938964844,2200
2010-05-19,50.79999923706055,51.5,50.0,50.10499954223633,7780
2010-05-20,50.45500183105469,50.70000076293945,49.849998474121094,49.900001525878906,1670
2010-05-21,49.900001525878906,49.9900016784668,49.20000076293945,49.79999923706055,4340
2010-05-24,50.06999969482422,50.39500045776367,49.849998474121094,49.849998474121094,1600
2010-05-25,49.599998474121094,49.970001220703125,48.79999923706055,49.970001220703125,13740
2010-05-26,49.59000015258789,49.599998474121094,49.0099983215332,49.599998474121094,4490
2010-05-27,49.79999923706055,49.79999923706055,48.82500076293945,48.82500076293945,1250
2010-05-28,50.5099983215332,50.599998474121094,50.20000076293945,50.599998474121094,16740
2010-05-31,50.630001068115234,58.099998474121094,50.150001525878906,58.099998474121094,3930
2010-06-01,50.0,50.744998931884766,50.0,50.744998931884766,11470
2010-06-02,50.25,50.48500061035156,50.029998779296875,50.2400016784668,2710
2010-06-03,50.93000030517578,51.29999923706055,50.93000030517578,51.20000076293945,6260
2010-06-04,52.5,52.5,50.5,50.5,9590
2010-06-07,50.47999954223633,50.97999954223633,50.20000076293945,50.5,15800
2010-06-08,50.099998474121094,50.70000076293945,50.0,50.70000076293945,1830
2010-06-09,50.20000076293945,50.779998779296875,50.20000076293945,50.345001220703125,4030
2010-06-10,51.18000030517578,51.29999923706055,50.505001068115234,50.505001068115234,17500
2010-06-11,51.29999923706055,51.595001220703125,51.0,51.0,49300
2010-06-14,52.040000915527344,52.08000183105469,51.564998626708984,51.64500045776367,14530
2010-06-15,52.375,52.4900016784668,51.98500061035156,52.0,17490
2010-06-16,52.275001525878906,52.5,52.19499969482422,52.29999923706055,6750
2010-06-17,52.69499969482422,52.845001220703125,52.23500061035156,52.23500061035156,15010
2010-06-18,52.54999923706055,53.0,52.54999923706055,52.79999923706055,26720
2010-06-21,53.54999923706055,53.595001220703125,52.86000061035156,52.88999938964844,61340
2010-06-22,53.9900016784668,53.9900016784668,53.29999923706055,53.29999923706055,21440
2010-06-23,53.540000915527344,53.64500045776367,53.0,53.0,5870
2010-06-24,53.0099983215332,53.70000076293945,52.904998779296875,53.70000076293945,18050
2010-06-25,53.375,53.599998474121094,53.0,53.29499816894531,33910
2010-06-28,52.915000915527344,53.29999923706055,52.314998626708984,52.314998626708984,3080
2010-06-29,52.91999816894531,53.43000030517578,52.810001373291016,52.810001373291016,530
2010-06-30,53.275001525878906,53.29499816894531,52.29999923706055,52.29999923706055,680
2010-07-01,52.974998474121094,52.974998474121094,52.1150016784668,52.1150016784668,3070
2010-07-02,52.5,52.900001525878906,52.29999923706055,52.709999084472656,2950
2010-07-05,52.8650016784668,53.005001068115234,51.814998626708984,52.75,32310
2010-07-06,52.95500183105469,53.20000076293945,52.8650016784668,52.8650016784668,950
2010-07-07,52.505001068115234,53.06999969482422,52.505001068115234,53.040000915527344,1200
2010-07-08,53.005001068115234,53.400001525878906,52.599998474121094,52.599998474121094,7930
2010-07-09,53.255001068115234,53.70000076293945,53.255001068115234,53.650001525878906,1340
2010-07-12,53.88999938964844,54.380001068115234,53.51499938964844,54.380001068115234,4150
2010-07-13,54.44499969482422,54.44499969482422,53.5,53.5,7090
2010-07-14,54.0,54.650001525878906,53.80500030517578,53.80500030517578,3500
2010-07-15,54.0,54.29999923706055,53.314998626708984,54.0,970
2010-07-16,53.814998626708984,54.38999938964844,53.814998626708984,54.32500076293945,380
2010-07-19,53.67499923706055,54.32500076293945,52.78499984741211,53.5,8260
2010-07-20,53.75,54.29999923706055,53.75,53.755001068115234,710
2010-07-21,53.83000183105469,54.29499816894531,53.60499954223633,54.0,3870
2010-07-22,54.5,54.5,53.5099983215332,53.79999923706055,5880
2010-07-23,54.40999984741211,54.779998779296875,54.01499938964844,54.01499938964844,1280
2010-07-26,54.130001068115234,54.834999084472656,54.05500030517578,54.29999923706055,1250
2010-07-27,54.790000915527344,54.82500076293945,54.11000061035156,54.11000061035156,460
2010-07-28,54.41999816894531,54.70000076293945,53.915000915527344,53.915000915527344,740
2010-07-29,54.79499816894531,55.900001525878906,53.099998474121094,54.5,1220
2010-07-30,54.189998626708984,54.5,52.834999084472656,52.834999084472656,100
2010-08-02,54.42499923706055,54.76499938964844,53.904998779296875,54.0,2380
2010-08-03,54.494998931884766,54.97999954223633,54.0,54.97999954223633,2360
2010-08-04,54.5,54.79999923706055,54.5,54.5,890
2010-08-05,55.29499816894531,55.29999923706055,54.439998626708984,54.439998626708984,1790
2010-08-06,54.81999969482422,55.0,54.81999969482422,55.0,140
2010-08-09,55.0,55.02000045776367,54.61000061035156,54.900001525878906,2640
2010-08-10,54.5,54.79999923706055,54.5,54.79999923706055,330
2010-08-11,54.70500183105469,54.92499923706055,54.5,54.5,250
2010-08-12,54.665000915527344,54.685001373291016,54.0,54.415000915527344,6750
2010-08-13,54.5,54.95000076293945,54.5,54.79999923706055,890
2010-08-16,54.03499984741211,54.900001525878906,54.03499984741211,54.599998474121094,13110
2010-08-17,54.02000045776367,54.400001525878906,54.02000045776367,54.400001525878906,1060
2010-08-18,54.61000061035156,56.29999923706055,54.5,56.29999923706055,2660
2010-08-19,55.029998779296875,55.5,55.0099983215332,55.150001525878906,3180
2010-08-20,55.43000030517578,55.70000076293945,55.060001373291016,55.060001373291016,140
2010-08-23,55.93000030517578,55.93000030517578,50.099998474121094,50.099998474121094,3160
2010-08-24,55.630001068115234,55.73500061035156,54.755001068115234,55.73500061035156,4270
2010-08-25,55.099998474121094,55.9900016784668,54.60499954223633,55.9900016784668,1410
2010-08-26,54.470001220703125,55.20000076293945,54.470001220703125,55.20000076293945,160
2010-08-27,54.459999084472656,55.27000045776367,54.099998474121094,54.54999923706055,1670
2010-08-30,54.69499969482422,55.0,54.14500045776367,55.0,28930
2010-08-31,54.45500183105469,54.45500183105469,53.779998779296875,53.779998779296875,2190
2010-09-01,54.5,55.0,54.29999923706055,55.0,1730
2010-09-02,54.73500061035156,55.275001525878906,54.73500061035156,54.79999923706055,1040
2010-09-03,55.0,55.314998626708984,54.724998474121094,54.724998474121094,720
2010-09-06,55.46500015258789,55.790000915527344,55.0,55.0,7440
2010-09-07,55.70000076293945,56.0,55.165000915527344,55.165000915527344,3520
2010-09-08,56.400001525878906,56.400001525878906,55.525001525878906,56.19499969482422,3820
2010-09-09,56.130001068115234,56.1349983215332,56.125,56.1349983215332,590
2010-09-13,57.79999923706055,58.060001373291016,56.71500015258789,58.060001373291016,5330
2010-09-14,58.025001525878906,58.400001525878906,57.60499954223633,58.0,5190
2010-09-15,58.595001220703125,58.595001220703125,58.150001525878906,58.595001220703125,6410
2010-09-16,58.5,59.16999816894531,57.60499954223633,59.16999816894531,1580
2010-09-17,59.084999084472656,59.084999084472656,58.505001068115234,58.505001068115234,1590
2010-09-20,60.0,60.0,58.79999923706055,58.79999923706055,1820
2010-09-21,60.400001525878906,60.4900016784668,59.5099983215332,60.20000076293945,8430
2010-09-22,59.54999923706055,60.36000061035156,50.599998474121094,52.0,124950
2010-09-23,60.0,60.0,58.75,58.75,4630
2010-09-24,60.005001068115234,60.345001220703125,59.70000076293945,60.345001220703125,650
2010-09-27,60.97999954223633,61.21500015258789,60.5,60.5,1230
2010-09-28,60.20000076293945,60.900001525878906,59.875,60.599998474121094,910
2010-09-29,60.69499969482422,60.70000076293945,60.29999923706055,60.69499969482422,2740
2010-09-30,60.150001525878906,60.400001525878906,59.599998474121094,60.400001525878906,1420
2010-10-01,61.5,61.595001220703125,60.83000183105469,61.0,10430
2010-10-04,61.97999954223633,62.63999938964844,61.60499954223633,62.095001220703125,7330
2010-10-05,62.099998474121094,62.29999923706055,61.099998474121094,61.099998474121094,3210
2010-10-06,52.5,62.48500061035156,52.5,62.20000076293945,2470
2010-10-07,61.619998931884766,63.5,61.415000915527344,63.5,10390
2010-10-08,61.29999923706055,61.599998474121094,60.814998626708984,61.29999923706055,3080
2010-10-11,61.900001525878906,61.98500061035156,61.5,61.599998474121094,1560
2010-10-12,61.349998474121094,61.5,61.0,61.5,4800
2010-10-13,62.69499969482422,62.70000076293945,61.0,61.685001373291016,8090
2010-10-14,62.01499938964844,63.290000915527344,61.810001373291016,62.98400115966797,500470
2010-10-15,60.89500045776367,62.25,52.89899826049805,52.89899826049805,609030
2010-10-18,61.279998779296875,61.5,60.209999084472656,60.89500045776367,736030
2010-10-19,60.4640007019043,61.45000076293945,60.0099983215332,61.36000061035156,1821660
2010-10-20,60.196998596191406,60.97999954223633,59.99100112915039,60.439998626708984,450480
2010-10-21,61.38800048828125,61.499000549316406,60.2400016784668,60.2400016784668,580350
2010-10-22,60.9109992980957,61.58000183105469,60.650001525878906,61.58000183105469,330420
2010-10-25,61.60300064086914,61.744998931884766,61.20000076293945,61.20000076293945,612830
2010-10-26,61.457000732421875,61.689998626708984,61.17499923706055,61.599998474121094,374060
2010-10-27,60.79499816894531,61.42499923706055,60.400001525878906,61.42499923706055,494400
2010-10-28,60.86899948120117,61.29999923706055,59.98500061035156,60.900001525878906,528490
2010-10-29,60.79800033569336,63.04600143432617,60.099998474121094,63.04600143432617,769430
2010-11-01,61.84199905395508,62.5,61.5,61.900001525878906,469790
2010-11-02,62.01100158691406,62.5,61.625,61.849998474121094,721740
2010-11-03,62.250999450683594,62.5,62.099998474121094,62.29999923706055,506930
2010-11-04,62.94599914550781,63.04600143432617,62.45500183105469,62.5,817790
2010-11-08,63.42599868774414,63.71500015258789,63.0099983215332,63.400001525878906,1337170
2010-11-09,63.7760009765625,64.0,63.0,63.375,447870
2010-11-10,63.42100143432617,63.779998779296875,63.224998474121094,63.779998779296875,354910
2010-11-11,62.8390007019043,63.779998779296875,62.650001525878906,63.779998779296875,523270
2010-11-12,61.52299880981445,62.792999267578125,61.0,62.02199935913086,985520
2010-11-15,62.18899917602539,62.505001068115234,61.04999923706055,61.61000061035156,648910
2010-11-16,60.91999816894531,62.0099983215332,60.599998474121094,62.0099983215332,1663000
2010-11-18,60.882999420166016,61.349998474121094,60.099998474121094,61.349998474121094,1161310
2010-11-19,59.8129997253418,61.099998474121094,59.525001525878906,61.0,1361060
2010-11-22,61.0620002746582,61.349998474121094,60.0,60.20000076293945,795280
2010-11-23,60.323001861572266,60.900001525878906,59.35200119018555,60.5099983215332,2576830
2010-11-24,59.66899871826172,60.79999923706055,59.400001525878906,60.37799835205078,909030
2010-11-25,58.965999603271484,60.040000915527344,58.70000076293945,60.0,1417930
2010-11-26,58.599998474121094,59.4900016784668,57.904998779296875,59.0,3085630
2010-11-29,59.25400161743164,59.5,58.400001525878906,58.70000076293945,1851290
2010-11-30,59.604000091552734,61.86000061035156,58.599998474121094,58.61000061035156,736600
2010-12-01,59.95399856567383,60.099998474121094,59.30500030517578,60.0,1056880
2010-12-02,60.79899978637695,60.900001525878906,60.099998474121094,60.400001525878906,2722930
2010-12-03,60.698001861572266,60.974998474121094,60.35300064086914,60.70000076293945,370860
2010-12-06,60.43600082397461,61.20000076293945,60.29999923706055,60.599998474121094,727710
2010-12-07,60.643001556396484,60.89500045776367,60.20000076293945,60.470001220703125,483390
2010-12-08,59.650001525878906,60.38999938964844,59.29999923706055,60.209999084472656,747490
2010-12-09,58.53300094604492,60.04499816894531,58.29999923706055,59.790000915527344,1593460
2010-12-10,59.45899963378906,59.689998626708984,58.01499938964844,58.79999923706055,1092700
2010-12-13,60.018001556396484,60.29999923706055,57.70000076293945,59.099998474121094,1277530
2010-12-14,60.42300033569336,60.5,59.79999923706055,60.0,552710
2010-12-15,59.737998962402344,60.29999923706055,59.630001068115234,60.0,655450
2010-12-16,60.29999923706055,60.499000549316406,59.55500030517578,59.900001525878906,309010
2010-12-20,60.327999114990234,60.69900131225586,59.79999923706055,60.69900131225586,305200
2010-12-21,60.625,60.77000045776367,60.29999923706055,60.29999923706055,428990
2010-12-22,60.47600173950195,60.999000549316406,60.275001525878906,60.82500076293945,234440
2010-12-23,60.63999938964844,60.749000549316406,60.3650016784668,60.650001525878906,266450
2010-12-24,60.82899856567383,60.849998474121094,60.10499954223633,60.20000076293945,223440
2010-12-27,60.922000885009766,61.040000915527344,60.70500183105469,61.0,365630
2010-12-28,60.91299819946289,61.0,60.70500183105469,61.0,311720
2010-12-29,61.2130012512207,61.29999923706055,60.840999603271484,60.95000076293945,483320
2010-12-30,61.16400146484375,61.4900016784668,61.04999923706055,61.400001525878906,1955890
2010-12-31,61.880001068115234,61.97999954223633,61.400001525878906,61.4900016784668,969630
2011-01-03,62.16600036621094,62.2859992980957,61.904998779296875,62.09000015258789,359710
2011-01-04,61.775001525878906,62.20000076293945,61.599998474121094,62.20000076293945,467540
2011-01-05,61.46699905395508,62.0,61.21099853515625,62.0,464550
2011-01-06,60.74599838256836,61.70000076293945,60.65999984741211,61.654998779296875,1317370
2011-01-07,59.89699935913086,60.95000076293945,59.75,60.95000076293945,1081030
2011-01-10,58.500999450683594,60.099998474121094,58.20000076293945,60.099998474121094,1160670
2011-01-11,57.86899948120117,59.04999923706055,57.224998474121094,58.70000076293945,1835470
2011-01-12,59.48899841308594,59.75,57.689998626708984,58.79999923706055,1174680
2011-01-13,58.428001403808594,59.400001525878906,58.30099868774414,59.0099983215332,1063450
2011-01-14,57.55099868774414,59.099998474121094,57.3849983215332,58.70000076293945,2008440
2011-01-17,57.35200119018555,57.900001525878906,57.005001068115234,57.5,1611090
2011-01-18,58.138999938964844,58.32500076293945,57.5,57.5,1001450
2011-01-19,57.89099884033203,58.487998962402344,57.53499984741211,58.224998474121094,851790
2011-01-20,58.111000061035156,58.400001525878906,57.099998474121094,57.400001525878906,584410
2011-01-21,57.92399978637695,58.2400016784668,57.400001525878906,57.79999923706055,481390
2011-01-24,58.35599899291992,58.599998474121094,57.619998931884766,58.20000076293945,566750
2011-01-25,57.7869987487793,58.900001525878906,57.70500183105469,58.5,701880
2011-01-27,56.900001525878906,58.400001525878906,56.79999923706055,57.70000076293945,1138140
2011-01-28,55.84600067138672,57.099998474121094,55.45000076293945,57.099998474121094,2240540
2011-01-31,55.46799850463867,55.959999084472656,55.060001373291016,55.900001525878906,2113020
2011-02-01,54.59700012207031,56.0,54.5,55.79999923706055,1505280
2011-02-02,54.632999420166016,55.391998291015625,54.57500076293945,55.391998291015625,2637830
2011-02-03,55.9010009765625,56.0,54.61000061035156,54.900001525878906,530680
2011-02-04,54.637001037597656,56.220001220703125,54.36000061035156,56.0,959590
2011-02-07,55.189998626708984,56.26499938964844,54.5,54.79999923706055,615870
2011-02-08,53.9739990234375,55.06999969482422,53.869998931884766,55.0,1048370
2011-02-09,53.35499954223633,54.255001068115234,53.099998474121094,53.564998626708984,1847640
2011-02-10,53.124000549316406,53.70000076293945,52.849998474121094,53.70000076293945,1203050
2011-02-11,53.965999603271484,54.2599983215332,52.724998474121094,53.20000076293945,811930
2011-02-14,55.50600051879883,55.625,53.29999923706055,53.965999603271484,598500
2011-02-15,55.47600173950195,56.150001525878906,54.81100082397461,55.400001525878906,11225680
2011-02-16,55.742000579833984,55.89899826049805,55.375,55.400001525878906,311270
2011-02-17,55.97600173950195,56.10100173950195,55.400001525878906,55.599998474121094,427580
2011-02-18,55.4119987487793,56.38999938964844,55.11000061035156,56.0989990234375,513880
2011-02-21,55.970001220703125,56.196998596191406,54.70000076293945,54.70000076293945,482250
2011-02-22,55.6349983215332,56.099998474121094,55.29999923706055,55.900001525878906,1023450
2011-02-23,54.84299850463867,55.650001525878906,54.599998474121094,55.0,609220
2011-02-24,53.52899932861328,54.98899841308594,53.20000076293945,54.70000076293945,2632740
2011-02-25,53.814998626708984,54.599998474121094,53.29999923706055,54.005001068115234,973470
2011-02-28,54.1609992980957,55.68899917602539,53.505001068115234,54.20000076293945,1422060
2011-03-01,55.77299880981445,55.959999084472656,54.400001525878906,54.790000915527344,1990240
2011-03-03,55.888999938964844,56.369998931884766,55.29999923706055,55.5099983215332,533020
2011-03-04,56.194000244140625,56.650001525878906,56.02000045776367,56.349998474121094,852460
2011-03-07,55.35499954223633,55.95000076293945,54.70500183105469,55.95000076293945,1294470
2011-03-08,55.84700012207031,55.902000427246094,55.29999923706055,55.5,625290
2011-03-09,56.00400161743164,56.38999938964844,55.5,56.3650016784668,378670
2011-03-10,55.78799819946289,55.98500061035156,55.5,55.5099983215332,415370
2011-03-11,55.32699966430664,55.86000061035156,54.90999984741211,55.45000076293945,579120
2011-03-14,55.99399948120117,56.08700180053711,55.0,55.20000076293945,531300
2011-03-15,55.31399917602539,55.70000076293945,54.5,54.5,673790
2011-03-16,55.733001708984375,56.0,55.5,55.5,289010
2011-03-17,55.23400115966797,55.95000076293945,55.099998474121094,55.209999084472656,519700
2011-03-18,54.65999984741211,55.56999969482422,54.529998779296875,55.400001525878906,628790
2011-03-21,54.53900146484375,54.99399948120117,54.20500183105469,54.75,598160
2011-03-22,54.99599838256836,55.27000045776367,54.5,54.61000061035156,477000
2011-03-23,55.367000579833984,55.499000549316406,54.70000076293945,54.810001373291016,413320
2011-03-24,55.96900177001953,56.09600067138672,55.5,55.5,224890
2011-03-25,56.6609992980957,56.724998474121094,55.53499984741211,56.268001556396484,3781690
2011-03-28,57.58700180053711,57.79999923706055,56.5989990234375,56.70000076293945,3530520
2011-03-29,57.847999572753906,58.099998474121094,57.209999084472656,57.400001525878906,1932390
2011-03-30,58.57099914550781,58.79999923706055,57.79999923706055,57.79999923706055,2051450
2011-03-31,58.43299865722656,58.90999984741211,57.875,58.5,1689080
2011-04-01,58.96699905395508,59.0,58.54600143432617,58.70000076293945,765900
2011-04-04,59.571998596191406,59.650001525878906,58.750999450683594,59.19900131225586,285130
2011-04-05,59.393001556396484,59.900001525878906,58.939998626708984,59.849998474121094,865050
2011-04-06,59.229000091552734,59.775001525878906,58.91999816894531,59.54999923706055,413440
2011-04-07,59.11199951171875,59.5,59.0,59.224998474121094,329510
2011-04-08,58.89400100708008,59.44900131225586,58.630001068115234,59.400001525878906,472850
2011-04-11,58.45600128173828,58.79999923706055,58.30500030517578,58.70000076293945,336260
2011-04-13,59.3380012512207,59.494998931884766,58.0,58.45600128173828,867290
2011-04-15,58.645999908447266,59.5,58.54999923706055,59.25,483910
2011-04-18,57.76100158691406,59.4900016784668,57.60499954223633,58.79999923706055,654700
2011-04-19,57.8129997253418,58.34600067138672,57.599998474121094,57.650001525878906,579930
2011-04-20,59.17100143432617,59.499000549316406,58.0099983215332,58.0099983215332,586910
2011-04-21,59.47999954223633,59.70000076293945,59.172000885009766,59.400001525878906,776440
2011-04-25,59.52000045776367,59.849998474121094,59.2130012512207,59.2400016784668,1430340
2011-04-26,59.24300003051758,59.70000076293945,58.5,59.70000076293945,442090
2011-04-27,59.332000732421875,59.79999923706055,58.66999816894531,59.5,588500
2011-04-28,58.50600051879883,59.768001556396484,58.34600067138672,59.5,405380
2011-04-29,57.95199966430664,58.69499969482422,57.70000076293945,58.54999923706055,509690
2011-05-02,57.654998779296875,58.349998474121094,57.47700119018555,58.20000076293945,775080
2011-05-03,56.608001708984375,57.900001525878906,56.474998474121094,57.70000076293945,2146270
2011-05-04,56.26900100708008,56.900001525878906,55.9010009765625,56.900001525878906,1155840
2011-05-05,55.60599899291992,57.86800003051758,55.375,57.86800003051758,2039670
2011-05-06,56.44599914550781,56.650001525878906,55.400001525878906,55.529998779296875,711830
2011-05-09,56.41600036621094,56.9900016784668,56.04999923706055,56.54999923706055,1572810
2011-05-10,56.03300094604492,56.900001525878906,55.9119987487793,56.29999923706055,1228740
2011-05-11,56.2760009765625,56.45000076293945,55.88999938964844,56.099998474121094,722760
2011-05-12,55.569000244140625,56.5,55.41999816894531,55.9900016784668,647090
2011-05-13,56.224998474121094,56.81999969482422,55.525001525878906,55.823001861572266,351300
2011-05-16,55.92499923706055,56.290000915527344,55.70000076293945,56.19499969482422,923870
2011-05-17,55.12300109863281,56.025001525878906,55.0,56.0,464100
2011-05-18,55.143001556396484,55.45000076293945,55.01499938964844,55.20000076293945,386530
2011-05-19,55.483001708984375,56.29999923706055,55.03799819946289,55.17499923706055,412520
2011-05-20,55.79800033569336,56.150001525878906,55.20000076293945,55.400001525878906,479180
2011-05-23,54.79999923706055,56.400001525878906,54.70000076293945,55.375,991540
2011-05-24,54.93199920654297,55.119998931884766,54.63999938964844,54.849998474121094,428670
2011-05-25,54.459999084472656,55.400001525878906,54.22999954223633,55.400001525878906,1273060
2011-05-26,55.11399841308594,55.275001525878906,54.32600021362305,54.51100158691406,733080
2011-05-27,55.895999908447266,56.290000915527344,54.900001525878906,55.11000061035156,300760
2011-05-30,55.715999603271484,56.099998474121094,55.500999450683594,56.099998474121094,792040
2011-05-31,56.27000045776367,56.43000030517578,55.70000076293945,55.79999923706055,340830
2011-06-01,56.34000015258789,56.599998474121094,56.215999603271484,56.349998474121094,609030
2011-06-02,56.3489990234375,56.499000549316406,55.5,55.96500015258789,400920
2011-06-03,55.92100143432617,56.599998474121094,55.709999084472656,56.29999923706055,425180
2011-06-06,56.12300109863281,56.20000076293945,55.599998474121094,56.130001068115234,158590
2011-06-07,56.358001708984375,56.4900016784668,55.900001525878906,55.900001525878906,241700
2011-06-08,55.987998962402344,56.36000061035156,55.801998138427734,56.358001708984375,315500
2011-06-09,56.229000091552734,56.29999923706055,55.849998474121094,56.0,207260
2011-06-10,55.85200119018555,56.20500183105469,55.599998474121094,56.20000076293945,269110
2011-06-13,56.099998474121094,56.37900161743164,55.474998474121094,56.19900131225586,210490
2011-06-14,55.86399841308594,56.33000183105469,55.73500061035156,56.099998474121094,262430
2011-06-15,55.1510009765625,56.03799819946289,55.07500076293945,56.0,631030
2011-06-16,54.624000549316406,55.09000015258789,54.5,54.95000076293945,953160
2011-06-17,54.763999938964844,54.9900016784668,54.33000183105469,54.900001525878906,683980
2011-06-20,53.722999572753906,54.8849983215332,53.209999084472656,54.8849983215332,2496600
2011-06-21,53.91999816894531,54.44499969482422,53.70000076293945,53.70000076293945,802900
2011-06-22,53.90599822998047,54.279998779296875,53.79999923706055,53.9900016784668,767500
2011-06-23,54.22600173950195,54.525001525878906,53.599998474121094,53.90599822998047,334320
2011-06-24,55.625999450683594,55.77000045776367,54.35100173950195,54.380001068115234,388140
2011-06-27,55.987998962402344,56.099998474121094,55.29999923706055,55.29999923706055,998840
2011-06-28,56.435001373291016,56.5,55.97600173950195,56.189998626708984,872370
2011-06-29,56.70899963378906,56.849998474121094,56.47999954223633,56.5,1087930
2011-06-30,56.99399948120117,57.150001525878906,56.849998474121094,56.900001525878906,1571490
2011-07-01,57.12099838256836,57.499000549316406,56.8120002746582,57.0,673300
2011-07-04,57.231998443603516,57.54999923706055,57.099998474121094,57.400001525878906,514670
2011-07-05,57.24800109863281,57.380001068115234,57.0,57.220001220703125,322460
2011-07-06,57.18899917602539,57.37900161743164,56.93199920654297,57.119998931884766,275780
2011-07-07,57.97600173950195,58.09000015258789,57.20000076293945,57.20000076293945,748460
2011-07-08,57.4379997253418,58.29999923706055,57.29999923706055,58.20000076293945,638520
2011-07-11,57.03900146484375,57.400001525878906,56.92599868774414,57.400001525878906,268310
2011-07-12,56.54600143432617,56.9010009765625,56.29999923706055,56.709999084472656,2076060
2011-07-13,56.8390007019043,56.900001525878906,56.45000076293945,56.5,268420
2011-07-14,56.95000076293945,57.39799880981445,56.404998779296875,56.45000076293945,471900
2011-07-15,56.78799819946289,57.20000076293945,56.57600021362305,57.130001068115234,402670
2011-07-18,56.9640007019043,57.38999938964844,56.625,57.0,817060
2011-07-19,57.4900016784668,57.599998474121094,56.54999923706055,56.9010009765625,1052240
2011-07-20,56.387001037597656,57.55099868774414,56.29999923706055,57.54999923706055,1123720
2011-07-21,56.43899917602539,56.7400016784668,56.29999923706055,56.47999954223633,473640
2011-07-22,57.14899826049805,57.19900131225586,56.650001525878906,56.900001525878906,589070
2011-07-25,57.400001525878906,57.599998474121094,56.904998779296875,57.29999923706055,699100
2011-07-26,56.56700134277344,57.69499969482422,56.5,57.5,598810
2011-07-27,56.32600021362305,56.974998474121094,56.180999755859375,56.974998474121094,827710
2011-07-28,56.18299865722656,56.345001220703125,55.724998474121094,56.0099983215332,674250
2011-07-29,56.367000579833984,57.5,55.60100173950195,56.150001525878906,725710
2011-08-01,56.50299835205078,56.86000061035156,56.099998474121094,56.500999450683594,549410
2011-08-02,55.608001708984375,56.2400016784668,55.500999450683594,56.209999084472656,1489510
2011-08-03,55.382999420166016,55.70000076293945,54.900001525878906,55.209999084472656,607650
2011-08-04,54.58399963378906,55.54999923706055,54.5,55.5,843620
2011-08-05,53.32099914550781,55.099998474121094,52.5,55.099998474121094,7196670
2011-08-08,52.38600158691406,53.28499984741211,51.599998474121094,53.029998779296875,4645610
2011-08-09,51.92900085449219,52.97999954223633,50.70000076293945,51.5,5632650
2011-08-10,52.91899871826172,53.25,52.400001525878906,53.0,1581940
2011-08-11,52.56700134277344,53.0880012512207,52.5,52.5,964280
2011-08-12,51.94599914550781,52.900001525878906,51.849998474121094,52.79899978637695,1435460
2011-08-16,51.60200119018555,53.0,51.40999984741211,52.599998474121094,825270
2011-08-17,51.8380012512207,52.470001220703125,51.500999450683594,51.724998474121094,816810
2011-08-18,50.62900161743164,51.89899826049805,50.525001525878906,51.79999923706055,3958790
2011-08-19,49.69200134277344,50.29999923706055,49.17499923706055,50.0,5587410
2011-08-22,50.18600082397461,50.415000915527344,49.400001525878906,49.69200134277344,1627210
2011-08-23,50.720001220703125,51.0,49.85100173950195,50.400001525878906,1435380
2011-08-24,50.1349983215332,51.095001220703125,50.0099983215332,50.9900016784668,793060
2011-08-25,49.67100143432617,50.29999923706055,49.54499816894531,50.20000076293945,1758940
2011-08-26,48.731998443603516,49.979000091552734,48.41999816894531,49.7400016784668,2836690
2011-08-29,50.5099983215332,50.79999923706055,49.404998779296875,49.79999923706055,2349020
2011-08-30,50.900001525878906,51.16999816894531,50.36000061035156,51.0,2624240
2011-09-02,51.45500183105469,51.599998474121094,50.70199966430664,51.255001068115234,2068700
2011-09-05,51.125999450683594,51.375,50.79999923706055,51.244998931884766,768590
2011-09-06,51.62099838256836,51.779998779296875,50.5,50.79999923706055,785280
2011-09-07,52.12799835205078,52.349998474121094,51.70000076293945,51.79999923706055,1083330
2011-09-08,52.29199981689453,52.5,51.82500076293945,52.20000076293945,880260
2011-09-09,51.52899932861328,52.400001525878906,51.400001525878906,52.29899978637695,627330
2011-09-12,50.50400161743164,51.0,50.099998474121094,51.0,1295050
2011-09-13,50.507999420166016,51.290000915527344,50.154998779296875,50.88999938964844,795580
2011-09-14,50.8849983215332,51.0989990234375,50.0,50.599998474121094,1327270
2011-09-15,51.29399871826172,51.4900016784668,50.349998474121094,51.0,1612690
2011-09-16,51.39899826049805,51.94499969482422,51.20500183105469,51.400001525878906,3085160
2011-09-19,50.7599983215332,51.79999923706055,50.62200164794922,51.79999923706055,1399330
2011-09-20,52.018001556396484,52.29499816894531,50.79999923706055,50.900001525878906,1802210
2011-09-21,51.946998596191406,52.20000076293945,51.551998138427734,51.900001525878906,3315870
2011-09-22,50.23400115966797,51.349998474121094,50.00199890136719,51.209999084472656,1494370
2011-09-23,49.75899887084961,50.23400115966797,49.349998474121094,50.23400115966797,2514300
2011-09-26,49.38800048828125,49.70000076293945,48.7130012512207,49.70000076293945,1626520
2011-09-27,50.402000427246094,50.54999923706055,49.9900016784668,49.9900016784668,659640
2011-09-28,50.1870002746582,50.599998474121094,49.92499923706055,50.224998474121094,677250
2011-09-29,50.80799865722656,50.970001220703125,49.86000061035156,50.18000030517578,2314370
2011-09-30,50.03799819946289,50.9900016784668,49.63999938964844,50.619998931884766,762490
2011-10-03,49.48099899291992,51.2400016784668,49.13999938964844,51.2400016784668,639800
2011-10-04,48.73500061035156,49.75,48.20000076293945,49.209999084472656,1337200
2011-10-05,48.542999267578125,49.27000045776367,48.39899826049805,48.900001525878906,664590
2011-10-07,49.79899978637695,50.5,49.41999816894531,49.5,890340
2011-10-10,50.599998474121094,50.77000045776367,49.70500183105469,49.810001373291016,823070
2011-10-11,50.36199951171875,51.25,50.209999084472656,50.7400016784668,1012590
2011-10-12,51.707000732421875,51.867000579833984,50.40999984741211,50.40999984741211,1177840
2011-10-13,51.768001556396484,52.099998474121094,51.5,51.900001525878906,1191710
2011-10-14,52.27799987792969,52.400001525878906,51.29999923706055,51.70000076293945,1234010
2011-10-17,51.858001708984375,52.45500183105469,51.5,52.29999923706055,728770
2011-10-18,51.308998107910156,51.54999923706055,51.099998474121094,51.29999923706055,298050
2011-10-19,52.198001861572266,52.255001068115234,51.45000076293945,51.45000076293945,531230
2011-10-20,51.83700180053711,51.900001525878906,51.30099868774414,51.80099868774414,424290
2011-10-21,51.45600128173828,52.19900131225586,51.310001373291016,51.83700180053711,351130
2011-10-24,51.64099884033203,52.297000885009766,51.5,52.0,484150
2011-10-25,52.59000015258789,52.900001525878906,51.5260009765625,51.900001525878906,924340
2011-10-28,54.50600051879883,54.75,53.5,53.5,4422340
2011-10-31,53.8849983215332,54.400001525878906,53.73500061035156,54.400001525878906,886590
2011-11-01,53.165000915527344,53.70000076293945,52.816001892089844,53.599998474121094,878940
2011-11-02,53.22999954223633,53.64500045776367,52.810001373291016,52.810001373291016,937850
2011-11-03,53.29800033569336,53.47800064086914,52.71099853515625,53.20000076293945,487460
2011-11-04,53.5099983215332,53.900001525878906,53.05500030517578,53.29800033569336,459030
2011-11-08,53.70100021362305,53.88999938964844,53.13999938964844,53.5099983215332,635310
2011-11-09,53.01900100708008,53.95000076293945,52.73500061035156,53.900001525878906,619320
2011-11-11,52.56700134277344,53.20000076293945,52.29499816894531,53.20000076293945,865090
2011-11-14,52.24300003051758,53.0099983215332,52.03499984741211,52.79999923706055,510780
2011-11-15,51.61399841308594,52.3489990234375,51.4900016784668,52.20000076293945,697920
2011-11-16,51.06999969482422,51.5,50.654998779296875,51.5,1393140
2011-11-17,50.28900146484375,51.290000915527344,50.04999923706055,51.0,1181580
2011-11-18,49.6609992980957,50.18000030517578,49.224998474121094,50.11000061035156,2241610
2011-11-21,48.819000244140625,49.70000076293945,48.560001373291016,49.6609992980957,1561580
2011-11-22,48.994998931884766,49.57899856567383,48.80099868774414,49.0,883050
2011-11-23,48.257999420166016,49.0,47.599998474121094,49.0,3538560
2011-11-24,48.57400131225586,49.84000015258789,47.60499954223633,48.099998474121094,2252620
2011-11-25,48.55400085449219,48.900001525878906,48.10100173950195,48.5,848020
2011-11-28,49.347999572753906,49.499000549316406,48.5,49.0,503720
2011-11-29,49.069000244140625,49.54199981689453,48.76499938964844,49.20000076293945,387610
2011-11-30,49.06800079345703,49.17499923706055,48.52199935913086,49.069000244140625,611400
2011-12-01,50.194000244140625,51.0,49.95000076293945,50.20000076293945,2383850
2011-12-02,51.308998107910156,51.597999572753906,50.005001068115234,50.189998626708984,1013710
2011-12-05,51.11000061035156,51.5,50.875,51.29899978637695,1216300
2011-12-07,51.20000076293945,51.84000015258789,51.119998931884766,51.25,2387100
2011-12-08,50.19300079345703,51.262001037597656,50.0099983215332,51.20000076293945,1566940
2011-12-09,49.7599983215332,50.2400016784668,48.05500030517578,50.0,1406050
2011-12-12,48.65599822998047,50.0,48.505001068115234,50.0,1200170
2011-12-13,48.83399963378906,49.20000076293945,48.220001220703125,48.65599822998047,1095110
2011-12-14,48.948001861572266,49.35499954223633,48.400001525878906,48.75,3618240
2011-12-15,48.729000091552734,49.70000076293945,47.71500015258789,48.810001373291016,2457480
2011-12-16,47.827999114990234,49.27299880981445,47.5,48.79999923706055,1668850
2011-12-19,47.56399917602539,48.1150016784668,46.70000076293945,47.834999084472656,2980180
2011-12-20,46.38600158691406,47.70000076293945,46.28499984741211,47.70000076293945,1862320
2011-12-21,47.7599983215332,48.0,46.96500015258789,47.099998474121094,1029110
2011-12-22,48.11199951171875,48.29499816894531,47.034000396728516,47.5,828320
2011-12-23,48.08000183105469,48.400001525878906,47.400001525878906,47.400001525878906,645710
2011-12-26,48.66400146484375,48.79999923706055,47.60499954223633,48.20000076293945,459340
2011-12-27,48.29899978637695,48.89799880981445,48.099998474121094,48.5099983215332,274460
2011-12-28,47.98400115966797,48.43600082397461,47.70000076293945,48.20000076293945,413530
2011-12-29,47.433998107910156,47.95500183105469,47.349998474121094,47.810001373291016,603900
2011-12-30,47.005001068115234,47.77000045776367,46.875,47.60100173950195,509890
2012-01-02,47.178001403808594,47.29999923706055,46.75,47.29999923706055,496610
2012-01-03,48.50899887084961,48.599998474121094,47.400001525878906,47.400001525878906,423790
2012-01-04,48.3489990234375,48.599998474121094,48.05500030517578,48.4010009765625,708290
2012-01-05,48.3489990234375,48.5989990234375,48.111000061035156,48.31100082397461,311630
2012-01-06,48.483001708984375,48.88999938964844,47.720001220703125,48.224998474121094,450240
2012-01-09,48.25699996948242,48.569000244140625,47.9109992980957,48.310001373291016,257640
2012-01-10,49.38399887084961,49.474998474121094,48.400001525878906,48.400001525878906,1669220
2012-01-11,49.159000396728516,49.499000549316406,49.099998474121094,49.400001525878906,854730
2012-01-12,48.9379997253418,49.38999938964844,48.75,49.00199890136719,573820
2012-01-13,49.32500076293945,49.6150016784668,48.935001373291016,49.099998474121094,401660
2012-01-16,49.35100173950195,49.44499969482422,48.85499954223633,49.0,482370
2012-01-17,50.14899826049805,50.290000915527344,49.5,49.5,649960
2012-01-18,50.03300094604492,50.29999923706055,49.75,50.29999923706055,610870
2012-01-19,50.597999572753906,50.69900131225586,50.310001373291016,50.459999084472656,666020
2012-01-20,50.80400085449219,51.04499816894531,49.709999084472656,50.70000076293945,1034770
2012-01-23,51.231998443603516,51.380001068115234,50.750999450683594,50.79499816894531,1521880
2012-01-24,51.75699996948242,51.93199920654297,51.025001525878906,51.209999084472656,1119430
2012-01-25,52.141998291015625,52.25,51.81999969482422,51.88999938964844,889470
2012-01-27,52.474998474121094,52.599998474121094,52.0260009765625,52.290000915527344,1450890
2012-01-30,52.027000427246094,52.310001373291016,51.6609992980957,52.310001373291016,1581970
2012-01-31,52.5880012512207,52.79899978637695,51.900001525878906,52.099998474121094,615820
2012-02-01,52.99700164794922,53.09000015258789,52.29999923706055,52.60200119018555,989990
2012-02-02,53.17399978637695,53.380001068115234,52.861000061035156,53.20000076293945,1260710
2012-02-03,53.847999572753906,53.95000076293945,53.099998474121094,53.17399978637695,910200
2012-02-06,54.034000396728516,54.5,53.625,53.625,1318160
2012-02-07,53.9119987487793,54.459999084472656,53.71099853515625,54.19900131225586,1027880
2012-02-08,54.21099853515625,54.5,53.750999450683594,54.00199890136719,691120
2012-02-09,54.63600158691406,54.84000015258789,53.92599868774414,54.20000076293945,4424750
2012-02-10,54.2869987487793,54.775001525878906,53.90999984741211,54.68000030517578,1045450
2012-02-13,54.43899917602539,54.70000076293945,54.10200119018555,54.45000076293945,704980
2012-02-14,54.87300109863281,55.0,54.22600173950195,54.43899917602539,828610
2012-02-15,55.92599868774414,56.04999923706055,55.0,55.0,1800100
2012-02-16,55.81700134277344,55.952999114990234,55.349998474121094,55.79999923706055,997450
2012-02-17,56.30500030517578,56.64500045776367,56.03099822998047,56.099998474121094,1926000
2012-02-21,56.76900100708008,56.849998474121094,56.20500183105469,56.29999923706055,880400
2012-02-22,55.7400016784668,56.88399887084961,55.54499816894531,56.79899978637695,1273330
2012-02-23,55.611000061035156,56.400001525878906,55.30500030517578,55.79999923706055,572750
2012-02-24,55.22800064086914,55.82500076293945,55.0,55.79999923706055,776140
2012-02-27,53.82099914550781,55.54999923706055,53.70100021362305,55.4900016784668,1138430
2012-02-28,54.92100143432617,55.0,54.0,54.0,709870
2012-02-29,55.145999908447266,55.66899871826172,54.70000076293945,55.09000015258789,938920
2012-03-01,54.54600143432617,54.994998931884766,54.189998626708984,54.9109992980957,412270
2012-03-02,54.60300064086914,55.0,54.2599983215332,54.70000076293945,504530
2012-03-05,53.95399856567383,54.599998474121094,53.8120002746582,54.599998474121094,834260
2012-03-06,53.31800079345703,54.89500045776367,53.189998626708984,54.0,624190
2012-03-07,53.37699890136719,53.5,52.79999923706055,53.21099853515625,936740
2012-03-09,53.571998596191406,54.099998474121094,53.04999923706055,53.611000061035156,4291030
2012-03-12,53.75299835205078,54.29999923706055,53.4109992980957,53.71099853515625,579330
2012-03-13,54.5369987487793,54.6879997253418,53.849998474121094,53.849998474121094,385090
2012-03-14,54.805999755859375,55.060001373291016,54.500999450683594,54.89500045776367,741850
2012-03-15,54.016998291015625,54.79999923706055,51.07099914550781,54.71099853515625,587690
2012-03-16,53.2599983215332,54.67499923706055,53.099998474121094,54.04999923706055,1043390
2012-03-19,52.71799850463867,53.400001525878906,52.54999923706055,53.11000061035156,596390
2012-03-20,52.89500045776367,53.099998474121094,52.36199951171875,52.70000076293945,547510
2012-03-21,53.8849983215332,54.0,50.20000076293945,52.70000076293945,887420
2012-03-22,52.39500045776367,53.970001220703125,52.20000076293945,53.779998779296875,1525920
2012-03-23,52.78799819946289,53.18000030517578,52.25,52.51100158691406,496180
2012-03-26,52.189998626708984,52.79999923706055,51.89500045776367,52.599998474121094,1224480
2012-03-27,52.500999450683594,52.85499954223633,52.005001068115234,52.5,1437490
2012-03-28,52.24800109863281,52.599998474121094,52.130001068115234,52.5,1243200
2012-03-29,52.25,52.5,51.685001373291016,52.111000061035156,844680
2012-03-30,53.33300018310547,53.5,52.400001525878906,52.59000015258789,693840
2012-04-02,53.34600067138672,53.54499816894531,52.91400146484375,53.400001525878906,328650
2012-04-03,53.78300094604492,53.970001220703125,53.52000045776367,53.597999572753906,481780
2012-04-04,53.3120002746582,53.599998474121094,53.20000076293945,53.599998474121094,765610
2012-04-09,52.724998474121094,53.07699966430664,52.62200164794922,53.01100158691406,346650
2012-04-10,52.8650016784668,52.96500015258789,52.400001525878906,52.9109992980957,349520
2012-04-11,52.74700164794922,53.099998474121094,52.321998596191406,52.611000061035156,324230
2012-04-12,53.25299835205078,53.345001220703125,52.80500030517578,53.0,269070
2012-04-13,52.27399826049805,53.45000076293945,52.0099983215332,53.290000915527344,574800
2012-04-16,52.59199905395508,52.744998931884766,52.01100158691406,52.01100158691406,347260
2012-04-17,53.27399826049805,53.47800064086914,52.29999923706055,52.51100158691406,531490
2012-04-18,53.12099838256836,53.689998626708984,53.01499938964844,53.4900016784668,541930
2012-04-19,53.45500183105469,53.599998474121094,53.04100036621094,53.099998474121094,364070
2012-04-20,52.95899963378906,53.400001525878906,52.4010009765625,53.400001525878906,768560
2012-04-23,52.14899826049805,53.08000183105469,51.95100021362305,52.900001525878906,603480
2012-04-24,52.512001037597656,52.630001068115234,52.106998443603516,52.29999923706055,465630
2012-04-25,52.207000732421875,52.617000579833984,51.92499923706055,52.5,642730
2012-04-26,52.39099884033203,52.5989990234375,52.04999923706055,52.29999923706055,653200
2012-04-27,52.141998291015625,52.66999816894531,52.0260009765625,52.400001525878906,239420
2012-04-30,52.513999938964844,52.810001373291016,52.321998596191406,52.5,424450
2012-05-02,52.566001892089844,54.0,52.29999923706055,52.9900016784668,324700
2012-05-03,52.09199905395508,52.566001892089844,52.0099983215332,52.566001892089844,532330
2012-05-04,51.05799865722656,52.099998474121094,50.95199966430664,52.099998474121094,1185300
2012-05-07,51.527000427246094,51.744998931884766,50.0,50.79999923706055,1861940
2012-05-08,50.48500061035156,51.599998474121094,50.29999923706055,51.51100158691406,1532140
2012-05-09,50.10599899291992,50.69900131225586,49.915000915527344,50.4010009765625,2623010
2012-05-10,50.027000427246094,50.790000915527344,49.91999816894531,50.29899978637695,516860
2012-05-11,49.90999984741211,50.16999816894531,49.54999923706055,49.900001525878906,597680
2012-05-14,48.85200119018555,50.00400161743164,48.70000076293945,49.900001525878906,1281100
2012-05-15,49.520999908447266,49.691001892089844,48.709999084472656,48.79999923706055,1197730
2012-05-16,49.01300048828125,49.47999954223633,48.54999923706055,49.20000076293945,1207220
2012-05-17,49.06399917602539,49.53499984741211,48.90999984741211,49.099998474121094,465230
2012-05-18,49.17100143432617,49.43000030517578,48.369998931884766,48.88999938964844,1650270
2012-05-21,49.321998596191406,49.487998962402344,49.099998474121094,49.099998474121094,359350
2012-05-22,48.89099884033203,49.68000030517578,48.85499954223633,49.5099983215332,619560
2012-05-23,48.77199935913086,49.099998474121094,48.5,48.79999923706055,517430
2012-05-24,49.5880012512207,49.70000076293945,48.79999923706055,49.0,225880
2012-05-25,49.85599899291992,50.09000015258789,49.0,49.5,376300
2012-05-28,49.89899826049805,50.189998626708984,49.652000427246094,49.849998474121094,608560
2012-05-29,50.29999923706055,50.494998931884766,50.0,50.0,271440
2012-05-30,49.60499954223633,50.2599983215332,49.5099983215332,50.2599983215332,387270
2012-05-31,49.87099838256836,50.29999923706055,49.31999969482422,49.599998474121094,323800
2012-06-01,49.013999938964844,49.92499923706055,48.849998474121094,49.724998474121094,1372040
2012-06-04,49.060001373291016,49.599998474121094,48.375,49.29999923706055,663630
2012-06-05,49.17499923706055,49.499000549316406,49.020999908447266,49.20000076293945,361940
2012-06-06,50.56999969482422,51.150001525878906,49.310001373291016,49.400001525878906,558370
2012-06-07,50.82600021362305,50.849998474121094,50.31999969482422,50.611000061035156,663400
2012-06-08,50.981998443603516,51.20000076293945,50.22999954223633,50.79499816894531,574700
2012-06-11,50.970001220703125,51.779998779296875,50.79999923706055,51.0099983215332,1276740
2012-06-12,51.47600173950195,51.597999572753906,50.654998779296875,50.71099853515625,1018010
2012-06-13,51.479000091552734,51.68000030517578,51.20000076293945,51.525001525878906,810580
2012-06-14,50.98099899291992,51.685001373291016,50.75600051879883,51.400001525878906,834920
2012-06-15,51.78799819946289,51.880001068115234,51.0,51.0,370790
2012-06-18,50.93899917602539,52.20000076293945,50.75,52.099998474121094,609430
2012-06-19,51.49300003051758,51.724998474121094,50.79999923706055,50.900001525878906,461850
2012-06-20,51.724998474121094,51.959999084472656,51.375,51.599998474121094,428630
2012-06-21,52.05799865722656,52.18000030517578,51.35200119018555,51.599998474121094,506510
2012-06-22,51.78900146484375,52.03300094604492,51.380001068115234,51.599998474121094,688770
2012-06-25,51.58300018310547,52.38999938964844,51.29999923706055,51.779998779296875,767400
2012-06-26,51.54199981689453,51.689998626708984,51.25,51.5,469300
2012-06-27,51.904998779296875,51.974998474121094,51.599998474121094,51.599998474121094,256900
2012-06-28,51.92599868774414,52.14899826049805,51.75,51.900001525878906,475830
2012-06-29,53.39899826049805,53.900001525878906,52.18000030517578,52.18000030517578,2515650
2012-07-02,53.22600173950195,53.595001220703125,53.0,53.5,636530
2012-07-03,53.167999267578125,53.58000183105469,52.99800109863281,53.29999923706055,1253260
2012-07-04,53.391998291015625,53.5,53.12300109863281,53.29999923706055,264410
2012-07-05,53.58700180053711,53.70000076293945,52.30500030517578,52.599998474121094,851490
2012-07-06,53.395999908447266,53.59000015258789,53.25,53.51100158691406,450130
2012-07-09,52.85599899291992,53.38399887084961,52.790000915527344,53.38399887084961,363310
2012-07-10,53.49300003051758,53.59000015258789,52.95100021362305,52.97999954223633,946090
2012-07-11,53.09600067138672,53.435001373291016,52.970001220703125,53.29999923706055,1026010
2012-07-12,52.56100082397461,53.0,52.32600021362305,53.0,419840
2012-07-13,52.39899826049805,52.75,52.301998138427734,52.650001525878906,229040
2012-07-16,52.507999420166016,52.84700012207031,52.255001068115234,52.5,876040
2012-07-17,52.19900131225586,52.689998626708984,52.099998474121094,52.52000045776367,237580
2012-07-18,52.755001068115234,52.880001068115234,52.012001037597656,52.20000076293945,508830
2012-07-19,53.04100036621094,53.189998626708984,52.816001892089844,53.0,304900
2012-07-20,52.65599822998047,53.0,52.4119987487793,53.0,346290
2012-07-23,51.720001220703125,52.5,51.62099838256836,52.29999923706055,765320
2012-07-24,51.86199951171875,52.0,51.52000045776367,51.900001525878906,210480
2012-07-25,51.874000549316406,52.0,51.36800003051758,51.81100082397461,354930
2012-07-26,51.18600082397461,51.900001525878906,51.0099983215332,51.81100082397461,273300
2012-07-27,51.52000045776367,52.06800079345703,51.32099914550781,51.698001861572266,220130
2012-07-30,52.435001373291016,52.49800109863281,51.61000061035156,51.79999923706055,272270
2012-07-31,52.797000885009766,52.97999954223633,52.051998138427734,52.51100158691406,654220
2012-08-01,52.78099822998047,53.349998474121094,52.619998931884766,52.779998779296875,450310
2012-08-02,52.7869987487793,52.999000549316406,52.65999984741211,52.900001525878906,158990
2012-08-03,52.680999755859375,52.790000915527344,52.209999084472656,52.599998474121094,157240
2012-08-06,53.11600112915039,53.275001525878906,52.79999923706055,52.79999923706055,378090
2012-08-07,53.525001525878906,53.74700164794922,53.005001068115234,53.15999984741211,599050
2012-08-08,53.60599899291992,53.900001525878906,53.5,53.58000183105469,722800
2012-08-09,53.51499938964844,53.880001068115234,53.349998474121094,53.61000061035156,546350
2012-08-10,53.452999114990234,53.63999938964844,53.125999450683594,53.5,352840
2012-08-13,53.79899978637695,53.900001525878906,53.29999923706055,53.5,237850
2012-08-14,54.130001068115234,54.20000076293945,53.6609992980957,53.79999923706055,463590
2012-08-16,53.96900177001953,54.19499969482422,53.90999984741211,54.19499969482422,143010
2012-08-17,53.8120002746582,54.209999084472656,52.55500030517578,52.55500030517578,1230450
2012-08-21,54.41600036621094,54.5,53.849998474121094,53.900001525878906,3105010
2012-08-22,54.35200119018555,54.560001373291016,54.20000076293945,54.20199966430664,2765910
2012-08-23,54.45800018310547,54.755001068115234,54.130001068115234,54.29999923706055,2094450
2012-08-24,54.10300064086914,54.29999923706055,53.95000076293945,54.29999923706055,482850
2012-08-27,53.84400177001953,54.19900131225586,53.724998474121094,54.099998474121094,659310
2012-08-28,53.62900161743164,53.88999938964844,53.21500015258789,53.88999938964844,515870
2012-08-29,53.14799880981445,53.69900131225586,53.00600051879883,53.69900131225586,940400
2012-08-30,53.391998291015625,53.5880012512207,52.79999923706055,53.099998474121094,361330
2012-08-31,52.8129997253418,53.29999923706055,52.70000076293945,53.29999923706055,529120
2012-09-03,52.709999084472656,53.29999923706055,52.599998474121094,53.0,587030
2012-09-04,52.999000549316406,53.058998107910156,52.55500030517578,52.79899978637695,1034080
2012-09-05,52.604000091552734,52.849998474121094,52.349998474121094,52.849998474121094,717150
2012-09-06,52.720001220703125,52.88999938964844,52.40999984741211,52.505001068115234,212710
2012-09-07,54.020999908447266,54.13999938964844,53.0,53.0,1682190
2012-09-10,54.12699890136719,54.28499984741211,53.90999984741211,54.099998474121094,771150
2012-09-11,54.138999938964844,54.220001220703125,53.52299880981445,54.099998474121094,949640
2012-09-12,54.56700134277344,54.645999908447266,54.150001525878906,54.20000076293945,684050
2012-09-13,54.54499816894531,54.70000076293945,54.426998138427734,54.5,609850
2012-09-14,56.09000015258789,56.290000915527344,55.01499938964844,55.01499938964844,2250400
2012-09-17,56.56800079345703,57.279998779296875,56.45500183105469,56.5,1621310
2012-09-18,56.25600051879883,56.64500045776367,56.16400146484375,56.5,499900
2012-09-20,55.80500030517578,56.099998474121094,55.70000076293945,56.0,1030680
2012-09-21,57.207000732421875,57.400001525878906,56.0,56.0099983215332,1387770
2012-09-24,56.98899841308594,57.400001525878906,56.83599853515625,57.10499954223633,446750
2012-09-25,57.04600143432617,57.49800109863281,56.814998626708984,57.48400115966797,643380
2012-09-26,57.025001525878906,57.099998474121094,56.724998474121094,56.79999923706055,306470
2012-09-27,56.840999603271484,57.39400100708008,56.75,56.930999755859375,482060
2012-09-28,57.275001525878906,57.70000076293945,56.900001525878906,56.900001525878906,412510
2012-10-01,57.51900100708008,57.689998626708984,57.20000076293945,57.20000076293945,373130
2012-10-03,57.7760009765625,57.78499984741211,57.500999450683594,57.52000045776367,350560
2012-10-04,58.25299835205078,58.40999984741211,57.54999923706055,57.54999923706055,746160
2012-10-05,57.77399826049805,58.5,57.5,58.400001525878906,732000
2012-10-08,57.13999938964844,57.69900131225586,57.01599884033203,57.599998474121094,505180
2012-10-09,57.30799865722656,57.58000183105469,57.099998474121094,57.29999923706055,740220
2012-10-10,56.83599853515625,57.20000076293945,56.722999572753906,57.099998474121094,425060
2012-10-11,57.979000091552734,58.060001373291016,56.70000076293945,56.810001373291016,1609090
2012-10-12,57.40599822998047,58.01300048828125,57.29999923706055,57.900001525878906,709710
2012-10-15,57.409000396728516,57.599998474121094,57.130001068115234,57.400001525878906,317320
2012-10-16,56.82500076293945,57.70000076293945,56.66299819946289,57.5,600100
2012-10-17,56.882999420166016,57.29800033569336,56.6609992980957,57.0,386200
2012-10-18,57.5,57.534000396728516,56.8129997253418,57.0,485790
2012-10-19,57.106998443603516,57.45199966430664,56.994998931884766,57.400001525878906,510620
2012-10-22,57.50299835205078,57.59700012207031,56.91600036621094,57.069000244140625,445240
2012-10-23,57.24399948120117,57.558998107910156,57.04999923706055,57.41999816894531,217650
2012-10-25,57.465999603271484,57.5099983215332,57.18199920654297,57.20000076293945,168740
2012-10-29,57.431610107421875,57.431610107421875,57.431610107421875,57.431610107421875,0
2012-10-30,56.74578094482422,56.74578094482422,56.74578094482422,56.74578094482422,0
2012-10-31,56.97080993652344,56.97080993652344,56.97080993652344,56.97080993652344,0
2012-11-01,57.267478942871094,57.267478942871094,57.267478942871094,57.267478942871094,0
2012-11-02,57.799278259277344,57.799278259277344,57.799278259277344,57.799278259277344,0
2012-11-05,57.87004089355469,57.87004089355469,57.87004089355469,57.87004089355469,0
2012-11-06,58.07350158691406,58.07350158691406,58.07350158691406,58.07350158691406,0
2012-11-07,58.43391036987305,58.43391036987305,58.43391036987305,58.43391036987305,0
2012-11-08,58.216861724853516,58.216861724853516,58.216861724853516,58.216861724853516,0
2012-11-09,57.68452072143555,57.68452072143555,57.68452072143555,57.68452072143555,0
2012-11-12,57.65612030029297,57.65612030029297,57.65612030029297,57.65612030029297,0
2012-11-15,57.119991302490234,57.119991302490234,57.119991302490234,57.119991302490234,0
2012-11-16,56.54219055175781,56.54219055175781,56.54219055175781,56.54219055175781,0
2012-11-19,56.51329040527344,56.51329040527344,56.51329040527344,56.51329040527344,0
2012-11-20,56.513938903808594,56.513938903808594,56.513938903808594,56.513938903808594,0
2012-11-21,56.95159149169922,56.95159149169922,56.95159149169922,56.95159149169922,0
2012-11-22,57.08185958862305,57.08185958862305,57.08185958862305,57.08185958862305,0
2012-11-23,57.069610595703125,57.069610595703125,57.069610595703125,57.069610595703125,0
2012-11-26,57.161399841308594,57.161399841308594,57.161399841308594,57.161399841308594,0
2012-11-27,58.08837127685547,58.08837127685547,58.08837127685547,58.08837127685547,0
2012-11-29,59.075069427490234,59.075069427490234,59.075069427490234,59.075069427490234,0
2012-11-30,59.6297492980957,59.6297492980957,59.6297492980957,59.6297492980957,0
2012-12-03,59.53749084472656,59.53749084472656,59.53749084472656,59.53749084472656,0
2012-12-04,59.7221794128418,59.7221794128418,59.7221794128418,59.7221794128418,0
2012-12-05,59.835350036621094,59.835350036621094,59.835350036621094,59.835350036621094,0
2012-12-06,60.14249038696289,60.14249038696289,60.14249038696289,60.14249038696289,0
2012-12-07,59.90340042114258,59.90340042114258,59.90340042114258,59.90340042114258,0
2012-12-10,59.9162483215332,59.9162483215332,59.9162483215332,59.9162483215332,0
2012-12-11,59.813011169433594,59.813011169433594,59.813011169433594,59.813011169433594,0
2012-12-12,59.702491760253906,59.702491760253906,59.702491760253906,59.702491760253906,0
2012-12-13,59.33224868774414,59.33224868774414,59.33224868774414,59.33224868774414,0
2012-12-14,59.61608123779297,59.61608123779297,59.61608123779297,59.61608123779297,0
2012-12-17,59.39352035522461,59.39352035522461,59.39352035522461,59.39352035522461,0
2012-12-18,59.78728103637695,59.78728103637695,59.78728103637695,59.78728103637695,0
2012-12-19,60.118770599365234,60.118770599365234,60.118770599365234,60.118770599365234,0
2012-12-20,59.9840087890625,59.9840087890625,59.9840087890625,59.9840087890625,0
2012-12-21,59.2872314453125,59.2872314453125,59.2872314453125,59.2872314453125,0
2012-12-24,59.39445114135742,59.39445114135742,59.39445114135742,59.39445114135742,0
2012-12-26,59.898048400878906,59.898048400878906,59.898048400878906,59.898048400878906,0
2012-12-27,59.53784942626953,59.53784942626953,59.53784942626953,59.53784942626953,0
2012-12-28,59.924110412597656,59.924110412597656,59.924110412597656,59.924110412597656,0
2012-12-31,59.888851165771484,59.888851165771484,59.888851165771484,59.888851165771484,0
2013-01-01,60.351661682128906,60.351661682128906,60.351661682128906,60.351661682128906,0
2013-01-02,60.7806282043457,60.7806282043457,60.7806282043457,60.7806282043457,0
2013-01-03,60.9440803527832,60.9440803527832,60.9440803527832,60.9440803527832,0
2013-01-04,61.01060104370117,61.01060104370117,61.01060104370117,61.01060104370117,0
2013-01-07,60.726890563964844,60.726890563964844,60.726890563964844,60.726890563964844,0
2013-01-08,60.860801696777344,60.860801696777344,60.860801696777344,60.860801696777344,0
2013-01-09,60.5536994934082,60.5536994934082,60.5536994934082,60.5536994934082,0
2013-01-10,60.52410888671875,60.52410888671875,60.52410888671875,60.52410888671875,0
2013-01-11,60.3473014831543,60.3473014831543,60.3473014831543,60.3473014831543,0
2013-01-14,61.08174133300781,61.08174133300781,61.08174133300781,61.08174133300781,0
2013-01-15,61.41082000732422,61.41082000732422,61.41082000732422,61.41082000732422,0
2013-01-16,60.85670852661133,60.85670852661133,60.85670852661133,60.85670852661133,0
2013-01-17,61.234519958496094,61.234519958496094,61.234519958496094,61.234519958496094,0
2013-01-18,61.48884963989258,61.48884963989258,61.48884963989258,61.48884963989258,0
2013-01-21,61.669158935546875,61.669158935546875,61.669158935546875,61.669158935546875,0
2013-01-22,61.325721740722656,61.325721740722656,61.325721740722656,61.325721740722656,0
2013-01-23,61.39154052734375,61.39154052734375,61.39154052734375,61.39154052734375,0
2013-01-24,61.036930084228516,61.036930084228516,61.036930084228516,61.036930084228516,0
2013-01-25,61.59621810913086,61.59621810913086,61.59621810913086,61.59621810913086,0
2013-01-28,61.59524917602539,61.59524917602539,61.59524917602539,61.59524917602539,0
2013-01-29,61.34223937988281,61.34223937988281,61.34223937988281,61.34223937988281,0
2013-01-30,61.40018081665039,61.40018081665039,61.40018081665039,61.40018081665039,0
2013-01-31,61.1870002746582,61.1870002746582,61.1870002746582,61.1870002746582,0
2013-02-01,60.822940826416016,60.822940826416016,60.822940826416016,60.822940826416016,0
2013-02-04,60.701988220214844,60.701988220214844,60.701988220214844,60.701988220214844,0
2013-02-05,60.39910888671875,60.39910888671875,60.39910888671875,60.39910888671875,0
2013-02-06,60.42177963256836,60.42177963256836,60.42177963256836,60.42177963256836,0
2013-02-07,60.214229583740234,60.214229583740234,60.214229583740234,60.214229583740234,0
2013-02-08,59.855979919433594,59.855979919433594,59.855979919433594,59.855979919433594,0
2013-02-11,59.796958923339844,59.796958923339844,59.796958923339844,59.796958923339844,0
2013-02-12,60.04608154296875,60.04608154296875,60.04608154296875,60.04608154296875,0
2013-02-13,60.151241302490234,60.151241302490234,60.151241302490234,60.151241302490234,0
2013-02-14,59.78607940673828,59.78607940673828,59.78607940673828,59.78607940673828,0
2013-02-15,59.69580841064453,59.69580841064453,59.69580841064453,59.69580841064453,0
2013-02-18,59.81425857543945,59.81425857543945,59.81425857543945,59.81425857543945,0
2013-02-19,60.23434066772461,60.23434066772461,60.23434066772461,60.23434066772461,0
2013-02-20,60.26750183105469,60.26750183105469,60.26750183105469,60.26750183105469,0
2013-02-21,59.34741973876953,59.34741973876953,59.34741973876953,59.34741973876953,0
2013-02-22,59.327049255371094,59.327049255371094,59.327049255371094,59.327049255371094,0
2013-02-25,59.37076187133789,59.37076187133789,59.37076187133789,59.37076187133789,0
2013-02-26,58.42414093017578,58.42414093017578,58.42414093017578,58.42414093017578,0
2013-02-27,58.7835693359375,58.7835693359375,58.7835693359375,58.7835693359375,0
2013-02-28,57.73102951049805,57.73102951049805,57.73102951049805,57.73102951049805,0
2013-03-01,58.016109466552734,58.016109466552734,58.016109466552734,58.016109466552734,0
2013-03-04,57.79988098144531,57.79988098144531,57.79988098144531,57.79988098144531,0
2013-03-05,58.6680793762207,58.6680793762207,58.6680793762207,58.6680793762207,0
2013-03-06,59.01533889770508,59.01533889770508,59.01533889770508,59.01533889770508,0
2013-03-07,59.46754837036133,59.46754837036133,59.46754837036133,59.46754837036133,0
2013-03-08,60.29962921142578,60.29962921142578,60.29962921142578,60.29962921142578,0
2013-03-11,60.263370513916016,60.263370513916016,60.263370513916016,60.263370513916016,0
2013-03-12,59.97652053833008,59.97652053833008,59.97652053833008,59.97652053833008,0
2013-03-13,59.33876037597656,59.33876037597656,59.33876037597656,59.33876037597656,0
2013-03-14,59.17203140258789,59.17203140258789,59.17203140258789,59.17203140258789,0
2013-03-15,58.80752944946289,58.80752944946289,58.80752944946289,58.80752944946289,0
2013-03-18,58.45098876953125,58.45098876953125,58.45098876953125,58.45098876953125,0
2013-03-19,57.557159423828125,57.557159423828125,57.557159423828125,57.557159423828125,0
2013-03-20,57.04079055786133,57.04079055786133,57.04079055786133,57.04079055786133,0
2013-03-21,56.68952178955078,56.68952178955078,56.68952178955078,56.68952178955078,0
2013-03-22,56.636749267578125,56.636749267578125,56.636749267578125,56.636749267578125,0
2013-03-25,56.45967102050781,56.45967102050781,56.45967102050781,56.45967102050781,0
2013-03-26,56.53622817993164,56.53622817993164,56.53622817993164,56.53622817993164,0
2013-03-28,56.941429138183594,56.941429138183594,56.941429138183594,56.941429138183594,0
2013-04-01,57.15719985961914,57.15719985961914,57.15719985961914,57.15719985961914,0
2013-04-02,57.59328842163086,57.59328842163086,57.59328842163086,57.59328842163086,0
2013-04-03,56.840728759765625,56.840728759765625,56.840728759765625,56.840728759765625,0
2013-04-04,55.8585205078125,55.8585205078125,55.8585205078125,55.8585205078125,0
2013-04-05,55.64313888549805,55.64313888549805,55.64313888549805,55.64313888549805,0
2013-04-08,55.5376091003418,55.5376091003418,55.5376091003418,55.5376091003418,0
2013-04-09,55.05839920043945,55.05839920043945,55.05839920043945,55.05839920043945,0
2013-04-10,55.693458557128906,55.693458557128906,55.693458557128906,55.693458557128906,0
2013-04-11,56.04603958129883,56.04603958129883,56.04603958129883,56.04603958129883,0
2013-04-12,55.39065933227539,55.39065933227539,55.39065933227539,55.39065933227539,0
2013-04-15,55.78649139404297,55.78649139404297,55.78649139404297,55.78649139404297,0
2013-04-16,56.991451263427734,56.991451263427734,56.991451263427734,56.991451263427734,0
2013-04-17,56.988460540771484,56.988460540771484,56.988460540771484,56.988460540771484,0
2013-04-18,57.93149185180664,57.93149185180664,57.93149185180664,57.93149185180664,0
2013-04-22,58.44321823120117,58.44321823120117,58.44321823120117,58.44321823120117,0
2013-04-23,58.467369079589844,58.467369079589844,58.467369079589844,58.467369079589844,0
2013-04-25,59.25999069213867,59.25999069213867,59.25999069213867,59.25999069213867,0
2013-04-26,58.81092834472656,58.81092834472656,58.81092834472656,58.81092834472656,0
2013-04-29,59.13576889038086,59.13576889038086,59.13576889038086,59.13576889038086,0
2013-04-30,59.39617919921875,59.39617919921875,59.39617919921875,59.39617919921875,0
2013-05-02,60.085941314697266,60.085941314697266,60.085941314697266,60.085941314697266,0
2013-05-03,59.531639099121094,59.531639099121094,59.531639099121094,59.531639099121094,0
2013-05-06,59.800071716308594,59.800071716308594,59.800071716308594,59.800071716308594,0
2013-05-07,60.5241584777832,60.5241584777832,60.5241584777832,60.5241584777832,0
2013-05-08,60.780818939208984,60.780818939208984,60.780818939208984,60.780818939208984,0
2013-05-09,60.58869171142578,60.58869171142578,60.58869171142578,60.58869171142578,0
2013-05-10,61.07973098754883,61.07973098754883,61.07973098754883,61.07973098754883,0
2013-05-13,59.93387985229492,59.93387985229492,59.93387985229492,59.93387985229492,0
2013-05-14,60.082801818847656,60.082801818847656,60.082801818847656,60.082801818847656,0
2013-05-15,61.5972785949707,61.5972785949707,61.5972785949707,61.5972785949707,0
2013-05-16,61.827911376953125,61.827911376953125,61.827911376953125,61.827911376953125,0
2013-05-17,62.001251220703125,62.001251220703125,62.001251220703125,62.001251220703125,0
2013-05-20,61.69449996948242,61.69449996948242,61.69449996948242,61.69449996948242,0
2013-05-21,61.26546859741211,61.26546859741211,61.26546859741211,61.26546859741211,0
2013-05-22,61.068641662597656,61.068641662597656,61.068641662597656,61.068641662597656,0
2013-05-23,59.79579162597656,59.79579162597656,59.79579162597656,59.79579162597656,0
2013-05-24,59.9603385925293,59.9603385925293,59.9603385925293,59.9603385925293,0
2013-05-27,60.955238342285156,60.955238342285156,60.955238342285156,60.955238342285156,0
2013-05-28,61.269100189208984,61.269100189208984,61.269100189208984,61.269100189208984,0
2013-05-29,61.19847106933594,61.19847106933594,61.19847106933594,61.19847106933594,0
2013-05-30,61.508121490478516,61.508121490478516,61.508121490478516,61.508121490478516,0
2013-05-31,60.214481353759766,60.214481353759766,60.214481353759766,60.214481353759766,0
2013-06-03,59.74551010131836,59.74551010131836,59.74551010131836,59.74551010131836,0
2013-06-04,59.5460090637207,59.5460090637207,59.5460090637207,59.5460090637207,0
2013-06-05,59.589359283447266,59.589359283447266,59.589359283447266,59.589359283447266,0
2013-06-06,59.589820861816406,59.589820861816406,59.589820861816406,59.589820861816406,0
2013-06-07,59.18455123901367,59.18455123901367,59.18455123901367,59.18455123901367,0
2013-06-10,59.15214157104492,59.15214157104492,59.15214157104492,59.15214157104492,0
2013-06-11,58.25674057006836,58.25674057006836,58.25674057006836,58.25674057006836,0
2013-06-12,57.969329833984375,57.969329833984375,57.969329833984375,57.969329833984375,0
2013-06-13,57.41239929199219,57.41239929199219,57.41239929199219,57.41239929199219,0
2013-06-14,58.50749969482422,58.50749969482422,58.50749969482422,58.50749969482422,0
2013-06-17,58.92670822143555,58.92670822143555,58.92670822143555,58.92670822143555,0
2013-06-18,58.56053924560547,58.56053924560547,58.56053924560547,58.56053924560547,0
2013-06-19,58.64617156982422,58.64617156982422,58.64617156982422,58.64617156982422,0
2013-06-20,56.97779083251953,56.97779083251953,56.97779083251953,56.97779083251953,0
2013-06-21,57.09492111206055,57.09492111206055,57.09492111206055,57.09492111206055,0
2013-06-24,56.51900100708008,57.099998474121094,56.301998138427734,56.70000076293945,549640
2013-06-25,56.85300064086914,57.18000030517578,56.099998474121094,56.599998474121094,849710
2013-06-26,56.29999923706055,56.939998626708984,56.0099983215332,56.0099983215332,463950
2013-06-27,57.11899948120117,57.297000885009766,56.599998474121094,56.70000076293945,272210
2013-06-28,58.96799850463867,59.099998474121094,57.5,57.5,849850
2013-07-01,59.27199935913086,59.3489990234375,58.61000061035156,58.900001525878906,776670
2013-07-02,58.99599838256836,59.29399871826172,58.9010009765625,59.20000076293945,461170
2013-07-03,58.7140007019043,59.0,58.099998474121094,58.60200119018555,272640
2013-07-04,58.779998779296875,59.04899978637695,58.599998474121094,58.900001525878906,124590
2013-07-05,59.06700134277344,59.400001525878906,58.994998931884766,58.994998931884766,176290
2013-07-08,58.74700164794922,58.99700164794922,58.29999923706055,58.994998931884766,173270
2013-07-09,59.0620002746582,59.28799819946289,58.310001373291016,58.310001373291016,163780
2013-07-10,58.63199996948242,59.29999923706055,58.5,59.0620002746582,263270
2013-07-11,59.6609992980957,59.900001525878906,59.10499954223633,59.40999984741211,1007920
2013-07-12,60.44200134277344,60.55500030517578,59.85200119018555,60.0,510990
2013-07-15,60.73099899291992,60.869998931884766,60.20000076293945,60.599998474121094,311470
2013-07-16,59.959999084472656,60.29899978637695,59.70000076293945,60.29800033569336,208970
2013-07-17,60.12799835205078,60.34700012207031,59.70399856567383,60.099998474121094,268850
2013-07-18,60.74599838256836,60.900001525878906,60.125,60.29999923706055,237190
2013-07-19,60.74599838256836,61.08000183105469,60.63100051879883,60.79999923706055,256170
2013-07-22,60.763999938964844,61.0099983215332,60.42599868774414,60.5,599370
2013-07-23,61.21200180053711,61.349998474121094,60.814998626708984,60.814998626708984,708380
2013-07-24,60.268001556396484,61.0,60.03099822998047,60.79999923706055,344610
2013-07-25,59.58300018310547,60.57899856567383,59.5,60.20000076293945,534500
2013-07-26,59.23899841308594,59.900001525878906,59.13999938964844,59.70000076293945,454570
2013-07-29,58.763999938964844,59.29899978637695,58.650001525878906,59.20000076293945,465540
2013-07-30,58.198001861572266,59.24800109863281,58.00600051879883,59.20000076293945,334510
2013-07-31,58.124000549316406,58.29999923706055,57.499000549316406,58.29999923706055,287050
2013-08-01,57.92300033569336,58.667999267578125,57.400001525878906,58.20000076293945,367930
2013-08-02,57.84000015258789,60.099998474121094,57.29999923706055,60.099998474121094,337270
2013-08-05,57.39500045776367,58.10100173950195,57.279998779296875,58.0,382480
2013-08-06,56.33700180053711,57.29999923706055,55.904998779296875,57.29999923706055,747670
2013-08-07,56.012001037597656,57.099998474121094,55.779998779296875,57.099998474121094,740790
2013-08-08,56.404998779296875,56.599998474121094,55.8120002746582,56.099998474121094,352020
2013-08-12,56.76300048828125,56.97999954223633,56.10300064086914,56.5,318930
2013-08-13,57.7130012512207,58.29999923706055,56.47999954223633,56.70000076293945,678770
2013-08-14,58.01300048828125,58.20000076293945,57.5,57.75,112140
2013-08-16,55.97800064086914,57.900001525878906,55.79999923706055,57.900001525878906,1511980
2013-08-19,54.96500015258789,56.20000076293945,54.499000549316406,56.099998474121094,836010
2013-08-20,54.65299987792969,55.0,54.0,55.0,603660
2013-08-21,53.93199920654297,55.59000015258789,53.4010009765625,54.79999923706055,650130
2013-08-22,54.76100158691406,54.88999938964844,53.5,54.0,765970
2013-08-23,55.1879997253418,55.28499984741211,54.29999923706055,55.09199905395508,927740
2013-08-26,55.27299880981445,55.900001525878906,55.060001373291016,55.29999923706055,467050
2013-08-27,53.70000076293945,55.099998474121094,53.5099983215332,55.099998474121094,638990
2013-08-28,53.582000732421875,54.709999084472656,51.93299865722656,54.709999084472656,1129290
2013-08-29,54.59299850463867,54.900001525878906,53.70000076293945,53.900001525878906,433380
2013-08-30,55.08000183105469,55.41999816894531,54.005001068115234,54.810001373291016,543270
2013-09-02,56.06100082397461,56.29999923706055,55.18000030517578,55.31999969482422,458920
2013-09-03,54.270999908447266,56.29999923706055,54.0099983215332,56.29999923706055,435540
2013-09-04,55.03499984741211,55.400001525878906,53.900001525878906,54.30099868774414,513920
2013-09-05,56.47999954223633,56.74800109863281,55.209999084472656,55.209999084472656,545660
2013-09-06,57.332000732421875,57.388999938964844,56.25600051879883,56.79999923706055,556370
2013-09-10,59.4010009765625,59.667999267578125,56.845001220703125,57.39500045776367,2012810
2013-09-11,59.65800094604492,59.7400016784668,58.85499954223633,59.599998474121094,812010
2013-09-12,59.066001892089844,59.8380012512207,58.80099868774414,59.8380012512207,570640
2013-09-13,59.11800003051758,59.48699951171875,58.79999923706055,59.0,481050
2013-09-16,59.03799819946289,60.06999969482422,58.60100173950195,59.5,542500
2013-09-17,59.15599822998047,59.220001220703125,58.51499938964844,58.51499938964844,295680
2013-09-18,59.57099914550781,59.79999923706055,58.98500061035156,59.29999923706055,331560
2013-09-19,61.757999420166016,61.96500015258789,60.400001525878906,60.400001525878906,1961430
2013-09-20,60.77799987792969,61.79999923706055,59.974998474121094,61.70000076293945,928310
2013-09-23,59.676998138427734,60.77799987792969,59.474998474121094,60.77799987792969,334070
2013-09-24,59.55500030517578,60.03799819946289,58.209999084472656,58.209999084472656,642950
2013-09-25,59.435001373291016,59.67300033569336,58.750999450683594,59.67300033569336,316800
2013-09-26,59.599998474121094,59.900001525878906,59.22999954223633,59.25,208990
2013-09-27,59.084999084472656,59.79600143432617,58.974998474121094,59.5,450080
2013-09-30,58.2239990234375,58.80099868774414,58.0,58.763999938964844,263160
2013-10-01,58.60300064086914,58.696998596191406,57.5,57.5,188830
2013-10-03,59.84199905395508,59.92499923706055,58.6619987487793,58.70000076293945,417850
2013-10-04,59.742000579833984,60.25,59.5,59.78900146484375,390670
2013-10-07,59.834999084472656,59.974998474121094,59.051998138427734,59.79999923706055,300150
2013-10-08,60.38600158691406,60.5,58.209999084472656,59.0,1047920
2013-10-09,60.981998443603516,61.0890007019043,59.625,60.20000076293945,681070
2013-10-10,61.00400161743164,61.099998474121094,60.220001220703125,60.900001525878906,353840
2013-10-11,61.60599899291992,61.72999954223633,61.10100173950195,61.44499969482422,721860
2013-10-14,61.775001525878906,61.89799880981445,61.404998779296875,61.5,494890
2013-10-15,61.51300048828125,62.130001068115234,61.189998626708984,62.0,423710
2013-10-17,61.1349983215332,61.779998779296875,60.972999572753906,61.599998474121094,271720
2013-10-18,62.49700164794922,62.650001525878906,61.20000076293945,61.20000076293945,905770
2013-10-21,62.71799850463867,62.86800003051758,57.099998474121094,62.79999923706055,537520
2013-10-22,62.67399978637695,62.84000015258789,60.0,60.0,306410
2013-10-23,62.4119987487793,62.79999923706055,61.85100173950195,62.599998474121094,387160
2013-10-24,62.308998107910156,63.165000915527344,62.027000427246094,62.400001525878906,776210
2013-10-25,62.21699905395508,62.54999923706055,61.939998626708984,62.099998474121094,486440
2013-10-28,61.75699996948242,62.5,61.70000076293945,62.400001525878906,260680
2013-10-29,62.88100051879883,62.994998931884766,61.525001525878906,61.79999923706055,484840
2013-10-30,63.141998291015625,63.32400131225586,62.400001525878906,62.79999923706055,545830
2013-10-31,63.59199905395508,63.69499969482422,62.5,63.20000076293945,961340
2013-11-01,63.803001403808594,63.994998931884766,63.499000549316406,63.5,867580
2013-11-05,63.321998596191406,64.0,63.15299987792969,63.70000076293945,266710
2013-11-06,62.88800048828125,63.43899917602539,62.81999969482422,63.29999923706055,148190
2013-11-07,62.56100082397461,63.70000076293945,62.50600051879883,63.0,326700
2013-11-08,62.154998779296875,62.54999923706055,62.027000427246094,62.49399948120117,206650
2013-11-11,61.58000183105469,62.17300033569336,61.5,61.959999084472656,446460
2013-11-12,61.09299850463867,61.880001068115234,60.97999954223633,61.69900131225586,367170
2013-11-13,60.62300109863281,61.20000076293945,60.400001525878906,60.85100173950195,638690
2013-11-14,61.22600173950195,63.5,60.900001525878906,63.5,447930
2013-11-18,62.551998138427734,62.69900131225586,61.85599899291992,61.900001525878906,311040
2013-11-19,62.75699996948242,62.80799865722656,62.42900085449219,62.599998474121094,465510
2013-11-20,62.00199890136719,62.79999923706055,61.79999923706055,62.625999450683594,194570
2013-11-21,60.777000427246094,61.84199905395508,60.61000061035156,61.84199905395508,379650
2013-11-22,60.6870002746582,61.150001525878906,60.400001525878906,60.900001525878906,399780
2013-11-25,61.90999984741211,61.9900016784668,61.07600021362305,61.17399978637695,468750
2013-11-26,61.3489990234375,61.79199981689453,61.224998474121094,61.750999450683594,181390
2013-11-27,61.27899932861328,64.33699798583984,61.0,62.459999084472656,231000
2013-11-28,61.547000885009766,61.8489990234375,61.387001037597656,61.599998474121094,313860
2013-11-29,62.41999816894531,62.49399948120117,61.606998443603516,62.0,304170
2013-12-02,62.902000427246094,62.959999084472656,62.42499923706055,62.516998291015625,274780
2013-12-03,62.709999084472656,62.875,62.500999450683594,62.875,249720
2013-12-04,62.32099914550781,62.75,62.12300109863281,62.558998107910156,251540
2013-12-05,63.28099822998047,63.5989990234375,63.13600158691406,63.19599914550781,999560
2013-12-06,63.542999267578125,63.744998931884766,63.13100051879883,63.400001525878906,232180
2013-12-09,64.21600341796875,65.09400177001953,64.08200073242188,64.30000305175781,932900
2013-12-10,63.99599838256836,64.4000015258789,63.79999923706055,64.20999908447266,183350
2013-12-11,63.82400131225586,64.0,63.542999267578125,63.7400016784668,446650
2013-12-12,63.090999603271484,63.775001525878906,63.0,63.775001525878906,140430
2013-12-13,62.45500183105469,62.82699966430664,62.404998779296875,62.720001220703125,166450
2013-12-16,62.29100036621094,62.5890007019043,62.20000076293945,62.5,244590
2013-12-17,62.058998107910156,62.599998474121094,62.0,62.5,117460
2013-12-18,62.91299819946289,63.099998474121094,62.0,62.0,215490
2013-12-19,62.24300003051758,63.0890007019043,62.099998474121094,62.90999984741211,416940
2013-12-20,63.45500183105469,63.577999114990234,62.29800033569336,62.375,329820
2013-12-23,63.641998291015625,63.880001068115234,63.422000885009766,63.45500183105469,421840
2013-12-24,63.375,70.0,63.34700012207031,70.0,117920
2013-12-26,63.560001373291016,63.88199996948242,63.32699966430664,63.400001525878906,209070
2013-12-27,63.87900161743164,63.99100112915039,63.49300003051758,63.638999938964844,433020
2013-12-30,63.577999114990234,64.04900360107422,63.459999084472656,63.974998474121094,311040
2013-12-31,63.75299835205078,63.89699935913086,63.612998962402344,63.67399978637695,190710
2014-01-01,63.71900177001953,63.928001403808594,63.599998474121094,63.599998474121094,130500
2014-01-02,62.85599899291992,64.2959976196289,62.724998474121094,63.70000076293945,675500
2014-01-03,62.79199981689453,62.939998626708984,62.349998474121094,62.41899871826172,266060
2014-01-06,62.54199981689453,62.84199905395508,62.400001525878906,62.7599983215332,125770
2014-01-07,62.39400100708008,62.880001068115234,62.1349983215332,62.540000915527344,146070
2014-01-08,62.433998107910156,62.60499954223633,62.29999923706055,62.400001525878906,154220
2014-01-09,62.356998443603516,62.58300018310547,62.19599914550781,62.400001525878906,168880
2014-01-10,62.47200012207031,63.09000015258789,62.12300109863281,62.400001525878906,154220
2014-01-13,63.35900115966797,63.64500045776367,62.5,62.599998474121094,404270
2014-01-14,63.0890007019043,63.49100112915039,63.0,63.25,155620
2014-01-15,63.80699920654297,63.89799880981445,63.20000076293945,63.20000076293945,234930
2014-01-16,63.88100051879883,64.07499694824219,63.7130012512207,64.0,274200
2014-01-17,63.22700119018555,63.9640007019043,63.125,63.69300079345703,146150
2014-01-20,63.87799835205078,63.95000076293945,63.12799835205078,63.29999923706055,97540
2014-01-21,63.70899963378906,64.0,63.611000061035156,63.900001525878906,181970
2014-01-22,64.24099731445312,64.31999969482422,63.5989990234375,63.79999923706055,234190
2014-01-23,64.29100036621094,64.39900207519531,63.900001525878906,64.09700012207031,195560
2014-01-24,63.4630012512207,64.08000183105469,63.32500076293945,63.900001525878906,197720
2014-01-27,62.10200119018555,63.20199966430664,61.95000076293945,63.0,310470
2014-01-28,62.13100051879883,62.48899841308594,61.71200180053711,62.1150016784668,207410
2014-01-29,62.43000030517578,62.79999923706055,62.23099899291992,62.400001525878906,170750
2014-01-30,61.67399978637695,62.064998626708984,61.150001525878906,61.70100021362305,297350
2014-01-31,61.7239990234375,61.8489990234375,61.6150016784668,61.79999923706055,158190
2014-02-03,61.29100036621094,61.77000045776367,61.10100173950195,61.67499923706055,180350
2014-02-04,60.93199920654297,61.189998626708984,60.310001373291016,61.189998626708984,483320
2014-02-05,61.09199905395508,61.20000076293945,58.6150016784668,58.6150016784668,350780
2014-02-06,61.10599899291992,66.3550033569336,60.5,64.98999786376953,214550
2014-02-07,61.60499954223633,61.69900131225586,61.22100067138672,61.5,238130
2014-02-10,61.479000091552734,61.79999923706055,61.29999923706055,61.61000061035156,106710
2014-02-11,61.5989990234375,61.70000076293945,61.29999923706055,61.5,158560
2014-02-12,61.724998474121094,62.08000183105469,61.63100051879883,61.63100051879883,95650
2014-02-13,60.83399963378906,61.79999923706055,60.70100021362305,61.79999923706055,176770
2014-02-14,61.3390007019043,61.43000030517578,60.7130012512207,60.900001525878906,189270
2014-02-17,61.61899948120117,61.79999923706055,61.016998291015625,61.400001525878906,213570
2014-02-18,61.99599838256836,62.183998107910156,61.50199890136719,61.70000076293945,177550
2014-02-19,62.25,62.39500045776367,61.91299819946289,62.0,129280
2014-02-20,61.82899856567383,62.20000076293945,61.689998626708984,62.20000076293945,108320
2014-02-21,62.32400131225586,62.47999954223633,58.70500183105469,58.70500183105469,92670
2014-02-24,62.59199905395508,62.64400100708008,62.005001068115234,62.297000885009766,122640
2014-02-25,62.79999923706055,62.849998474121094,62.43000030517578,62.70000076293945,138670
2014-02-26,63.066001892089844,63.150001525878906,62.69900131225586,62.720001220703125,317690
2014-02-28,63.441001892089844,63.540000915527344,62.999000549316406,63.0,393610
2014-03-03,62.87900161743164,63.59000015258789,62.80099868774414,63.39699935913086,238500
2014-03-04,63.654998779296875,63.72999954223633,62.900001525878906,62.900001525878906,538390
2014-03-05,64.01100158691406,64.08000183105469,63.56100082397461,63.7869987487793,513290
2014-03-06,64.66899871826172,64.79900360107422,64.05500030517578,64.1500015258789,494140
2014-03-07,66.02400207519531,66.0999984741211,64.5999984741211,64.7969970703125,814230
2014-03-10,65.73799896240234,65.98200225830078,65.38400268554688,65.69999694824219,640360
2014-03-11,65.10199737548828,65.9000015258789,64.91999816894531,65.69999694824219,234530
2014-03-12,65.25499725341797,65.48999786376953,64.82099914550781,65.08999633789062,151310
2014-03-13,64.91300201416016,65.58899688720703,64.80000305175781,65.25499725341797,117090
2014-03-14,65.03600311279297,65.12999725341797,64.5,64.69999694824219,284660
2014-03-18,65.15799713134766,65.71199798583984,64.9990005493164,65.04000091552734,254050
2014-03-19,65.302001953125,65.5,65.0,65.15799713134766,357820
2014-03-20,64.85800170898438,65.39900207519531,64.81500244140625,65.19000244140625,149620
2014-03-21,64.96800231933594,65.18900299072266,64.8499984741211,64.91600036621094,223580
2014-03-24,65.85199737548828,65.98999786376953,65.0,65.0,287440
2014-03-25,65.97799682617188,66.0,65.69999694824219,65.79000091552734,315480
2014-03-26,65.88500213623047,66.23699951171875,65.80000305175781,66.0999984741211,382730
2014-03-27,66.26599884033203,66.48899841308594,65.8010025024414,65.8010025024414,516410
2014-03-28,66.94100189208984,67.05899810791016,66.30000305175781,66.30000305175781,488280
2014-03-31,67.0,67.5999984741211,66.7509994506836,67.5999984741211,272920
2014-04-01,67.14600372314453,67.25,66.70999908447266,67.03299713134766,199850
2014-04-02,67.61499786376953,67.80000305175781,67.19999694824219,67.2300033569336,169980
2014-04-03,67.35600280761719,67.69999694824219,67.0999984741211,67.69999694824219,223170
2014-04-04,67.10199737548828,67.31999969482422,67.0,67.30000305175781,174480
2014-04-07,66.9990005493164,67.30000305175781,66.53700256347656,67.12000274658203,289580
2014-04-09,67.98400115966797,68.15399932861328,67.11599731445312,67.19999694824219,277730
2014-04-10,67.98699951171875,68.37699890136719,67.9000015258789,67.92500305175781,286500
2014-04-11,67.90699768066406,68.0999984741211,67.60600280761719,67.60800170898438,155390
2014-04-15,67.66400146484375,68.0989990234375,67.35199737548828,67.91999816894531,232810
2014-04-16,67.2030029296875,68.0999984741211,67.05000305175781,67.66400146484375,177890
2014-04-17,67.94300079345703,68.0,67.10199737548828,67.19999694824219,164380
2014-04-21,68.45899963378906,68.5,67.9010009765625,67.94999694824219,268170
2014-04-22,68.30799865722656,68.55000305175781,68.15599822998047,68.4000015258789,279490
2014-04-23,68.71399688720703,69.28800201416016,68.22599792480469,68.30000305175781,298340
2014-04-25,68.19100189208984,68.74600219726562,68.11100006103516,68.74600219726562,552260
2014-04-28,67.90699768066406,68.5,67.83999633789062,68.25,921290
2014-04-29,67.46499633789062,68.0,67.31999969482422,67.9010009765625,217800
2014-04-30,67.27899932861328,68.0,66.94999694824219,67.5,253720
2014-05-02,66.98100280761719,67.66400146484375,66.9000015258789,67.56999969482422,479250
2014-05-05,67.2699966430664,67.5989990234375,66.9000015258789,67.0,123150
2014-05-06,67.39600372314453,67.58499908447266,67.2699966430664,67.5,115580
2014-05-07,66.92400360107422,67.49500274658203,66.7750015258789,67.49500274658203,3318670
2014-05-08,66.76699829101562,67.0979995727539,66.62200164794922,67.0,230320
2014-05-09,69.20899963378906,69.80000305175781,66.5989990234375,66.80000305175781,697510
2014-05-12,70.37000274658203,70.5,69.0,69.25,1458590
2014-05-13,71.06500244140625,71.80999755859375,70.0,70.0,927910
2014-05-14,71.31400299072266,71.48500061035156,71.01000213623047,71.10299682617188,522010
2014-05-15,71.44599914550781,71.66500091552734,71.0009994506836,71.39900207519531,4482380
2014-05-16,72.30799865722656,76.10199737548828,71.36799621582031,72.4000015258789,4037640
2014-05-19,72.927001953125,73.27999877929688,72.302001953125,73.0999984741211,871960
2014-05-20,72.69200134277344,73.24800109863281,72.59500122070312,72.9000015258789,1217270
2014-05-21,72.95600128173828,73.07499694824219,72.4000015258789,72.72899627685547,3582950
2014-05-22,73.01399993896484,73.34100341796875,72.80999755859375,73.0,797190
2014-05-23,74.00800323486328,74.19999694824219,73.0,73.05699920654297,5021960
2014-05-26,73.89099884033203,75.0510025024414,72.87000274658203,74.39800262451172,1167030
2014-05-27,73.13800048828125,73.9000015258789,73.0,73.9000015258789,807380
2014-05-28,73.31700134277344,73.74400329589844,73.10099792480469,73.4000015258789,464650
2014-05-29,72.96299743652344,73.52300262451172,72.81999969482422,73.3499984741211,3796890
2014-05-30,72.375,73.19999694824219,72.20999908447266,73.0999984741211,2466710
2014-06-02,73.74099731445312,73.83100128173828,72.21099853515625,72.71600341796875,355910
2014-06-03,74.48500061035156,74.59200286865234,73.61000061035156,73.80000305175781,446600
2014-06-04,74.33699798583984,74.5999984741211,74.17500305175781,74.4000015258789,201540
2014-06-05,75.06300354003906,78.5999984741211,74.0,74.30000305175781,641710
2014-06-06,76.16699981689453,76.33999633789062,72.03500366210938,72.03500366210938,391190
2014-06-09,77.10800170898438,77.31500244140625,76.4000015258789,76.4000015258789,545850
2014-06-10,77.16000366210938,77.41899871826172,76.1520004272461,77.0999984741211,311220
2014-06-11,76.81700134277344,77.87000274658203,76.5,77.0999984741211,273600
2014-06-12,76.89099884033203,77.09700012207031,73.55500030517578,76.80000305175781,300160
2014-06-13,76.38400268554688,77.30000305175781,75.9000015258789,76.9000015258789,417760
2014-06-16,76.09100341796875,76.33000183105469,75.6510009765625,75.8499984741211,247010
2014-06-17,76.88899993896484,76.99500274658203,75.71700286865234,76.0,196710
2014-06-18,76.12699890136719,77.06999969482422,75.9000015258789,76.9000015258789,266680
2014-06-19,76.01799774169922,76.5989990234375,75.69999694824219,76.0999984741211,226120
2014-06-20,75.7040023803711,76.25199890136719,75.59500122070312,76.0999984741211,261290
2014-06-23,75.39099884033203,76.0,75.05999755859375,75.80000305175781,403690
2014-06-24,76.25399780273438,76.5,75.5530014038086,75.60900115966797,395550
2014-06-25,76.14700317382812,76.29900360107422,76.02100372314453,76.29900360107422,394820
2014-06-26,75.63400268554688,76.4000015258789,75.44999694824219,76.1449966430664,329550
2014-06-27,75.56900024414062,76.0250015258789,75.45099639892578,75.70099639892578,435740
2014-06-30,76.46700286865234,76.5999984741211,75.5999984741211,75.5999984741211,407630
2014-07-01,76.76300048828125,76.9000015258789,76.5,76.5,429020
2014-07-02,77.62100219726562,77.73200225830078,76.83100128173828,76.83200073242188,522090
2014-07-03,77.70500183105469,77.9800033569336,77.41000366210938,77.69999694824219,308980
2014-07-04,78.22699737548828,78.80000305175781,77.05000305175781,77.70500183105469,383590
2014-07-07,78.2770004272461,78.48999786376953,78.02799987792969,78.22699737548828,425610
2014-07-08,76.83300018310547,78.697998046875,76.66999816894531,78.30599975585938,594700
2014-07-09,76.25599670410156,77.04499816894531,76.0,76.86499786376953,656620
2014-07-10,76.37799835205078,78.4000015258789,74.51000213623047,74.51000213623047,1287410
2014-07-11,75.1969985961914,76.697998046875,75.0,76.37799835205078,3427020
2014-07-14,75.03800201416016,75.3499984741211,74.8270034790039,75.19999694824219,393040
2014-07-15,75.79900360107422,75.89800262451172,75.07599639892578,75.29000091552734,304000
2014-07-16,76.87100219726562,77.09500122070312,75.80799865722656,75.9530029296875,470230
2014-07-17,76.96099853515625,77.04499816894531,76.75399780273438,76.80000305175781,126070
2014-07-18,77.31500244140625,77.44300079345703,76.5,76.85700225830078,397800
2014-07-21,77.46800231933594,77.81500244140625,77.30500030517578,77.30500030517578,190570
2014-07-22,78.23500061035156,78.37300109863281,77.5,77.5,244030
2014-07-23,78.61499786376953,78.6500015258789,78.052001953125,78.49800109863281,344310
2014-07-24,78.81900024414062,78.9000015258789,78.19999694824219,78.5999984741211,187170
2014-07-25,78.4530029296875,78.8949966430664,78.02100372314453,78.81999969482422,233760
2014-07-28,78.2229995727539,78.80000305175781,77.86499786376953,78.5,290000
2014-07-30,78.61000061035156,78.69999694824219,77.69999694824219,78.22000122070312,183950
2014-07-31,78.01399993896484,78.69999694824219,77.91699981689453,78.5999984741211,201190
2014-08-01,77.11599731445312,78.18900299072266,76.93000030517578,77.75,354770
2014-08-04,77.69499969482422,77.94999694824219,77.19999694824219,77.19999694824219,159130
2014-08-05,78.1989974975586,78.38500213623047,77.0,77.69499969482422,239370
2014-08-06,77.41799926757812,78.0999984741211,77.24099731445312,78.0,227660
2014-08-07,77.24500274658203,77.75,76.9010009765625,77.4000015258789,254220
2014-08-08,76.75599670410156,77.4000015258789,76.32099914550781,77.0,306110
2014-08-11,77.125,77.28500366210938,76.80000305175781,77.22000122070312,159750
2014-08-12,77.93199920654297,78.0989990234375,77.19999694824219,77.30999755859375,201650
2014-08-13,78.28099822998047,78.3949966430664,77.6989974975586,77.9000015258789,523320
2014-08-14,78.78500366210938,78.9000015258789,78.2760009765625,78.4990005493164,157390
2014-08-18,79.56900024414062,79.66000366210938,78.49800109863281,78.69999694824219,340360
2014-08-19,79.7699966430664,80.0,79.21600341796875,79.5999984741211,176360
2014-08-20,79.50399780273438,79.80000305175781,79.4000015258789,79.69999694824219,107660
2014-08-21,79.5479965209961,79.9990005493164,79.3499984741211,79.51499938964844,344530
2014-08-22,80.01899719238281,80.0999984741211,79.41100311279297,79.68199920654297,594870
2014-08-25,79.86299896240234,80.4800033569336,79.76100158691406,80.30000305175781,401430
2014-08-26,80.08899688720703,80.19000244140625,79.5999984741211,79.80000305175781,411810
2014-08-27,80.36599731445312,80.5989990234375,80.0250015258789,80.19999694824219,266590
2014-08-28,80.61199951171875,80.69999694824219,80.21600341796875,80.36399841308594,319070
2014-09-01,81.28500366210938,81.4000015258789,80.69999694824219,80.80000305175781,261650
2014-09-02,81.88999938964844,82.04000091552734,81.19999694824219,81.19999694824219,357940
2014-09-03,82.18499755859375,82.5479965209961,81.89099884033203,81.89099884033203,339090
2014-09-04,81.75399780273438,82.18499755859375,81.30999755859375,82.18499755859375,1239300
2014-09-05,81.71399688720703,81.9990005493164,81.22000122070312,81.5999984741211,377520
2014-09-08,82.59100341796875,82.6500015258789,81.81500244140625,81.98899841308594,347460
2014-09-09,82.49099731445312,82.63999938964844,82.21299743652344,82.62000274658203,199570
2014-09-10,81.99199676513672,82.4000015258789,81.80999755859375,82.4000015258789,195740
2014-09-11,81.83300018310547,82.31999969482422,81.5,82.0,403210
2014-09-12,81.88500213623047,82.08999633789062,81.61000061035156,81.89900207519531,372820
2014-09-15,81.26699829101562,81.77999877929688,81.1259994506836,81.77999877929688,253700
2014-09-16,80.3740005493164,81.30000305175781,80.26899719238281,81.0,220990
2014-09-17,80.48300170898438,80.80000305175781,80.19999694824219,80.5,355040
2014-09-18,82.04399871826172,82.18000030517578,80.23500061035156,80.38999938964844,340530
2014-09-19,82.12699890136719,82.38899993896484,81.83499908447266,82.0,276010
2014-09-22,82.59200286865234,82.6989974975586,81.5250015258789,82.05000305175781,319710
2014-09-23,81.42400360107422,82.58000183105469,81.30000305175781,82.5,341160
2014-09-24,81.14199829101562,81.5,80.5,81.5,292470
2014-09-25,80.23699951171875,81.2979965209961,79.91699981689453,81.19999694824219,384920
2014-09-26,80.8949966430664,81.18000030517578,79.59500122070312,80.0,491650
2014-09-29,80.6719970703125,81.0999984741211,80.41699981689453,80.8499984741211,484070
2014-09-30,80.71800231933594,81.4000015258789,80.3499984741211,80.57099914550781,250030
2014-10-01,80.55799865722656,80.75,80.35099792480469,80.6500015258789,173610
2014-10-07,79.38099670410156,80.55799865722656,79.3030014038086,80.55799865722656,896740
2014-10-08,79.63400268554688,79.79499816894531,79.19999694824219,79.37999725341797,250640
2014-10-09,80.41300201416016,80.58799743652344,79.63400268554688,80.0,196890
2014-10-10,79.72899627685547,80.31999969482422,79.4000015258789,80.01000213623047,572200
2014-10-13,79.91100311279297,80.04900360107422,79.0,79.5999984741211,463920
2014-10-14,79.70099639892578,80.197998046875,79.41799926757812,80.0999984741211,344890
2014-10-16,78.68599700927734,79.94999694824219,78.44499969482422,79.5,399300
2014-10-17,78.84200286865234,79.27999877929688,78.40499877929688,78.69999694824219,346690
2014-10-20,79.91799926757812,80.5,79.5,79.5,298160
2014-10-21,80.26200103759766,80.42500305175781,79.87000274658203,80.0999984741211,253620
2014-10-22,80.68499755859375,80.87000274658203,80.52999877929688,80.63099670410156,722340
2014-10-27,80.7760009765625,81.38999938964844,80.6050033569336,81.38999938964844,159830
2014-10-28,81.10299682617188,81.29499816894531,80.80000305175781,80.80000305175781,203210
2014-10-29,81.63899993896484,81.69999694824219,81.33999633789062,81.41500091552734,194510
2014-10-30,82.84200286865234,82.88300323486328,81.5999984741211,81.68000030517578,895240
2014-10-31,84.11499786376953,84.19499969482422,82.84300231933594,82.9990005493164,493080
2014-11-03,84.3499984741211,84.5,84.0999984741211,84.5,500480
2014-11-05,84.39900207519531,84.72000122070312,84.2249984741211,84.4000015258789,395790
2014-11-07,84.53700256347656,84.69400024414062,84.0,84.38999938964844,190690
2014-11-10,84.36599731445312,84.69999694824219,84.0,84.0,209720
2014-11-11,84.64700317382812,84.80000305175781,84.19999694824219,84.5,119670
2014-11-12,84.8219985961914,85.4000015258789,84.63099670410156,84.6500015258789,518210
2014-11-13,84.56400299072266,85.0,84.32499694824219,84.9000015258789,196740
2014-11-14,84.91000366210938,84.98999786376953,84.11000061035156,84.12000274658203,116080
2014-11-17,85.26499938964844,85.3499984741211,84.52100372314453,84.79499816894531,166310
2014-11-18,85.13999938964844,85.48500061035156,84.7750015258789,85.4000015258789,117680
2014-11-19,84.60700225830078,85.30000305175781,84.41999816894531,85.19999694824219,225390
2014-11-20,84.77300262451172,90.95999908447266,84.35099792480469,85.0,760790
2014-11-21,85.51399993896484,85.78399658203125,84.80000305175781,84.80000305175781,242320
2014-11-24,86.10199737548828,86.1989974975586,85.53099822998047,85.6500015258789,593570
2014-11-25,85.63600158691406,86.1500015258789,85.30500030517578,86.0,132070
2014-11-26,85.8239974975586,85.98999786376953,85.30500030517578,85.5,100300
2014-11-27,86.3239974975586,86.4000015258789,85.5,85.80000305175781,355590
2014-11-28,86.93099975585938,87.19000244140625,85.62000274658203,85.62000274658203,221720
2014-12-01,86.43800354003906,87.0999984741211,86.4000015258789,86.91999816894531,421220
2014-12-02,86.302001953125,86.5999984741211,86.08799743652344,86.43499755859375,157750
2014-12-03,86.45700073242188,86.79000091552734,86.06500244140625,86.29499816894531,218220
2014-12-04,86.81900024414062,87.0,86.4000015258789,86.58999633789062,353800
2014-12-05,86.7509994506836,86.99400329589844,86.5999984741211,86.80000305175781,94270
2014-12-08,85.5479965209961,86.73999786376953,85.4000015258789,86.73999786376953,428440
2014-12-09,84.59200286865234,85.5,84.4000015258789,85.5,366940
2014-12-10,84.74800109863281,84.9000015258789,84.21600341796875,84.48999786376953,282720
2014-12-11,84.19000244140625,84.66500091552734,83.86499786376953,84.6500015258789,393460
2014-12-12,83.43299865722656,84.36000061035156,83.31999969482422,84.16999816894531,509560
2014-12-15,83.29000091552734,83.4749984741211,82.8949966430664,82.9000015258789,352930
2014-12-16,82.03299713134766,83.16999816894531,81.80000305175781,83.16999816894531,1020880
2014-12-17,81.52300262451172,82.16000366210938,80.72100067138672,82.03299713134766,1021000
2014-12-18,82.59400177001953,82.68499755859375,81.91999816894531,82.0,535690
2014-12-19,83.40599822998047,83.58999633789062,82.86000061035156,83.0,346130
2014-12-22,84.4489974975586,84.6989974975586,83.21499633789062,83.45500183105469,413020
2014-12-23,83.5989990234375,84.69499969482422,83.33499908447266,84.5,244130
2014-12-24,83.20500183105469,83.98799896240234,82.81999969482422,83.55000305175781,481230
2014-12-26,82.81099700927734,83.4000015258789,82.45999908447266,83.19999694824219,713480
2014-12-29,83.43099975585938,83.68000030517578,82.80500030517578,82.80500030517578,362220
2014-12-30,83.39299774169922,83.5989990234375,83.0999984741211,83.38999938964844,149590
2014-12-31,83.87699890136719,84.0,83.0199966430664,83.30000305175781,264190
2015-01-01,83.81400299072266,83.96900177001953,83.0,83.8499984741211,129140
2015-01-02,84.71399688720703,84.87999725341797,83.5999984741211,83.69999694824219,295810
2015-01-05,84.49299621582031,85.2249984741211,84.37000274658203,84.5999984741211,546240
2015-01-06,82.38800048828125,84.0999984741211,82.05500030517578,84.0999984741211,1030240
2015-01-07,81.99500274658203,82.36000061035156,81.5250015258789,82.3499984741211,1194180
2015-01-08,83.177001953125,83.29000091552734,82.5,82.5,276980
2015-01-09,83.61000061035156,84.80000305175781,82.75,83.0999984741211,282490
2015-01-12,84.11799621582031,84.19999694824219,83.05999755859375,83.75,374510
2015-01-13,83.69100189208984,84.45999908447266,80.41000366210938,82.0250015258789,177780
2015-01-14,83.5979995727539,84.0,83.0999984741211,83.69999694824219,214450
2015-01-15,85.66300201416016,86.0,84.11599731445312,84.58999633789062,712710
2015-01-16,86.11000061035156,86.49500274658203,85.01000213623047,85.69999694824219,310250
2015-01-19,86.21700286865234,86.5,86.1050033569336,86.16000366210938,265800
2015-01-20,87.62799835205078,87.8740005493164,86.4000015258789,86.4000015258789,537840
2015-01-21,88.06400299072266,88.19999694824219,87.41500091552734,87.5999984741211,476870
2015-01-22,88.34600067138672,88.5,88.0,88.0,312060
2015-01-23,89.2020034790039,90.0,88.80000305175781,90.0,434410
2015-01-27,89.86199951171875,89.9990005493164,89.0,89.30000305175781,376630
2015-01-28,89.79299926757812,90.55000305175781,89.5,89.69999694824219,2155000
2015-01-29,90.21900177001953,90.55000305175781,89.2249984741211,89.69499969482422,455910
2015-01-30,89.48200225830078,90.80000305175781,89.12000274658203,90.80000305175781,935690
2015-02-02,89.18499755859375,90.9000015258789,88.8030014038086,89.5,1382690
2015-02-03,88.6500015258789,89.9000015258789,88.51000213623047,89.51499938964844,1337040
2015-02-04,88.37699890136719,89.0,88.0260009765625,88.9000015258789,279500
2015-02-05,88.22899627685547,89.4000015258789,87.80000305175781,88.0,242350
2015-02-06,87.99500274658203,89.30000305175781,87.5999984741211,88.08499908447266,622760
2015-02-09,86.55899810791016,87.60099792480469,86.4010009765625,87.60099792480469,1924520
2015-02-10,86.83999633789062,87.68900299072266,85.4010009765625,86.2020034790039,635240
2015-02-11,87.66500091552734,87.89900207519531,86.91500091552734,86.91500091552734,378370
2015-02-12,88.27999877929688,88.48999786376953,87.125,87.69999694824219,287040
2015-02-13,89.06800079345703,89.33999633789062,88.22599792480469,88.22599792480469,265250
2015-02-16,89.48600006103516,89.76499938964844,89.03600311279297,89.30000305175781,322550
2015-02-18,89.82099914550781,90.0,88.41500091552734,89.5,553650
2015-02-19,89.4280014038086,89.77999877929688,88.4000015258789,89.77999877929688,502980
2015-02-20,88.8550033569336,89.44999694824219,88.69999694824219,89.4000015258789,222790
2015-02-23,87.66400146484375,89.19999694824219,87.5,89.08699798583984,486100
2015-02-24,88.052001953125,88.5250015258789,87.62999725341797,88.21499633789062,640590
2015-02-25,87.84500122070312,88.77999877929688,87.7300033569336,88.36000061035156,360320
2015-02-26,87.36799621582031,88.37999725341797,87.1500015258789,87.91000366210938,506850
2015-02-27,88.8949966430664,89.0,87.5999984741211,87.8239974975586,1450470
2015-02-28,89.20378112792969,89.20378112792969,89.20378112792969,89.20378112792969,0
2015-03-02,89.41300201416016,90.19999694824219,89.26200103759766,89.62000274658203,703230
2015-03-03,90.1780014038086,90.28800201416016,89.33499908447266,89.5,430350
2015-03-04,89.09700012207031,91.5,89.0,90.93199920654297,1295420
2015-03-05,89.58499908447266,89.80000305175781,88.5999984741211,89.16400146484375,292270
2015-03-09,87.79299926757812,89.58499908447266,87.6500015258789,89.5,648070
2015-03-10,87.55599975585938,88.17900085449219,87.1500015258789,87.80000305175781,536010
2015-03-11,87.58499908447266,88.0,87.26000213623047,87.5,1111680
2015-03-12,88.08599853515625,88.19000244140625,87.66000366210938,87.66000366210938,271670
2015-03-13,86.77899932861328,88.58000183105469,86.5,88.11499786376953,777420
2015-03-16,86.802001953125,87.08499908447266,86.55000305175781,86.8499984741211,300020
2015-03-17,87.46499633789062,87.69999694824219,86.63999938964844,86.9000015258789,271970
2015-03-18,87.09700012207031,87.78900146484375,87.0,87.15499877929688,324680
2015-03-19,86.43900299072266,88.1500015258789,86.19999694824219,87.4749984741211,488730
2015-03-20,86.28700256347656,86.69999694824219,86.00499725341797,86.5,240910
2015-03-23,85.95700073242188,86.5,85.80500030517578,86.5,255510
2015-03-24,86.07099914550781,86.7750015258789,85.80500030517578,86.0999984741211,270700
2015-03-25,85.8759994506836,86.19000244140625,85.69999694824219,86.18000030517578,344590
2015-03-26,84.3219985961914,85.66999816894531,84.125,85.66999816894531,1125070
2015-03-27,83.95099639892578,84.79499816894531,83.31500244140625,84.3499984741211,1262290
2015-03-30,85.0479965209961,85.1989974975586,84.01000213623047,84.4990005493164,753550
2015-03-31,85.0780029296875,85.5999984741211,84.69999694824219,85.19999694824219,403210
2015-04-01,86.06300354003906,86.14199829101562,84.80000305175781,85.19999694824219,342900
2015-04-06,86.77200317382812,86.86499786376953,85.80599975585938,86.2979965209961,254590
2015-04-07,86.79000091552734,87.18000030517578,86.0989990234375,86.86499786376953,500390
2015-04-08,87.31199645996094,87.48500061035156,87.00199890136719,87.20999908447266,281730
2015-04-09,87.86000061035156,87.95500183105469,87.06999969482422,87.49500274658203,519580
2015-04-10,87.9749984741211,88.04000091552734,87.5260009765625,87.9000015258789,166060
2015-04-13,88.37899780273438,88.5199966430664,87.79499816894531,88.1500015258789,342800
2015-04-15,87.73200225830078,88.66999816894531,87.5,88.5,183920
2015-04-16,87.33599853515625,87.73500061035156,86.9520034790039,87.73500061035156,413350
2015-04-17,86.61699676513672,87.2699966430664,86.5,87.25,623100
2015-04-20,84.85800170898438,86.55000305175781,84.61499786376953,86.55000305175781,761570
2015-04-21,84.197998046875,85.4000015258789,84.0,85.4000015258789,929220
2015-04-22,84.66600036621094,85.5,83.43000030517578,85.5,846510
2015-04-23,84.19300079345703,85.30000305175781,83.87999725341797,84.0,610360
2015-04-24,83.26200103759766,84.29499816894531,83.0250015258789,84.19999694824219,557380
2015-04-27,82.4260025024414,84.1989974975586,82.30000305175781,84.0979995727539,838850
2015-04-28,83.1500015258789,83.44999694824219,82.0999984741211,82.4000015258789,390030
2015-04-29,82.5770034790039,83.3499984741211,82.41999816894531,83.05999755859375,641220
2015-04-30,82.2750015258789,82.55000305175781,81.80699920654297,82.4020004272461,1605040
2015-05-04,83.53099822998047,83.7750015258789,82.25,82.89800262451172,597830
2015-05-05,83.53099822998047,83.79499816894531,83.0,83.53099822998047,473370
2015-05-06,81.22200012207031,83.5,81.12000274658203,83.5,1981580
2015-05-07,81.21499633789062,81.5009994506836,80.5,81.01000213623047,1041570
2015-05-08,82.16000366210938,82.58499908447266,81.53500366210938,81.7979965209961,621310
2015-05-11,83.40699768066406,83.5,82.51000213623047,82.51000213623047,569650
2015-05-12,81.9489974975586,83.44999694824219,81.9000015258789,83.30000305175781,837930
2015-05-13,82.7699966430664,82.9800033569336,81.5,82.44999694824219,864370
2015-05-14,82.78700256347656,82.94999694824219,81.99500274658203,82.5,299820
2015-05-15,83.31999969482422,83.80000305175781,82.5,82.55000305175781,352150
2015-05-18,84.06800079345703,84.23999786376953,83.0,83.30000305175781,491910
2015-05-19,83.83200073242188,84.58000183105469,83.5,83.57499694824219,981790
2015-05-20,84.36000061035156,84.5989990234375,83.63500213623047,83.63500213623047,363930
2015-05-21,84.4520034790039,84.58100128173828,84.0,84.24500274658203,304100
2015-05-22,84.76100158691406,85.02999877929688,84.35900115966797,84.44999694824219,465360
2015-05-25,84.01399993896484,84.6500015258789,83.80000305175781,84.6500015258789,239550
2015-05-26,83.7509994506836,84.5999984741211,83.49500274658203,84.52999877929688,281000
2015-05-27,83.46099853515625,83.68000030517578,83.0999984741211,83.50499725341797,247590
2015-05-28,83.47000122070312,83.77899932861328,83.0999984741211,83.45999908447266,313200
2015-05-29,84.6449966430664,84.78500366210938,83.4000015258789,83.44999694824219,412300
2015-06-01,84.76300048828125,84.9990005493164,84.45500183105469,84.6449966430664,224110
2015-06-02,83.68299865722656,84.75,83.0999984741211,84.75,622500
2015-06-03,82.0,83.4000015258789,81.80000305175781,83.4000015258789,933060
2015-06-04,82.09600067138672,82.197998046875,81.30400085449219,81.9000015258789,514690
2015-06-05,81.88099670410156,82.7249984741211,81.70999908447266,82.0,352700
2015-06-08,81.29299926757812,82.0999984741211,80.5,81.58000183105469,308010
2015-06-09,81.01699829101562,81.30000305175781,80.83000183105469,81.0999984741211,496620
2015-06-10,81.7239990234375,81.93900299072266,80.9000015258789,80.9000015258789,507550
2015-06-11,80.46600341796875,82.0,80.33000183105469,81.71499633789062,614560
2015-06-12,80.58699798583984,80.69000244140625,80.10099792480469,80.20099639892578,394430
2015-06-15,81.01100158691406,81.2509994506836,80.11499786376953,80.11499786376953,315260
2015-06-16,81.22000122070312,81.5,80.4000015258789,80.80000305175781,270840
2015-06-17,81.58100128173828,81.87999725341797,81.21099853515625,81.5,321850
2015-06-18,82.40499877929688,82.5,81.52100372314453,81.57499694824219,343570
2015-06-19,82.9749984741211,83.0999984741211,82.5,82.5,464380
2015-06-22,84.09200286865234,84.1500015258789,83.0999984741211,83.0999984741211,646340
2015-06-23,84.37000274658203,84.5,83.9000015258789,84.19000244140625,515750
2015-06-24,84.16300201416016,84.69999694824219,83.9000015258789,84.45999908447266,407580
2015-06-25,84.50299835205078,84.69999694824219,83.78500366210938,83.91699981689453,334620
2015-06-26,84.58499908447266,84.9000015258789,83.80000305175781,84.4749984741211,604090
2015-06-29,83.67400360107422,83.9020004272461,82.5,82.5,878250
2015-06-30,84.375,84.48899841308594,83.48500061035156,83.5999984741211,241910
2015-07-01,85.21800231933594,85.36000061035156,84.09500122070312,84.4000015258789,438510
2015-07-02,85.03800201416016,85.48799896240234,84.88999938964844,85.20500183105469,225950
2015-07-03,85.3290023803711,85.5979995727539,84.91500091552734,85.4000015258789,436090
2015-07-06,85.87200164794922,86.0,84.5,84.69999694824219,381990
2015-07-07,85.66500091552734,86.0999984741211,85.5,85.9800033569336,510640
2015-07-08,84.47899627685547,85.27999877929688,84.2750015258789,85.00199890136719,593610
2015-07-09,84.19599914550781,84.80000305175781,84.0999984741211,84.5,272370
2015-07-10,84.56400299072266,84.80000305175781,84.1050033569336,84.30000305175781,236530
2015-07-13,85.46499633789062,85.5989990234375,84.44000244140625,84.5,245450
2015-07-14,85.34700012207031,85.6500015258789,85.1500015258789,85.44999694824219,193610
2015-07-15,86.052001953125,86.12999725341797,85.4000015258789,85.4000015258789,209720
2015-07-16,86.697998046875,86.88899993896484,86.0999984741211,86.1050033569336,311290
2015-07-17,87.21600341796875,87.56999969482422,86.5,86.5999984741211,6582660
2015-07-20,87.11399841308594,87.32499694824219,86.6259994506836,87.19999694824219,158840
2015-07-21,86.19100189208984,87.18499755859375,86.08999633789062,87.0999984741211,172710
2015-07-22,87.06500244140625,87.26000213623047,85.9000015258789,86.0999984741211,348810
2015-07-23,86.69000244140625,87.30000305175781,86.53500366210938,87.19999694824219,176690
2015-07-24,86.23999786376953,86.68399810791016,86.05999755859375,86.5999984741211,171350
2015-07-27,84.74199676513672,86.00499725341797,84.55000305175781,86.0,358740
2015-07-28,84.39800262451172,85.08499908447266,84.302001953125,85.0,216880
2015-07-29,84.6969985961914,84.8499984741211,84.30000305175781,84.52999877929688,147790
2015-07-30,85.35700225830078,85.47000122070312,84.69999694824219,84.69999694824219,147290
2015-07-31,86.4229965209961,86.5,85.4000015258789,85.4000015258789,441230
2015-08-03,86.63500213623047,86.7300033569336,86.05999755859375,86.30000305175781,216910
2015-08-04,86.302001953125,86.7490005493164,85.68499755859375,86.5999984741211,632470
2015-08-05,86.71299743652344,86.9990005493164,85.8270034790039,85.8270034790039,188110
2015-08-06,87.0009994506836,87.1500015258789,86.4749984741211,86.80000305175781,270100
2015-08-07,86.71199798583984,87.0,86.5250015258789,87.0,144020
2015-08-10,86.24400329589844,87.25,85.95099639892578,86.5,225390
2015-08-11,85.73400115966797,86.30000305175781,85.54000091552734,86.30000305175781,179040
2015-08-12,84.64600372314453,85.4749984741211,84.43800354003906,85.4749984741211,284550
2015-08-13,84.65599822998047,85.30000305175781,84.41100311279297,84.69499969482422,220480
2015-08-14,86.2020034790039,86.33499908447266,84.69999694824219,84.69999694824219,156540
2015-08-17,85.50399780273438,86.30000305175781,79.87000274658203,86.30000305175781,732480
2015-08-18,85.46499633789062,86.0,85.07599639892578,86.0,177130
2015-08-19,85.677001953125,86.0260009765625,85.0999984741211,85.44999694824219,216710
2015-08-20,84.52200317382812,85.5999984741211,84.33000183105469,85.5999984741211,311010
2015-08-21,84.18499755859375,84.37999725341797,83.25399780273438,84.0999984741211,457320
2015-08-24,79.33999633789062,83.93000030517578,78.86599731445312,83.0999984741211,4685560
2015-08-25,79.9260025024414,81.4000015258789,77.69999694824219,81.0,3499480
2015-08-26,79.0,80.4000015258789,78.9000015258789,80.0,1090850
2015-08-27,80.56500244140625,80.63999938964844,79.5999984741211,80.0,513480
2015-08-28,81.08100128173828,82.00499725341797,80.61000061035156,80.79900360107422,638000
2015-08-31,80.85900115966797,81.53500366210938,80.5989990234375,81.0,734550
2015-09-01,79.07499694824219,80.59500122070312,78.61000061035156,80.5009994506836,1641480
2015-09-02,78.31999969482422,79.66000366210938,78.19999694824219,79.5199966430664,1101870
2015-09-03,79.38300323486328,79.63999938964844,78.4000015258789,78.80000305175781,505480
2015-09-04,77.80799865722656,79.19999694824219,77.4800033569336,79.19999694824219,2073710
2015-09-07,76.66899871826172,80.6989974975586,76.41200256347656,78.09500122070312,2026860
2015-09-08,77.95099639892578,78.37000274658203,76.52799987792969,77.0,1779110
2015-09-09,78.97699737548828,79.97000122070312,78.49800109863281,78.49800109863281,451840
2015-09-10,79.01300048828125,79.37999725341797,77.81999969482422,78.5,1401070
2015-09-11,78.97200012207031,79.6500015258789,78.63600158691406,79.0999984741211,547990
2015-09-14,79.54399871826172,79.69999694824219,78.70099639892578,79.4000015258789,346810
2015-09-15,79.14199829101562,79.66500091552734,78.94000244140625,79.5,223670
2015-09-16,79.79499816894531,79.98999786376953,79.4000015258789,79.4000015258789,208170
2015-09-18,80.53700256347656,81.29000091552734,80.0,80.0,509080
2015-09-21,80.51300048828125,80.63600158691406,79.80500030517578,80.3499984741211,501560
2015-09-22,78.69999694824219,80.91999816894531,78.66999816894531,80.88999938964844,618010
2015-09-23,79.11399841308594,79.6500015258789,78.13999938964844,78.69999694824219,506600
2015-09-24,80.12699890136719,81.5999984741211,78.90499877929688,78.9800033569336,842430
2015-09-28,78.80599975585938,80.69999694824219,78.70999908447266,80.0999984741211,1362310
2015-09-29,79.1510009765625,80.01799774169922,77.66600036621094,78.47000122070312,1371070
2015-09-30,80.1989974975586,80.28500366210938,79.4749984741211,80.0,333690
2015-10-01,80.29399871826172,80.79000091552734,80.0999984741211,80.39800262451172,529310
2015-10-05,81.87300109863281,81.98999786376953,80.80000305175781,80.80000305175781,818180
2015-10-06,82.18199920654297,82.37999725341797,81.75499725341797,82.0,659440
2015-10-07,82.46800231933594,83.0,81.91100311279297,82.49800109863281,297680
2015-10-08,82.05000305175781,82.45999908447266,81.81099700927734,82.40499877929688,372910
2015-10-09,82.59100341796875,82.9990005493164,82.0999984741211,82.48899841308594,301570
2015-10-12,82.14099884033203,83.0999984741211,82.0,82.80000305175781,265120
2015-10-13,81.99299621582031,82.2750015258789,81.58200073242188,82.19999694824219,353980
2015-10-14,81.8479995727539,82.0999984741211,81.70500183105469,81.99299621582031,299520
2015-10-15,82.52400207519531,82.5999984741211,82.11199951171875,82.11199951171875,606240
2015-10-16,83.14099884033203,83.19999694824219,82.20999908447266,82.5999984741211,190450
2015-10-19,83.49400329589844,83.62699890136719,83.00499725341797,83.13999938964844,327690
2015-10-20,83.3949966430664,83.71900177001953,82.0,82.0,216620
2015-10-21,83.33799743652344,83.86000061035156,82.9010009765625,83.5,233970
2015-10-23,83.74299621582031,84.19999694824219,83.56999969482422,83.7979965209961,349770
2015-10-26,83.41999816894531,84.06400299072266,83.3499984741211,84.0,238380
2015-10-27,83.16100311279297,83.41999816894531,83.0999984741211,83.41999816894531,126590
2015-10-28,82.71099853515625,83.06500244140625,82.30999755859375,83.00499725341797,230230
2015-10-29,82.33999633789062,82.72599792480469,82.22000122070312,82.63800048828125,229960
2015-10-30,81.86100006103516,82.69000244140625,81.5999984741211,82.30000305175781,348730
2015-11-02,81.65299987792969,81.9000015258789,81.0999984741211,81.86100006103516,349040
2015-11-03,81.80899810791016,82.29900360107422,81.5,81.97000122070312,251690
2015-11-04,81.57499694824219,82.29000091552734,81.4000015258789,82.0999984741211,505820
2015-11-05,80.78700256347656,81.52999877929688,80.66999816894531,81.47699737548828,358290
2015-11-06,80.54499816894531,81.18299865722656,80.31700134277344,81.0,615100
2015-11-09,80.31199645996094,80.48999786376953,78.80000305175781,79.5,704940
2015-11-10,79.08499908447266,80.05000305175781,79.0,79.98999786376953,655340
2015-11-13,78.73300170898438,79.5,78.5,79.4000015258789,606720
2015-11-16,79.22000122070312,79.55000305175781,78.37000274658203,78.57099914550781,369040
2015-11-17,79.42900085449219,79.697998046875,78.9000015258789,79.697998046875,271680
2015-11-18,78.4749984741211,79.48600006103516,78.4000015258789,78.60099792480469,281430
2015-11-19,79.56900024414062,79.69999694824219,78.6500015258789,78.9000015258789,211150
2015-11-20,79.5,80.20899963378906,79.20500183105469,79.5999984741211,162770
2015-11-23,79.59600067138672,79.9000015258789,79.4000015258789,79.69999694824219,128510
2015-11-24,79.11499786376953,79.80000305175781,78.96499633789062,79.55000305175781,871240
2015-11-26,79.802001953125,79.9000015258789,79.11000061035156,79.30000305175781,231150
2015-11-27,80.24099731445312,80.33999633789062,79.73500061035156,79.9000015258789,230810
2015-11-30,80.33100128173828,80.5,80.0999984741211,80.19999694824219,240430
2015-12-01,80.39299774169922,80.58999633789062,80.19999694824219,80.3499984741211,187760
2015-12-02,80.17400360107422,80.697998046875,79.9000015258789,80.55500030517578,158230
2015-12-03,79.48799896240234,80.04000091552734,79.3499984741211,79.99500274658203,215260
2015-12-04,78.92500305175781,79.30000305175781,78.7300033569336,79.2020034790039,336080
2015-12-07,78.75,79.19999694824219,78.5009994506836,79.19999694824219,359620
2015-12-08,78.10299682617188,78.69000244140625,77.98999786376953,78.5,335960
2015-12-09,77.6969985961914,78.68000030517578,77.12300109863281,78.0,916510
2015-12-10,77.88600158691406,77.9800033569336,77.2770004272461,77.69999694824219,334180
2015-12-11,77.08999633789062,78.0,76.70500183105469,78.0,369610
2015-12-14,77.22799682617188,77.4469985961914,76.43499755859375,77.0,8560990
2015-12-15,77.7509994506836,77.81500244140625,77.01499938964844,77.5,804730
2015-12-16,78.24400329589844,79.0,77.697998046875,79.0,334710
2015-12-17,79.28700256347656,79.37999725341797,78.21199798583984,78.56500244140625,414680
2015-12-18,78.74700164794922,79.27999877929688,78.6050033569336,79.27999877929688,219440
2015-12-21,79.19999694824219,79.2979965209961,78.5199966430664,78.9000015258789,298310
2015-12-22,78.81500244140625,79.36499786376953,78.61499786376953,79.19999694824219,194910
2015-12-23,79.37100219726562,79.53299713134766,79.0,79.0999984741211,226940
2015-12-24,79.61499786376953,79.80000305175781,79.30000305175781,79.32499694824219,121630
2015-12-28,79.99800109863281,80.11499786376953,79.5999984741211,79.69999694824219,460070
2015-12-29,80.12999725341797,80.22000122070312,79.8499984741211,80.0999984741211,244090
2015-12-30,79.79900360107422,80.22599792480469,79.7249984741211,80.0,315710
2015-12-31,80.3010025024414,80.51499938964844,79.67900085449219,79.80000305175781,271270
2016-01-01,80.50599670410156,80.75,80.0,80.19999694824219,273470
2016-01-04,79.03099822998047,80.3499984741211,78.9000015258789,80.29499816894531,403970
2016-01-05,78.98100280761719,79.3949966430664,78.79499816894531,79.38700103759766,347970
2016-01-06,78.51599884033203,79.08799743652344,78.37000274658203,78.9800033569336,486200
2016-01-07,76.89199829101562,78.30000305175781,76.7249984741211,78.20099639892578,1563600
2016-01-08,77.06300354003906,77.43000030517578,76.9000015258789,77.0,844340
2016-01-11,76.6719970703125,77.11000061035156,76.04399871826172,76.60199737548828,923720
2016-01-12,76.197998046875,77.0,76.0,77.0,666260
2016-01-13,76.62699890136719,76.89299774169922,75.25499725341797,76.43499755859375,524080
2016-01-14,76.21700286865234,76.89199829101562,75.5999984741211,76.16999816894531,806330
2016-01-15,75.50599670410156,76.41999816894531,75.37000274658203,76.4000015258789,361820
2016-01-18,74.56500244140625,75.5999984741211,74.46099853515625,75.35099792480469,810760
2016-01-19,75.21099853515625,75.4990005493164,74.61100006103516,74.9000015258789,444560
2016-01-20,74.00199890136719,74.80000305175781,73.5,74.69999694824219,945080
2016-01-21,73.79299926757812,74.77999877929688,73.5009994506836,74.44499969482422,807700
2016-01-22,75.30599975585938,75.4000015258789,74.05500030517578,74.05500030517578,3596140
2016-01-25,75.41899871826172,75.88500213623047,75.2249984741211,75.5989990234375,385820
2016-01-27,75.26499938964844,75.69000244140625,75.10099792480469,75.5999984741211,268320
2016-01-28,75.05400085449219,75.38999938964844,74.9000015258789,75.15299987792969,3083410
2016-01-29,76.22899627685547,76.45999908447266,75.13200378417969,75.20099639892578,653820
2016-02-01,76.41400146484375,76.69999694824219,76.30000305175781,76.4000015258789,386940
2016-02-02,75.59600067138672,76.69999694824219,75.4000015258789,76.44999694824219,300550
2016-02-03,74.3550033569336,75.2020034790039,74.23500061035156,75.2020034790039,3850340
2016-02-04,74.75900268554688,75.5,74.44999694824219,74.81900024414062,518810
2016-02-05,75.61599731445312,75.73999786376953,74.83499908447266,75.05000305175781,484180
2016-02-08,74.68699645996094,75.83999633789062,74.3499984741211,75.5999984741211,481210
2016-02-09,73.68399810791016,74.25,73.51000213623047,74.25,4192380
2016-02-10,73.1729965209961,73.5,72.69000244140625,73.5,826130
2016-02-11,70.83999633789062,73.05400085449219,70.55000305175781,73.02300262451172,1852580
2016-02-12,70.77300262451172,72.0,69.67500305175781,71.30000305175781,1581340
2016-02-15,72.3270034790039,72.58499908447266,71.13999938964844,71.13999938964844,755870
2016-02-16,71.39700317382812,72.79000091552734,71.21499633789062,72.5999984741211,615180
2016-02-17,71.8479995727539,74.80000305175781,70.5989990234375,72.0,894660
2016-02-18,72.63999938964844,72.88999938964844,72.0,72.0,602870
2016-02-19,72.81800079345703,73.05999755859375,72.29900360107422,72.5,373740
2016-02-22,73.0979995727539,73.28500366210938,72.80000305175781,73.0,303970
2016-02-23,71.91000366210938,73.00199890136719,71.76000213623047,73.0,615480
2016-02-24,71.27300262451172,71.83999633789062,71.16000366210938,71.80000305175781,553630
2016-02-25,70.73200225830078,72.0979995727539,70.61000061035156,72.0979995727539,579750
2016-02-26,71.31500244140625,71.5,70.80000305175781,70.80000305175781,510180
2016-02-29,70.83799743652344,71.86900329589844,69.45999908447266,71.4000015258789,1303950
2016-03-01,72.9010009765625,73.04900360107422,71.03500366210938,71.03500366210938,879850
2016-03-02,74.6449966430664,74.77999877929688,73.0,73.0,1234400
2016-03-03,75.4260025024414,75.55500030517578,74.75,74.89800262451172,818760
2016-03-04,75.81400299072266,76.1050033569336,75.16999816894531,75.4260025024414,472840
2016-03-08,75.72100067138672,76.0999984741211,75.43000030517578,75.80000305175781,393720
2016-03-09,76.0999984741211,76.23400115966797,75.30000305175781,75.5,466470
2016-03-10,75.6729965209961,76.30000305175781,75.22000122070312,75.9000015258789,361230
2016-03-11,75.89399719238281,76.19999694824219,75.52100372314453,75.79000091552734,315160
2016-03-14,76.51899719238281,76.69999694824219,76.08999633789062,76.08999633789062,548650
2016-03-15,75.7229995727539,76.71199798583984,75.69000244140625,76.71199798583984,324140
2016-03-16,76.10199737548828,76.24500274658203,75.21499633789062,75.7229995727539,212020
2016-03-17,76.16000366210938,76.83300018310547,75.8010025024414,76.46800231933594,393390
2016-03-18,76.97699737548828,77.04000091552734,76.1050033569336,76.1050033569336,531980
2016-03-21,78.01000213623047,78.18000030517578,76.0999984741211,76.0999984741211,649430
2016-03-22,78.56199645996094,79.19999694824219,77.69999694824219,78.0,675690
2016-03-23,78.4739990234375,78.56999969482422,77.8499984741211,78.5199966430664,796540
2016-03-28,77.98200225830078,78.98899841308594,77.41600036621094,78.4000015258789,12988370
2016-03-29,77.30899810791016,77.9000015258789,77.0999984741211,77.9000015258789,3892980
2016-03-30,78.53800201416016,78.63999938964844,77.0999984741211,77.30999755859375,391220
2016-03-31,79.12699890136719,80.0,78.43900299072266,78.5,5557940
2016-04-01,78.1510009765625,79.0,77.95999908447266,79.0,972180
2016-04-04,78.62300109863281,78.69999694824219,78.1500015258789,78.1500015258789,425470
2016-04-05,77.25399780273438,78.47000122070312,77.11000061035156,78.41999816894531,516120
2016-04-06,77.28600311279297,77.5,77.0,77.5,196900
2016-04-07,76.48699951171875,77.4000015258789,76.3949966430664,77.4000015258789,615520
2016-04-08,76.75700378417969,76.91999816894531,76.0,76.0,155520
2016-04-11,77.84100341796875,77.9800033569336,76.5,76.9000015258789,556900
2016-04-12,78.08699798583984,78.19000244140625,77.0,77.0,283000
2016-04-13,79.33000183105469,79.45999908447266,78.2979965209961,78.2979965209961,1097490
2016-04-18,80.03700256347656,80.0989990234375,79.3550033569336,79.51300048828125,498570
2016-04-20,80.11499786376953,80.4000015258789,79.70999908447266,80.19999694824219,516610
2016-04-21,80.04299926757812,80.6240005493164,79.80000305175781,80.31999969482422,222680
2016-04-22,79.91400146484375,80.16699981689453,79.62999725341797,79.91999816894531,262320
2016-04-25,79.49400329589844,79.98999786376953,79.20099639892578,79.9000015258789,198950
2016-04-26,80.63099670410156,80.74500274658203,79.19999694824219,79.29000091552734,307420
2016-04-27,80.69000244140625,80.83000183105469,80.30999755859375,80.5,995700
2016-04-28,79.46600341796875,80.81999969482422,79.30000305175781,80.5999984741211,584780
2016-04-29,79.51699829101562,79.95500183105469,78.91000366210938,79.31999969482422,588310
2016-05-02,79.1240005493164,79.30000305175781,78.73500061035156,79.30000305175781,332590
2016-05-03,78.65499877929688,80.0,78.53299713134766,79.697998046875,433920
2016-05-04,78.16999816894531,78.69999694824219,78.0999984741211,78.4010009765625,389520
2016-05-05,78.73100280761719,78.9749984741211,78.19999694824219,78.28900146484375,207550
2016-05-06,78.55400085449219,79.5,78.0,78.27899932861328,326550
2016-05-09,79.6729965209961,79.7699966430664,78.44999694824219,78.87000274658203,326020
2016-05-10,79.83200073242188,80.0250015258789,79.375,79.56999969482422,381200
2016-05-11,79.35900115966797,79.80000305175781,78.85399627685547,79.58899688720703,464470
2016-05-12,79.90799713134766,80.09500122070312,79.3499984741211,79.4000015258789,497230
2016-05-13,79.02300262451172,79.69999694824219,78.7750015258789,79.69999694824219,283500
2016-05-16,79.80400085449219,79.9000015258789,78.66899871826172,79.0999984741211,229600
2016-05-17,79.84500122070312,80.30999755859375,79.73999786376953,79.9000015258789,249670
2016-05-18,79.58599853515625,79.76899719238281,79.0999984741211,79.53800201416016,154520
2016-05-19,78.81900024414062,79.5999984741211,78.6500015258789,79.5,169850
2016-05-20,78.70899963378906,79.197998046875,78.5,78.80000305175781,150700
2016-05-23,78.45600128173828,78.98999786376953,78.37699890136719,78.92900085449219,213630
2016-05-24,78.41300201416016,78.55000305175781,78.16899871826172,78.4000015258789,195700
2016-05-25,80.23500061035156,80.37999725341797,78.78700256347656,78.88800048828125,441470
2016-05-26,81.51499938964844,81.79000091552734,80.29000091552734,80.32599639892578,744400
2016-05-27,82.43399810791016,82.5,81.52799987792969,81.69999694824219,894790
2016-05-30,82.75800323486328,82.97000122070312,82.44999694824219,82.55000305175781,718710
2016-05-31,82.66799926757812,83.0999984741211,82.41500091552734,83.0,638990
2016-06-01,82.88500213623047,83.17500305175781,82.5999984741211,82.69999694824219,321500
2016-06-02,83.4990005493164,83.73999786376953,82.5,82.51000213623047,283610
2016-06-03,83.22699737548828,83.69000244140625,83.08100128173828,83.6050033569336,213120
2016-06-06,83.10199737548828,83.48899841308594,83.01899719238281,83.24500274658203,187490
2016-06-07,83.80400085449219,84.1449966430664,83.23999786376953,83.2770004272461,341520
2016-06-08,84.0530014038086,84.19999694824219,83.30000305175781,83.8489990234375,652580
2016-06-09,83.37999725341797,84.02999877929688,83.20500183105469,84.02999877929688,185020
2016-06-10,83.12300109863281,83.98799896240234,83.0,83.0,193910
2016-06-13,82.60199737548828,82.80000305175781,82.20500183105469,82.80000305175781,222540
2016-06-14,82.6719970703125,82.81999969482422,82.19999694824219,82.80000305175781,205170
2016-06-15,83.19200134277344,83.33499908447266,82.53500366210938,82.5999984741211,200490
2016-06-16,82.91899871826172,83.04100036621094,82.2300033569336,82.94000244140625,313720
2016-06-17,82.90699768066406,83.39900207519531,82.6500015258789,83.0,289890
2016-06-20,83.63099670410156,83.7249984741211,82.30000305175781,82.69999694824219,267290
2016-06-21,83.35800170898438,83.62000274658203,83.19999694824219,83.21499633789062,113670
2016-06-22,83.26200103759766,83.5999984741211,82.9000015258789,83.23999786376953,135240
2016-06-23,83.95600128173828,84.15499877929688,83.0999984741211,83.23999786376953,197580
2016-06-24,82.48799896240234,83.5,80.94999694824219,82.51000213623047,2935690
2016-06-27,82.4489974975586,82.5999984741211,82.0,82.19999694824219,241210
2016-06-28,82.46700286865234,82.7979965209961,82.24500274658203,82.7979965209961,407790
2016-06-29,83.26699829101562,83.4000015258789,82.0,82.5,614230
2016-06-30,84.28800201416016,84.44999694824219,83.5979995727539,83.5979995727539,895470
2016-07-01,84.52799987792969,84.87799835205078,84.30000305175781,84.5,457950
2016-07-04,85.08899688720703,85.29000091552734,84.74299621582031,84.74299621582031,494590
2016-07-05,84.64600372314453,85.0999984741211,84.5,85.0999984741211,528720
2016-07-07,84.71099853515625,85.04100036621094,84.41899871826172,84.9990005493164,310450
2016-07-08,84.54399871826172,84.8499984741211,84.3499984741211,84.8499984741211,243560
2016-07-11,86.01899719238281,86.19999694824219,85.30000305175781,85.5,841190
2016-07-12,86.53199768066406,86.5999984741211,86.01899719238281,86.5,301680
2016-07-13,86.5479965209961,86.69999694824219,86.01499938964844,86.48999786376953,1127810
2016-07-14,86.94400024414062,87.0510025024414,86.4000015258789,87.0,634590
2016-07-15,86.80400085449219,87.5,86.69999694824219,87.5,330870
2016-07-18,86.50399780273438,87.3499984741211,86.4000015258789,87.0,315010
2016-07-19,86.67500305175781,87.0,86.1510009765625,87.0,839970
2016-07-20,87.14900207519531,87.23500061035156,86.6449966430664,86.69999694824219,2169790
2016-07-21,86.57599639892578,87.26000213623047,86.5009994506836,87.26000213623047,696150
2016-07-22,86.9219970703125,87.28800201416016,86.37000274658203,86.5250015258789,291250
2016-07-25,87.95600128173828,88.06500244140625,86.69999694824219,86.9000015258789,568140
2016-07-26,87.58599853515625,88.0989990234375,87.33499908447266,87.95600128173828,648500
2016-07-27,87.69599914550781,88.26000213623047,87.30000305175781,87.5999984741211,294650
2016-07-28,88.11799621582031,88.2300033569336,87.5999984741211,87.69999694824219,242860
2016-07-29,88.11100006103516,88.27999877929688,87.91000366210938,88.19999694824219,204320
2016-08-01,87.96900177001953,88.6500015258789,87.61000061035156,88.10299682617188,341930
2016-08-02,87.9530029296875,88.4000015258789,87.5999984741211,88.0,328660
2016-08-03,87.05599975585938,87.98999786376953,84.43000030517578,86.19000244140625,214210
2016-08-04,87.21600341796875,87.5999984741211,86.70999908447266,87.23600006103516,320120
2016-08-05,88.38700103759766,88.5,87.54499816894531,87.54499816894531,302550
2016-08-08,88.66699981689453,88.81999969482422,88.5199966430664,88.58000183105469,283120
2016-08-09,88.33599853515625,88.68499755859375,88.01000213623047,88.5999984741211,513790
2016-08-10,87.60800170898438,88.41999816894531,87.5,88.4000015258789,154040
2016-08-11,87.47100067138672,87.69999694824219,87.0,87.0,130600
2016-08-12,88.06400299072266,88.29900360107422,87.5,87.5,314290
2016-08-16,88.03199768066406,88.38899993896484,87.5999984741211,88.0999984741211,373940
2016-08-17,87.71800231933594,88.2750015258789,87.61000061035156,88.0,176810
2016-08-18,88.25800323486328,89.0,87.93499755859375,89.0,237920
2016-08-19,88.26499938964844,88.5199966430664,88.01499938964844,88.5,167890
2016-08-22,87.81300354003906,88.49500274658203,87.70500183105469,88.30000305175781,158030
2016-08-23,87.86399841308594,88.08000183105469,87.4800033569336,87.83999633789062,112970
2016-08-24,88.0739974975586,88.21499633789062,87.76499938964844,87.87999725341797,90870
2016-08-25,87.74700164794922,89.0999984741211,87.66000366210938,88.19999694824219,172780
2016-08-26,87.37200164794922,88.0,87.25,87.76000213623047,153420
2016-08-29,87.63999938964844,87.80000305175781,87.11000061035156,87.5199966430664,198110
2016-08-30,88.96900177001953,89.11000061035156,87.81999969482422,87.81999969482422,377630
2016-08-31,89.61699676513672,89.75,88.90799713134766,88.9800033569336,323370
2016-09-01,89.43399810791016,89.75,89.18499755859375,89.75,448420
2016-09-02,89.61900329589844,89.69999694824219,89.1500015258789,89.41000366210938,318620
2016-09-06,90.9800033569336,91.0999984741211,89.5999984741211,89.75,704070
2016-09-07,90.88999938964844,91.29000091552734,90.74500274658203,90.98500061035156,400080
2016-09-08,91.27899932861328,91.5,90.69999694824219,90.80000305175781,353360
2016-09-09,90.5770034790039,91.00599670410156,90.33499908447266,91.00599670410156,563020
2016-09-12,89.10900115966797,90.5,88.98500061035156,90.0,336000
2016-09-14,89.21600341796875,89.41999816894531,88.80000305175781,89.08999633789062,266580
2016-09-15,89.12799835205078,89.2300033569336,88.9000015258789,89.19999694824219,130730
2016-09-16,89.48400115966797,90.30000305175781,89.27999877929688,89.27999877929688,366850
2016-09-19,89.75800323486328,89.9000015258789,89.41500091552734,89.5,167140
2016-09-20,89.68000030517578,89.73799896240234,89.30000305175781,89.69999694824219,144180
2016-09-21,89.57099914550781,90.0989990234375,89.4469985961914,89.5999984741211,454530
2016-09-22,90.36100006103516,91.0,90.11000061035156,91.0,313050
2016-09-23,90.03399658203125,90.5,89.9800033569336,90.4000015258789,179770
2016-09-26,89.22100067138672,89.9000015258789,89.07499694824219,89.71800231933594,181750
2016-09-27,88.85600280761719,89.5,88.70999908447266,89.19999694824219,194520
2016-09-28,89.26100158691406,89.5,88.80000305175781,89.1050033569336,150190
2016-09-29,88.05799865722656,91.0,87.5999984741211,89.6500015258789,410390
2016-09-30,87.85800170898438,88.11399841308594,87.5,88.0,495340
2016-10-03,89.1760025024414,89.2979965209961,88.0989990234375,88.0989990234375,260000
2016-10-04,89.29299926757812,89.5,89.01599884033203,89.31999969482422,272370
2016-10-05,89.08699798583984,89.61100006103516,88.71900177001953,89.5,712990
2016-10-06,88.68099975585938,89.44999694824219,88.51499938964844,89.29000091552734,549590
2016-10-07,88.58499908447266,89.0,88.4000015258789,89.0,120100
2016-10-10,88.95700073242188,89.19999694824219,88.75,88.89900207519531,99130
2016-10-13,87.41200256347656,88.69999694824219,87.15899658203125,88.58399963378906,391320
2016-10-14,87.72899627685547,87.97000122070312,87.3499984741211,87.5,145890
2016-10-17,86.91300201416016,87.80000305175781,86.80000305175781,87.80000305175781,365590
2016-10-18,88.19300079345703,88.38899993896484,87.20999908447266,87.26899719238281,783940
2016-10-19,88.21399688720703,88.4800033569336,88.0,88.30000305175781,416540
2016-10-20,88.66899871826172,88.83999633789062,88.29499816894531,88.4000015258789,179440
2016-10-21,88.61299896240234,91.87000274658203,88.19999694824219,89.9000015258789,98300
2016-10-24,88.77300262451172,89.04499816894531,88.50399780273438,88.69999694824219,119290
2016-10-25,88.7030029296875,88.80999755859375,88.31800079345703,88.7969970703125,107610
2016-10-26,87.927001953125,88.44999694824219,87.85099792480469,88.44999694824219,170810
2016-10-27,88.0790023803711,88.19999694824219,87.55999755859375,87.8499984741211,214450
2016-10-28,88.17900085449219,88.5,87.5999984741211,88.5,351450
2016-11-01,88.18399810791016,88.5979995727539,88.0,88.0999984741211,141080
2016-11-02,87.25499725341797,87.5790023803711,87.0999984741211,87.5790023803711,178570
2016-11-03,87.06900024414062,87.4800033569336,86.9020004272461,87.16300201416016,106400
2016-11-04,86.3489990234375,87.11000061035156,86.07499694824219,87.0999984741211,346960
2016-11-07,87.24700164794922,87.9000015258789,86.88999938964844,86.88999938964844,284470
2016-11-08,88.16400146484375,88.82499694824219,86.875,87.30000305175781,220740
2016-11-09,86.24199676513672,87.48799896240234,82.61599731445312,85.375,6554460
2016-11-10,87.53199768066406,94.98999786376953,86.9749984741211,90.05000305175781,3303150
2016-11-11,85.01399993896484,86.70099639892578,84.9010009765625,86.70099639892578,1668100
2016-11-15,83.08799743652344,85.19999694824219,82.94999694824219,84.9000015258789,3736520
2016-11-16,82.95500183105469,83.95700073242188,82.71099853515625,83.41999816894531,612440
2016-11-17,82.98200225830078,83.43000030517578,82.61000061035156,82.9000015258789,292830
2016-11-18,82.68099975585938,83.09700012207031,82.43499755859375,82.9739990234375,308800
2016-11-21,81.30899810791016,83.0999984741211,81.10099792480469,82.80000305175781,851960
2016-11-22,82.00199890136719,82.19000244140625,81.31500244140625,81.69000244140625,493840
2016-11-23,82.25299835205078,82.52899932861328,81.64099884033203,82.29000091552734,297580
2016-11-24,81.76399993896484,82.0790023803711,81.45999908447266,81.80999755859375,415590
2016-11-25,82.8479995727539,82.97000122070312,81.69999694824219,82.0,243590
2016-11-28,83.24500274658203,83.375,82.26300048828125,82.30899810791016,239180
2016-11-29,83.39600372314453,83.8949966430664,66.28099822998047,67.0,405450
2016-11-30,83.91799926757812,84.0,83.30000305175781,83.5979995727539,2463230
2016-12-01,83.52899932861328,84.08999633789062,83.41999816894531,84.0,247180
2016-12-02,82.62300109863281,83.29900360107422,82.4000015258789,83.12699890136719,276940
2016-12-05,83.18199920654297,83.48999786376953,82.26000213623047,83.48999786376953,255230
2016-12-06,83.25399780273438,83.55000305175781,83.0999984741211,83.0999984741211,155320
2016-12-07,82.7979965209961,83.5999984741211,82.55999755859375,83.5,203240
2016-12-08,84.0009994506836,84.0999984741211,83.2979965209961,83.30500030517578,2453410
2016-12-09,84.18499755859375,84.3499984741211,83.98100280761719,84.30000305175781,267620
2016-12-12,83.3489990234375,84.08699798583984,83.19999694824219,84.08699798583984,150340
2016-12-13,83.8740005493164,84.19999694824219,83.21099853515625,84.19999694824219,84310
2016-12-14,83.43299865722656,83.90799713134766,83.20999908447266,83.90799713134766,249090
2016-12-15,83.26499938964844,83.9000015258789,82.9000015258789,83.20999908447266,2621730
2016-12-16,83.04000091552734,83.30000305175781,82.94000244140625,83.2300033569336,168400
2016-12-19,82.89099884033203,83.08899688720703,82.77999877929688,83.0,126700
2016-12-20,82.62000274658203,83.00499725341797,82.41100311279297,82.9000015258789,174130
2016-12-21,82.5270004272461,82.9000015258789,82.41000366210938,82.6969985961914,145530
2016-12-22,81.58999633789062,82.5,81.43099975585938,82.5,415980
2016-12-23,81.64600372314453,82.01899719238281,81.2249984741211,81.70099639892578,177350
2016-12-26,80.78199768066406,81.54000091552734,80.65499877929688,81.41799926757812,513790
2016-12-27,81.86399841308594,82.02100372314453,80.71099853515625,80.75,495670
2016-12-28,81.85700225830078,82.4749984741211,81.80000305175781,81.92400360107422,223740
2016-12-29,82.58100128173828,82.68900299072266,81.81999969482422,81.9000015258789,246990
2016-12-30,83.48899841308594,83.58499908447266,82.51399993896484,82.51399993896484,370010
2017-01-02,83.51100158691406,84.0,83.04000091552734,84.0,201710
2017-01-03,83.61199951171875,83.88999938964844,83.19999694824219,83.5999984741211,205840
2017-01-04,83.58000183105469,83.86000061035156,83.33300018310547,83.69999694824219,334850
2017-01-05,84.38999938964844,84.49500274658203,83.81199645996094,84.0999984741211,429990
2017-01-06,84.23200225830078,86.19999694824219,84.11100006103516,86.19999694824219,348390
2017-01-09,84.12899780273438,84.35299682617188,84.01499938964844,84.19999694824219,229130
2017-01-10,84.4469985961914,84.55000305175781,84.28800201416016,84.38800048828125,277330
2017-01-11,85.43000030517578,85.47000122070312,84.5,84.5,414290
2017-01-12,85.66500091552734,85.69999694824219,85.4010009765625,85.5,515700
2017-01-13,85.60099792480469,85.95800018310547,85.36900329589844,85.89800262451172,321180
2017-01-16,85.76699829101562,85.88400268554688,85.3499984741211,85.5,304520
2017-01-17,85.55999755859375,86.19999694824219,85.4000015258789,86.19999694824219,223530
2017-01-18,85.74800109863281,86.1500015258789,85.55999755859375,85.69999694824219,238900
2017-01-19,85.95099639892578,86.05000305175781,85.5999984741211,86.0,159350
2017-01-20,85.10299682617188,86.0999984741211,85.01000213623047,86.0999984741211,204970
2017-01-23,85.45700073242188,85.69000244140625,84.94499969482422,85.05000305175781,411750
2017-01-24,86.28199768066406,86.31999969482422,85.6500015258789,85.6500015258789,663630
2017-01-25,87.45899963378906,87.5999984741211,86.4000015258789,86.4000015258789,880830
2017-01-27,87.98799896240234,88.35900115966797,87.33699798583984,87.33699798583984,489820
2017-01-30,87.94000244140625,88.16999816894531,83.0,83.0,318520
2017-01-31,87.22799682617188,88.0,87.1500015258789,88.0,277660
2017-02-01,88.72799682617188,88.87000274658203,87.04000091552734,87.5,564670
2017-02-02,88.89600372314453,89.16000366210938,88.41100311279297,88.69999694824219,417990
2017-02-03,88.99299621582031,89.13999938964844,88.71199798583984,88.8949966430664,260340
2017-02-06,89.65899658203125,89.79000091552734,89.15499877929688,89.5,269650
2017-02-07,89.37200164794922,89.9000015258789,89.13099670410156,89.9000015258789,239020
2017-02-08,89.43599700927734,89.63600158691406,88.90499877929688,89.36100006103516,192350
2017-02-09,89.45600128173828,89.9000015258789,88.90499877929688,89.50399780273438,185900
2017-02-10,89.58899688720703,89.94999694824219,89.43499755859375,89.94999694824219,133680
2017-02-13,89.69999694824219,90.0,89.19999694824219,90.0,138570
2017-02-14,89.75499725341797,90.0,89.43299865722656,90.0,100770
2017-02-15,89.04100036621094,90.0,88.7020034790039,90.0,202480
2017-02-16,89.51200103759766,89.5989990234375,88.89800262451172,89.30000305175781,87650
2017-02-17,89.94999694824219,90.4000015258789,89.76100158691406,89.80000305175781,550480
2017-02-20,90.4990005493164,90.54499816894531,89.61100006103516,90.0,220180
2017-02-21,90.71600341796875,90.875,90.3499984741211,90.5999984741211,390700
2017-02-22,90.95600128173828,91.2770004272461,90.56500244140625,90.9000015258789,286180
2017-02-23,91.13099670410156,91.45500183105469,90.9000015258789,91.0,482000
2017-02-27,90.7490005493164,91.2750015258789,90.63200378417969,91.19999694824219,290320
2017-02-28,90.66500091552734,91.0,90.5,91.0,129720
2017-03-01,91.59600067138672,91.66999816894531,90.7300033569336,90.7300033569336,5639490
2017-03-02,91.0719985961914,92.0,90.9000015258789,92.0,5980200
2017-03-03,91.04399871826172,91.10900115966797,90.5999984741211,90.7020034790039,180500
2017-03-06,91.55599975585938,91.62999725341797,91.0,91.11299896240234,141820
2017-03-07,91.30999755859375,91.5,91.26499938964844,91.5,165120
2017-03-08,91.0790023803711,91.5,90.79499816894531,91.4000015258789,386090
2017-03-09,91.49500274658203,91.55000305175781,90.80000305175781,90.93399810791016,6481490
2017-03-10,91.44999694824219,91.71299743652344,91.12000274658203,91.4000015258789,158890
2017-03-14,92.73699951171875,93.30000305175781,92.0260009765625,92.0260009765625,567080
2017-03-15,92.697998046875,93.08000183105469,92.59600067138672,92.81099700927734,442930
2017-03-16,93.46399688720703,93.5250015258789,92.72000122070312,92.72000122070312,2065820
2017-03-17,93.43499755859375,93.69999694824219,93.19999694824219,93.4000015258789,4384370
2017-03-20,93.26100158691406,93.46299743652344,93.11100006103516,93.43000030517578,861210
2017-03-21,93.30500030517578,93.4000015258789,92.98500061035156,93.21299743652344,247380
2017-03-22,92.2750015258789,92.8550033569336,92.21499633789062,92.71099853515625,453540
2017-03-23,93.0009994506836,93.12000274658203,92.36000061035156,92.4000015258789,1241340
2017-03-24,93.31300354003906,93.39900207519531,92.69999694824219,93.0530014038086,578020
2017-03-27,92.5999984741211,98.125,92.39900207519531,98.125,647350
2017-03-28,92.98400115966797,93.19999694824219,92.69999694824219,92.79900360107422,88670
2017-03-29,93.23600006103516,93.48999786376953,92.9990005493164,92.9990005493164,215470
2017-03-30,93.75700378417969,93.94999694824219,93.23600006103516,93.24299621582031,804250
2017-03-31,93.8270034790039,93.9000015258789,93.4000015258789,93.65899658203125,229110
2017-04-03,94.41200256347656,94.58999633789062,93.80000305175781,94.0999984741211,220110
2017-04-05,94.53299713134766,95.0,94.2699966430664,95.0,296360
2017-04-06,94.54100036621094,94.5999984741211,94.1510009765625,94.5999984741211,166850
2017-04-07,93.96499633789062,94.5999984741211,93.9000015258789,94.5999984741211,343740
2017-04-10,93.91899871826172,94.29000091552734,93.87000274658203,94.01000213623047,243780
2017-04-11,94.34400177001953,94.44000244140625,93.71499633789062,94.0,274330
2017-04-12,94.03700256347656,94.43000030517578,93.66699981689453,94.30000305175781,135530
2017-04-13,93.50599670410156,94.19999694824219,93.4000015258789,94.19999694824219,174520
2017-04-17,93.4540023803711,93.58499908447266,93.19999694824219,93.51000213623047,165030
2017-04-18,92.95800018310547,94.1500015258789,92.88500213623047,93.47899627685547,174910
2017-04-19,93.072998046875,93.19999694824219,92.70099639892578,93.0,128860
2017-04-20,93.35900115966797,93.43499755859375,92.94000244140625,93.0999984741211,65120
2017-04-21,93.11199951171875,93.69999694824219,92.8499984741211,93.5,180990
2017-04-24,94.14800262451172,94.2770004272461,93.00199890136719,93.5,279460
2017-04-25,94.9219970703125,94.98999786376953,94.27200317382812,94.5,441830
2017-04-26,95.40799713134766,95.5999984741211,94.91000366210938,95.5,709980
2017-04-27,95.3489990234375,96.0,95.19999694824219,96.0,487100
2017-04-28,94.98799896240234,95.5,94.80500030517578,95.5,267690
2017-05-02,95.03299713134766,95.4800033569336,94.69100189208984,95.0999984741211,209860
2017-05-03,95.04399871826172,95.69000244140625,94.93000030517578,95.19999694824219,237150
2017-05-04,95.56400299072266,95.65499877929688,95.1510009765625,95.30000305175781,152080
2017-05-05,94.9020004272461,95.69999694824219,94.75,95.69999694824219,161650
2017-05-08,95.0270004272461,95.5,94.95800018310547,95.5,1067210
2017-05-09,95.11199951171875,95.5,95.0250015258789,95.5,175120
2017-05-10,96.00299835205078,96.06999969482422,95.2509994506836,95.30000305175781,257680
2017-05-11,96.11299896240234,96.47899627685547,96.0,96.30000305175781,350780
2017-05-12,95.9469985961914,96.5,95.67500305175781,96.5,347630
2017-05-15,96.30500030517578,96.43000030517578,96.08999633789062,96.19999694824219,124700
2017-05-16,97.06500244140625,97.12100219726562,96.30000305175781,96.5,232960
2017-05-17,97.21199798583984,97.4000015258789,96.6510009765625,97.4000015258789,136920
2017-05-18,96.23300170898438,97.0,96.11000061035156,97.0,584750
2017-05-19,96.25299835205078,97.07499694824219,95.8550033569336,96.5,366450
2017-05-22,96.36399841308594,96.9000015258789,96.21800231933594,96.5,215560
2017-05-23,95.8010025024414,96.5999984741211,95.5999984741211,96.5999984741211,146190
2017-05-24,95.53199768066406,96.3479995727539,95.33000183105469,96.0999984741211,260930
2017-05-25,97.0459976196289,97.16899871826172,95.59600067138672,96.0,214880
2017-05-26,97.88899993896484,97.98999786376953,96.9000015258789,97.30000305175781,268140
2017-05-29,98.02899932861328,98.38999938964844,97.46499633789062,97.69999694824219,288450
2017-05-30,98.17500305175781,98.35399627685547,97.79399871826172,98.19999694824219,136880
2017-05-31,98.22200012207031,98.5,98.10099792480469,98.5,115000
2017-06-01,98.20700073242188,98.44499969482422,98.0,98.4000015258789,221410
2017-06-02,98.63300323486328,98.69999694824219,98.44000244140625,98.69999694824219,249960
2017-06-05,98.94400024414062,99.08999633789062,98.5999984741211,98.9000015258789,172570
2017-06-06,98.55000305175781,99.4000015258789,98.49500274658203,99.4000015258789,478720
2017-06-07,98.77799987792969,98.99800109863281,98.47100067138672,98.69999694824219,197770
2017-06-08,98.73799896240234,99.00299835205078,98.6500015258789,98.9000015258789,166840
2017-06-09,98.9540023803711,99.0469970703125,98.30000305175781,98.5999984741211,141970
2017-06-12,98.32499694824219,98.94999694824219,97.88099670410156,98.94999694824219,187660
2017-06-13,98.42400360107422,98.79000091552734,98.30000305175781,98.5,111400
2017-06-14,98.37100219726562,98.69999694824219,98.0250015258789,98.69999694824219,176060
2017-06-15,98.04000091552734,98.40299987792969,97.92500305175781,98.30999755859375,168430
2017-06-16,98.052001953125,98.3489990234375,98.0,98.0999984741211,134340
2017-06-19,98.82599639892578,98.98999786376953,98.3270034790039,98.34100341796875,251180
2017-06-20,98.87699890136719,99.0199966430664,98.72000122070312,99.0,92930
2017-06-21,98.57499694824219,98.9000015258789,98.32599639892578,98.9000015258789,169930
2017-06-22,98.5,99.37999725341797,98.44300079345703,98.69999694824219,330110
2017-06-23,98.02899932861328,98.64299774169922,97.98999786376953,98.58699798583984,77950
2017-06-27,97.34700012207031,98.42900085449219,97.0009994506836,98.4000015258789,185190
2017-06-28,97.26799774169922,97.5,97.03299713134766,97.5,179820
2017-06-29,97.3550033569336,98.0999984741211,97.22000122070312,97.5,339120
2017-06-30,97.5979995727539,97.69999694824219,96.81999969482422,97.30000305175781,441660
2017-07-03,98.4209976196289,98.55000305175781,97.61799621582031,97.69999694824219,728050
2017-07-04,98.50800323486328,98.8479995727539,98.29000091552734,98.5,131230
2017-07-05,98.78600311279297,98.86900329589844,98.4000015258789,98.52999877929688,108800
2017-07-06,99.20700073242188,99.47000122070312,98.69999694824219,99.0999984741211,251570
2017-07-07,99.00900268554688,99.2699966430664,98.9010009765625,99.02200317382812,72260
2017-07-10,100.01799774169922,100.16000366210938,98.9000015258789,99.01000213623047,150640
2017-07-11,100.38400268554688,100.69000244140625,99.5999984741211,100.5,300280
2017-07-12,100.55400085449219,100.69999694824219,100.0999984741211,100.5,251500
2017-07-13,101.42500305175781,101.5,99.3010025024414,99.50199890136719,373350
2017-07-14,101.24400329589844,101.5,101.08100128173828,101.5,3230790
2017-07-17,101.68800354003906,101.87000274658203,101.25599670410156,101.53500366210938,2249740
2017-07-18,101.01100158691406,101.5999984741211,100.80799865722656,101.5999984741211,211420
2017-07-19,101.63200378417969,101.7490005493164,101.01200103759766,101.29900360107422,94090
2017-07-20,101.4729995727539,101.87999725341797,101.30000305175781,101.5999984741211,52240
2017-07-21,101.77300262451172,101.8949966430664,101.03500366210938,101.5,75920
2017-07-24,102.38600158691406,102.5,101.31500244140625,101.69999694824219,116300
2017-07-25,102.49800109863281,102.75800323486328,102.0459976196289,102.5999984741211,1989930
2017-07-26,102.86199951171875,103.0,102.29499816894531,102.5999984741211,251290
2017-07-27,103.0459976196289,103.87999725341797,102.87100219726562,103.0,372740
2017-07-28,102.75700378417969,102.93099975585938,102.22000122070312,102.7020034790039,272150
2017-07-31,103.427001953125,103.4990005493164,102.68599700927734,103.0,444180
2017-08-01,103.73899841308594,103.93900299072266,100.0,102.4020004272461,427340
2017-08-02,103.77799987792969,104.39900207519531,103.56999969482422,104.0979995727539,1697520
2017-08-03,103.06900024414062,103.69400024414062,102.91000366210938,103.69400024414062,360450
2017-08-04,103.74700164794922,103.8550033569336,102.9000015258789,103.08899688720703,143500
2017-08-07,103.5,104.0,103.38999938964844,104.0,153790
2017-08-08,102.91200256347656,103.80000305175781,102.4010009765625,103.80000305175781,330720
2017-08-09,102.0770034790039,103.30000305175781,102.0,103.30000305175781,244820
2017-08-10,100.67500305175781,102.0,100.20099639892578,102.0,3363010
2017-08-11,99.77799987792969,100.38600158691406,96.6259994506836,100.302001953125,493650
2017-08-14,100.93499755859375,101.0250015258789,99.81500244140625,99.81500244140625,385900
2017-08-16,102.08399963378906,102.13500213623047,100.52999877929688,101.12100219726562,481330
2017-08-17,102.16000366210938,102.46900177001953,101.88200378417969,102.30000305175781,92270
2017-08-18,101.60800170898438,101.71299743652344,101.0250015258789,101.302001953125,485460
2017-08-21,100.59700012207031,101.9000015258789,100.43299865722656,101.9000015258789,166000
2017-08-22,100.7490005493164,101.08899688720703,100.44999694824219,101.0,450970
2017-08-23,101.53099822998047,101.63999938964844,100.8550033569336,101.0,98430
2017-08-24,101.75900268554688,102.0,101.48500061035156,102.0,65410
2017-08-28,102.27799987792969,102.39399719238281,101.83000183105469,102.19999694824219,159840
2017-08-29,101.06900024414062,102.19999694824219,100.89199829101562,102.19999694824219,162450
2017-08-30,101.8740005493164,102.19000244140625,101.4489974975586,101.5,109180
2017-08-31,102.15299987792969,102.23600006103516,101.58499908447266,101.9000015258789,152040
2017-09-01,102.85600280761719,102.9000015258789,102.08599853515625,102.19999694824219,463520
2017-09-04,102.06800079345703,102.85900115966797,101.5260009765625,102.85900115966797,157580
2017-09-05,102.45899963378906,102.6050033569336,101.9000015258789,102.4000015258789,87880
2017-09-06,102.13300323486328,102.4010009765625,101.71099853515625,102.4000015258789,126960
2017-09-07,102.35199737548828,102.5989990234375,102.23500061035156,102.5,56540
2017-09-08,102.27999877929688,102.697998046875,102.08499908447266,102.697998046875,60280
2017-09-11,103.052001953125,103.31999969482422,102.59500122070312,102.70500183105469,157410
2017-09-12,103.75599670410156,103.86199951171875,103.15299987792969,103.5,2458610
2017-09-13,103.5989990234375,104.1050033569336,103.43499755859375,104.0999984741211,120320
2017-09-14,103.76399993896484,104.0999984741211,103.55500030517578,103.69999694824219,151300
2017-09-15,103.75700378417969,104.01899719238281,103.30000305175781,103.76399993896484,185560
2017-09-18,104.51300048828125,104.6780014038086,103.8499984741211,104.19999694824219,315550
2017-09-19,104.47200012207031,104.55999755859375,104.17900085449219,104.48200225830078,121910
2017-09-20,104.43800354003906,104.61000061035156,104.35600280761719,104.375,92690
2017-09-21,104.00900268554688,105.0,103.4000015258789,105.0,456460
2017-09-22,102.5530014038086,103.73400115966797,102.4000015258789,103.73400115966797,171880
2017-09-25,101.69499969482422,103.5,101.18900299072266,103.5,562780
2017-09-26,101.39299774169922,101.87999725341797,101.00199890136719,101.80000305175781,277970
2017-09-27,100.62200164794922,102.30000305175781,100.19999694824219,102.197998046875,970570
2017-09-28,101.00499725341797,101.4000015258789,100.0,101.2979965209961,1499380
2017-09-29,100.99800109863281,102.0,100.80000305175781,102.0,209480
2017-10-03,101.50299835205078,102.80000305175781,101.15699768066406,102.80000305175781,633090
2017-10-04,102.06900024414062,102.20500183105469,101.30000305175781,102.0,235530
2017-10-05,101.86499786376953,102.44499969482422,101.70999908447266,102.4000015258789,155010
2017-10-06,103.0780029296875,103.15399932861328,101.96099853515625,102.0999984741211,578210
2017-10-09,103.08399963378906,104.88500213623047,102.69999694824219,104.88500213623047,188880
2017-10-10,103.2040023803711,103.49800109863281,102.9990005493164,103.49800109863281,79970
2017-10-11,102.77100372314453,103.5999984741211,102.62999725341797,103.5999984741211,121610
2017-10-12,103.86799621582031,104.0,102.75199890136719,103.0,120950
2017-10-13,104.9729995727539,105.26300048828125,103.97000122070312,103.97000122070312,719890
2017-10-16,105.59600067138672,105.70800018310547,105.0199966430664,105.25499725341797,457390
2017-10-17,105.53700256347656,105.7750015258789,105.2249984741211,105.2249984741211,127080
2017-10-18,105.3949966430664,105.57499694824219,105.0,105.43399810791016,72650
2017-10-19,104.697998046875,105.51000213623047,104.24299621582031,105.51000213623047,47700
2017-10-23,105.16400146484375,105.29000091552734,104.41000366210938,104.58399963378906,187420
2017-10-24,104.927001953125,105.5,104.6989974975586,105.5,736600
2017-10-25,105.947998046875,106.31999969482422,105.5,106.0,712680
2017-10-26,106.38099670410156,106.46499633789062,105.81500244140625,106.0999984741211,730100
2017-10-27,106.2020034790039,106.80000305175781,106.02999877929688,106.80000305175781,883940
2017-10-30,106.9489974975586,107.05000305175781,106.16899871826172,106.5,1216100
2017-10-31,106.51699829101562,107.5,106.32099914550781,107.5,258450
2017-11-01,107.46099853515625,107.63200378417969,106.94599914550781,107.0,136520
2017-11-02,107.43299865722656,107.61900329589844,107.19999694824219,107.19999694824219,80850
2017-11-03,107.66600036621094,107.7750015258789,106.20099639892578,107.5,134400
2017-11-06,107.66899871826172,108.0,107.27300262451172,107.89800262451172,152490
2017-11-07,106.86199951171875,108.0999984741211,106.70099639892578,108.0999984741211,188350
2017-11-08,106.30899810791016,107.30000305175781,106.20099639892578,107.30000305175781,74520
2017-11-09,106.15599822998047,106.98200225830078,105.81500244140625,106.9000015258789,148540
2017-11-10,106.26100158691406,106.67900085449219,105.75599670410156,105.9739990234375,371530
2017-11-13,105.60800170898438,106.80000305175781,105.5,106.80000305175781,98960
2017-11-14,105.2040023803711,106.0,105.02300262451172,106.0,166300
2017-11-15,104.46600341796875,105.5999984741211,104.29000091552734,105.5999984741211,196560
2017-11-16,105.22899627685547,105.48999786376953,104.43000030517578,104.83399963378906,115190
2017-11-17,105.89199829101562,106.62000274658203,105.5,105.5,189620
2017-11-20,106.18299865722656,106.5,105.60800170898438,106.5,168510
2017-11-21,106.38300323486328,106.69999694824219,106.21299743652344,106.5,137560
2017-11-22,106.46199798583984,106.85600280761719,106.20999908447266,106.54000091552734,373080
2017-11-23,106.58100128173828,106.86199951171875,106.11499786376953,106.5,188790
2017-11-24,106.94599914550781,107.19999694824219,106.57499694824219,106.88999938964844,173810
2017-11-27,106.98500061035156,107.19999694824219,106.54499816894531,106.69999694824219,173730
2017-11-28,106.84100341796875,107.5,106.0,107.5,86910
2017-11-29,106.78199768066406,107.5,106.62999725341797,107.5,62360
2017-11-30,105.74600219726562,107.0999984741211,105.53500366210938,107.0999984741211,480490
2017-12-01,104.61499786376953,106.80000305175781,104.4000015258789,106.6989974975586,210240
2017-12-04,104.69499969482422,105.0999984741211,104.23500061035156,105.0999984741211,393970
2017-12-05,104.5999984741211,104.88899993896484,104.01000213623047,104.69999694824219,481930
2017-12-06,103.77200317382812,104.69999694824219,103.69999694824219,104.69999694824219,694770
2017-12-07,105.10600280761719,105.21700286865234,103.7750015258789,104.0,294200
2017-12-08,106.0459976196289,106.1449966430664,105.19999694824219,105.5,175060
2017-12-11,106.29299926757812,106.5999984741211,105.89299774169922,106.5999984741211,510830
2017-12-12,105.5979995727539,106.5,105.51000213623047,106.5,94790
2017-12-13,105.20700073242188,106.17900085449219,104.9000015258789,105.69999694824219,119230
2017-12-14,105.4020004272461,105.74800109863281,104.41500091552734,105.33000183105469,873200
2017-12-15,106.37100219726562,106.83999633789062,106.25800323486328,106.38999938964844,435160
2017-12-18,106.9260025024414,107.43000030517578,103.8949966430664,106.19999694824219,567210
2017-12-19,107.78199768066406,107.88999938964844,107.02400207519531,107.5,335990
2017-12-20,107.51300048828125,107.9990005493164,107.39900207519531,107.9000015258789,491580
2017-12-21,107.4489974975586,107.73999786376953,107.4000015258789,107.69999694824219,227370
2017-12-22,107.93599700927734,108.11000061035156,107.36499786376953,107.5999984741211,432460
2017-12-26,108.28099822998047,108.5250015258789,107.76599884033203,108.4000015258789,476120
2017-12-27,108.23699951171875,108.80000305175781,107.78199768066406,108.80000305175781,227560
2017-12-28,107.98799896240234,108.9000015258789,107.79499816894531,108.9000015258789,118800
2017-12-29,108.447998046875,108.5999984741211,107.93000030517578,108.30000305175781,83570
2018-01-01,107.81400299072266,108.59500122070312,107.5,108.4990005493164,425450
2018-01-02,107.46099853515625,108.16999816894531,107.27400207519531,108.0,107140
2018-01-03,107.62899780273438,108.29399871826172,107.43299865722656,107.75,224340
2018-01-04,108.1760025024414,108.3499984741211,107.52999877929688,107.7509994506836,296670
2018-01-05,108.72000122070312,108.84500122070312,108.24500274658203,108.69999694824219,213350
2018-01-08,109.24600219726562,109.44000244140625,109.00299835205078,109.4000015258789,744400
2018-01-09,109.49099731445312,109.6240005493164,109.16600036621094,109.5,160240
2018-01-10,109.90699768066406,110.02999877929688,109.3219985961914,110.0,4780510
2018-01-11,110.02899932861328,110.2249984741211,109.14099884033203,110.0,3708240
2018-01-12,110.26899719238281,111.0999984741211,109.5,111.0999984741211,86170
2018-01-15,110.9020004272461,111.19999694824219,110.2699966430664,110.2699966430664,166700
2018-01-16,110.37899780273438,111.06999969482422,106.0999984741211,106.0999984741211,118020
2018-01-17,111.04900360107422,111.25,110.0,110.27799987792969,1948090
2018-01-18,111.53800201416016,112.05000305175781,111.08499908447266,111.76499938964844,194530
2018-01-19,112.18399810791016,112.45700073242188,111.12999725341797,111.12999725341797,276560
2018-01-22,112.87899780273438,113.0790023803711,112.0,112.0,330420
2018-01-23,114.18900299072266,114.3290023803711,113.0999984741211,113.19999694824219,3980560
2018-01-24,114.19499969482422,114.47000122070312,113.8499984741211,114.0199966430664,2769330
2018-01-25,113.93099975585938,114.27899932861328,113.51000213623047,114.09500122070312,472200
2018-01-29,114.62699890136719,115.0,112.9990005493164,114.05000305175781,1253590
2018-01-30,113.71399688720703,114.62999725341797,113.65599822998047,114.54399871826172,340790
2018-01-31,113.54399871826172,113.8499984741211,113.3010025024414,113.69999694824219,365870
2018-02-01,113.50299835205078,114.7300033569336,112.20500183105469,113.5,732620
2018-02-02,111.2490005493164,113.30000305175781,110.0999984741211,113.30000305175781,1306010
2018-02-05,110.29399871826172,110.5,109.4000015258789,109.87999725341797,731440
2018-02-06,108.73500061035156,109.80000305175781,100.5250015258789,109.80000305175781,2531000
2018-02-07,108.38500213623047,109.9000015258789,108.11000061035156,109.0,544340
2018-02-08,109.49400329589844,109.88999938964844,108.19000244140625,108.55899810791016,244050
2018-02-09,108.23200225830078,108.4729995727539,107.48899841308594,107.84400177001953,894610
2018-02-12,109.13500213623047,109.26799774169922,108.30000305175781,108.69999694824219,629810
2018-02-14,108.65299987792969,109.4990005493164,108.26799774169922,109.49500274658203,104460
2018-02-15,109.21499633789062,109.83899688720703,108.6500015258789,108.89900207519531,356260
2018-02-16,108.26899719238281,109.875,108.13300323486328,109.67500305175781,1400060
2018-02-19,107.41000366210938,109.9990005493164,106.57499694824219,109.9990005493164,465620
2018-02-20,107.1760025024414,107.89900207519531,107.04000091552734,107.52899932861328,195000
2018-02-21,107.65599822998047,107.77899932861328,107.19999694824219,107.31500244140625,718710
2018-02-22,107.46299743652344,107.65899658203125,107.11499786376953,107.26000213623047,318940
2018-02-23,108.46800231933594,108.62300109863281,107.54000091552734,107.71600341796875,257870
2018-02-26,109.35600280761719,109.49500274658203,108.59100341796875,108.60199737548828,177770
2018-02-27,108.99400329589844,109.89900207519531,108.83100128173828,109.5,205240
2018-02-28,108.66999816894531,109.02999877929688,108.20999908447266,108.39399719238281,159010
2018-03-01,108.11900329589844,108.96099853515625,108.0,108.5,182970
2018-03-05,107.17400360107422,108.08999633789062,106.9000015258789,107.52400207519531,521910
2018-03-06,106.09400177001953,108.48899841308594,105.80999755859375,108.48899841308594,299510
2018-03-07,105.06700134277344,106.05999755859375,102.19999694824219,106.0,876540
2018-03-08,105.95899963378906,106.23999786376953,104.9000015258789,105.5999984741211,341700
2018-03-09,105.90399932861328,106.55899810791016,105.6259994506836,105.95899963378906,112830
2018-03-12,107.98899841308594,108.10199737548828,106.5,106.97000122070312,2212390
2018-03-13,107.91500091552734,108.48999786376953,107.43299865722656,107.58899688720703,1332050
2018-03-14,107.81900024414062,107.91999816894531,107.04000091552734,107.62100219726562,242840
2018-03-15,107.25700378417969,107.8489990234375,104.0,105.66000366210938,356230
2018-03-16,105.6780014038086,106.9000015258789,105.5999984741211,106.89900207519531,1128720
2018-03-19,104.7699966430664,105.97000122070312,104.53500366210938,105.75,991000
2018-03-20,104.64700317382812,105.30000305175781,104.1449966430664,104.5999984741211,521380
2018-03-21,104.90499877929688,105.87999725341797,104.69999694824219,104.69999694824219,381720
2018-03-22,104.5790023803711,109.9990005493164,104.30000305175781,109.9990005493164,997760
2018-03-23,103.6780014038086,104.0,103.0,103.9000015258789,490500
2018-03-26,104.70500183105469,104.98799896240234,103.19999694824219,103.68000030517578,586070
2018-03-27,105.18399810791016,105.41000366210938,104.83499908447266,105.0,442010
2018-03-28,104.92500305175781,105.29000091552734,104.41500091552734,105.0,217640
2018-04-02,105.81199645996094,106.14399719238281,104.80000305175781,105.0,377000
2018-04-03,106.2699966430664,106.3740005493164,105.53199768066406,105.7239990234375,633720
2018-04-04,104.9520034790039,106.5,104.76000213623047,106.30400085449219,733000
2018-04-05,106.9010009765625,106.9800033569336,105.63099670410156,105.9000015258789,207520
2018-04-06,106.86900329589844,107.12999725341797,106.4000015258789,106.80000305175781,145370
2018-04-09,107.35800170898438,107.5999984741211,106.87000274658203,106.87000274658203,170350
2018-04-10,107.6050033569336,107.80000305175781,107.35900115966797,107.44999694824219,168750
2018-04-11,107.84400177001953,107.99199676513672,106.0,106.0,104670
2018-04-12,108.4000015258789,108.5,107.625,107.79900360107422,173650
2018-04-13,108.4749984741211,108.8949966430664,108.05999755859375,108.20099639892578,264750
2018-04-16,108.93699645996094,109.20999908447266,107.64099884033203,108.19999694824219,155250
2018-04-17,108.91100311279297,109.0999984741211,108.58499908447266,109.0,1248780
2018-04-18,108.68000030517578,109.5,108.53399658203125,109.5,2065430
2018-04-19,109.1520004272461,109.29000091552734,108.69999694824219,108.69999694824219,890530
2018-04-20,109.00399780273438,109.56999969482422,108.73400115966797,109.0,7700640
2018-04-23,109.47200012207031,109.9000015258789,108.87899780273438,109.10099792480469,427290
2018-04-24,109.7750015258789,109.9010009765625,109.2699966430664,109.4000015258789,205120
2018-04-25,109.27899932861328,109.79000091552734,109.05999755859375,109.65399932861328,91430
2018-04-26,109.85900115966797,110.1500015258789,109.30899810791016,109.4000015258789,99780
2018-04-27,110.5530014038086,110.99400329589844,109.95999908447266,109.95999908447266,307450
2018-04-30,111.16799926757812,111.5,110.71800231933594,110.94999694824219,194820
2018-05-02,110.77100372314453,111.9000015258789,110.6050033569336,111.01000213623047,380230
2018-05-03,110.52899932861328,110.77799987792969,110.13300323486328,110.69999694824219,215330
2018-05-04,110.01899719238281,110.33899688720703,109.8010025024414,110.10099792480469,89620
2018-05-07,110.72200012207031,110.97000122070312,110.0199966430664,110.5,181050
2018-05-08,110.83799743652344,111.22799682617188,110.5,111.0,177550
2018-05-09,111.2229995727539,111.4000015258789,110.6500015258789,110.6500015258789,178600
2018-05-10,110.79399871826172,111.5999984741211,110.6449966430664,111.19999694824219,141190
2018-05-11,111.60600280761719,111.69400024414062,110.81500244140625,111.03500366210938,124330
2018-05-14,111.68900299072266,112.06500244140625,111.33499908447266,111.69999694824219,163440
2018-05-15,111.71700286865234,113.0,111.34500122070312,111.88999938964844,514290
2018-05-16,111.19300079345703,111.69999694824219,110.59300231933594,111.69999694824219,424370
2018-05-17,110.63099670410156,111.37000274658203,110.33000183105469,111.30000305175781,82660
2018-05-18,109.6050033569336,110.5999984741211,109.46499633789062,110.5999984741211,145410
2018-05-21,109.04900360107422,112.5,108.83300018310547,109.6050033569336,226550
2018-05-22,109.28099822998047,109.47000122070312,108.7249984741211,109.04499816894531,125450
2018-05-23,107.86399841308594,109.19499969482422,107.7249984741211,108.875,425930
2018-05-24,108.54199981689453,108.79900360107422,107.69999694824219,108.5,152610
2018-05-25,109.81099700927734,110.19999694824219,108.69999694824219,108.72100067138672,94940
2018-05-28,111.0510025024414,111.22000122070312,110.0,110.23999786376953,1073780
2018-05-29,110.36900329589844,111.0999984741211,110.03299713134766,111.0999984741211,86980
2018-05-30,110.29900360107422,110.56900024414062,109.4000015258789,109.86900329589844,86180
2018-05-31,111.25,111.68499755859375,110.30500030517578,110.5989990234375,169870
2018-06-01,110.99199676513672,111.7699966430664,101.01000213623047,108.19999694824219,178390
2018-06-04,110.11599731445312,111.80000305175781,110.0,111.80000305175781,213040
2018-06-05,110.18499755859375,110.5,109.58000183105469,110.5,162230
2018-06-06,110.99600219726562,111.0999984741211,109.75399780273438,110.19999694824219,133570
2018-06-07,111.78900146484375,112.1449966430664,111.0,111.19999694824219,141410
2018-06-08,111.85199737548828,112.0,111.0999984741211,111.39900207519531,109100
2018-06-11,112.25199890136719,112.69999694824219,111.80000305175781,112.09500122070312,118190
2018-06-12,112.62699890136719,112.80000305175781,111.9000015258789,112.125,160530
2018-06-13,112.56600189208984,112.9800033569336,112.40499877929688,112.62699890136719,230950
2018-06-14,112.2040023803711,112.48999786376953,111.9000015258789,112.19999694824219,114150
2018-06-15,112.49400329589844,112.68000030517578,111.80000305175781,112.0999984741211,83480
2018-06-18,112.39900207519531,112.48999786376953,112.14299774169922,112.41699981689453,70600
2018-06-19,111.48100280761719,112.0999984741211,111.38500213623047,111.80000305175781,82970
2018-06-20,111.96499633789062,112.17400360107422,91.08999633789062,111.0,125040
2018-06-21,111.52899932861328,112.2750015258789,111.3949966430664,111.76000213623047,45090
2018-06-22,112.47899627685547,112.69999694824219,111.5,111.69999694824219,74130
2018-06-25,111.83499908447266,113.0,111.58000183105469,113.0,62670
2018-06-26,112.13200378417969,112.29900360107422,111.60099792480469,111.69999694824219,68970
2018-06-27,110.7760009765625,112.19999694824219,110.5999984741211,111.70099639892578,604870
2018-06-28,110.0530014038086,111.19999694824219,109.66400146484375,111.0,155140
2018-06-29,111.18800354003906,111.29900360107422,110.1510009765625,110.5,130390
2018-07-02,110.99700164794922,112.5,110.5,112.5,138310
2018-07-03,111.40399932861328,111.55599975585938,110.6969985961914,110.91899871826172,66000
2018-07-04,111.875,111.97000122070312,111.01000213623047,111.4990005493164,78730
2018-07-05,111.91300201416016,112.5,111.80000305175781,112.5,110090
2018-07-06,112.302001953125,112.5999984741211,111.87999725341797,111.9000015258789,168180
2018-07-09,112.85399627685547,113.0,112.46199798583984,113.0,102730
2018-07-10,113.72699737548828,113.83399963378906,113.0,113.0,208690
2018-07-11,113.72599792480469,113.94000244140625,113.4000015258789,113.6989974975586,216620
2018-07-12,114.49500274658203,114.98999786376953,114.0,114.0,260260
2018-07-13,114.63200378417969,115.0,114.31999969482422,114.9990005493164,81280
2018-07-16,113.98300170898438,115.0,113.9000015258789,115.0,123360
2018-07-17,114.48500061035156,114.69000244140625,113.8010025024414,113.9000015258789,143680
2018-07-18,114.11799621582031,115.0,114.01000213623047,114.75199890136719,165960
2018-07-19,114.12100219726562,114.47000122070312,113.80000305175781,114.0999984741211,135970
2018-07-20,114.93000030517578,115.05000305175781,113.90399932861328,114.05000305175781,564120
2018-07-23,115.33999633789062,115.5,113.69999694824219,115.0,122060
2018-07-24,115.71199798583984,116.5,115.1780014038086,116.0,89480
2018-07-25,115.91899871826172,116.12000274658203,115.61000061035156,115.9489974975586,172630
2018-07-26,116.15799713134766,116.5510025024414,115.69999694824219,115.9000015258789,199220
2018-07-27,117.322998046875,117.44000244140625,116.23899841308594,116.23899841308594,488620
2018-07-30,117.74199676513672,117.98999786376953,117.19999694824219,117.5,169380
2018-07-31,118.25,118.4739990234375,117.43099975585938,118.0999984741211,108160
2018-08-01,118.1240005493164,118.69000244140625,117.80000305175781,118.25,740500
2018-08-02,117.42900085449219,118.0,117.30000305175781,117.5,82880
2018-08-03,118.61900329589844,118.69999694824219,117.59100341796875,117.83999633789062,120480
2018-08-06,118.73500061035156,119.03900146484375,118.4000015258789,119.0,139450
2018-08-07,118.73899841308594,119.0,118.0,119.0,110760
2018-08-08,119.1709976196289,119.39900207519531,118.54900360107422,119.05500030517578,111070
2018-08-09,119.31099700927734,119.5999984741211,119.19999694824219,119.25800323486328,260070
2018-08-10,118.9800033569336,119.34300231933594,118.7490005493164,119.19999694824219,107220
2018-08-13,118.2249984741211,119.30000305175781,118.01000213623047,119.30000305175781,271000
2018-08-14,119.13400268554688,119.29000091552734,117.0,117.0,94200
2018-08-16,118.75299835205078,119.36000061035156,118.5999984741211,119.0,93270
2018-08-17,119.78199768066406,119.87000274658203,118.80500030517578,119.0,173130
2018-08-20,120.27300262451172,120.5,119.53500366210938,120.0,124120
2018-08-21,120.69100189208984,120.80000305175781,120.18099975585938,120.4000015258789,377560
2018-08-23,120.83799743652344,121.0999984741211,120.4990005493164,120.5,85580
2018-08-24,120.60600280761719,120.99500274658203,120.23500061035156,120.79900360107422,85480
2018-08-27,121.79299926757812,121.87999725341797,120.92500305175781,121.0999984741211,205700
2018-08-28,122.18900299072266,122.64700317382812,121.01100158691406,121.18399810791016,161540
2018-08-29,121.99600219726562,122.45999908447266,121.53500366210938,122.30000305175781,235930
2018-08-30,121.70800018310547,124.98999786376953,121.26499938964844,124.44000244140625,154660
2018-08-31,121.9000015258789,122.30000305175781,121.47000122070312,121.70800018310547,168030
2018-09-03,120.76499938964844,122.5,120.36599731445312,122.5,307280
2018-09-04,120.4209976196289,121.5,120.0,121.5,274280
2018-09-05,119.89700317382812,120.4280014038086,119.01499938964844,120.31999969482422,191800
2018-09-06,120.27999877929688,120.48799896240234,119.4000015258789,119.9010009765625,106880
2018-09-07,121.05899810791016,121.18000030517578,119.5,119.5,99950
2018-09-10,119.64900207519531,121.0,119.55000305175781,121.0,235480
2018-09-11,117.9469985961914,121.1240005493164,117.71099853515625,121.1240005493164,282230
2018-09-12,118.74800109863281,118.9000015258789,117.3740005493164,117.94000244140625,221370
2018-09-14,120.02100372314453,123.5,118.86499786376953,119.5,153890
2018-09-17,118.96099853515625,120.0999984741211,118.80000305175781,120.0999984741211,137470
2018-09-18,117.9729995727539,124.9990005493164,117.56999969482422,124.9990005493164,118130
2018-09-19,117.61000061035156,122.44999694824219,117.30000305175781,122.44999694824219,203870
2018-09-21,116.5,122.30999755859375,113.26799774169922,119.95999908447266,627080
2018-09-24,114.7969970703125,117.5,114.44999694824219,116.5999984741211,322920
2018-09-25,115.76100158691406,115.98799896240234,113.80500030517578,115.4990005493164,302700
2018-09-26,115.5999984741211,117.0009994506836,115.01000213623047,117.0,264530
2018-09-27,114.6449966430664,115.89900207519531,114.55999755859375,115.5999984741211,264240
2018-09-28,114.13999938964844,115.4000015258789,113.5,114.50499725341797,392290
2018-10-01,114.95500183105469,115.30899810791016,113.16999816894531,114.0999984741211,458200
2018-10-03,113.61499786376953,114.94400024414062,113.50499725341797,114.8030014038086,548720
2018-10-04,110.7959976196289,113.4489974975586,110.44999694824219,113.4489974975586,1505540
2018-10-05,107.98300170898438,110.69999694824219,99.01000213623047,105.0009994506836,732800
2018-10-08,108.05000305175781,108.88999938964844,106.68800354003906,108.00499725341797,1472320
2018-10-09,107.77899932861328,108.69999694824219,100.0,100.0,1003410
2018-10-10,109.47000122070312,109.6449966430664,107.9000015258789,108.36000061035156,385580
2018-10-11,107.00700378417969,108.98500061035156,105.97200012207031,108.9000015258789,667240
2018-10-12,109.58300018310547,109.73500061035156,107.5,107.5,306720
2018-10-15,109.98500061035156,110.15499877929688,102.0,102.0,254340
2018-10-16,110.61599731445312,110.71800231933594,110.0009994506836,110.30000305175781,297160
2018-10-17,109.31999969482422,111.8759994506836,109.0199966430664,111.30000305175781,452830
2018-10-19,107.44300079345703,109.4000015258789,107.24199676513672,109.4000015258789,803350
2018-10-22,107.1500015258789,108.4000015258789,107.00499725341797,108.0009994506836,407800
2018-10-23,106.21299743652344,107.19999694824219,105.76000213623047,107.19999694824219,674980
2018-10-24,107.04399871826172,109.9990005493164,106.0,108.4000015258789,396720
2018-10-25,106.13099670410156,106.69999694824219,105.55500030517578,106.69999694824219,531630
2018-10-26,105.01899719238281,106.19999694824219,104.80000305175781,106.19999694824219,780970
2018-10-29,107.16699981689453,107.48999786376953,104.80000305175781,106.12999725341797,358230
2018-10-30,106.87100219726562,107.6989974975586,106.18000030517578,106.18000030517578,508320
2018-10-31,108.47599792480469,108.58000183105469,105.80000305175781,106.93800354003906,439920
2018-11-01,108.63899993896484,109.0,108.10199737548828,108.625,242560
2018-11-02,110.18299865722656,110.5999984741211,109.0999984741211,109.8499984741211,563420
2018-11-05,110.14800262451172,114.58999633789062,109.45999908447266,112.38999938964844,409630
2018-11-06,110.21800231933594,110.91999816894531,109.9000015258789,110.48999786376953,157430
2018-11-07,110.98300170898438,114.0,110.0999984741211,111.8499984741211,106710
2018-11-09,110.8219985961914,111.19000244140625,110.47100067138672,110.7699966430664,169920
2018-11-12,109.76399993896484,111.48999786376953,109.4000015258789,110.9010009765625,585760
2018-11-13,110.78399658203125,110.94000244140625,109.19999694824219,109.5,365450
2018-11-14,110.4020004272461,111.40399932861328,109.96499633789062,111.0,534060
2018-11-15,110.79399871826172,111.5,110.31500244140625,111.5,237050
2018-11-16,111.49600219726562,111.6500015258789,110.9000015258789,110.9000015258789,489890
2018-11-19,112.23999786376953,112.4000015258789,111.51000213623047,111.51000213623047,525110
2018-11-20,111.52799987792969,112.18499755859375,111.36000061035156,111.92500305175781,393140
2018-11-21,110.7020034790039,111.7750015258789,110.52799987792969,111.52999877929688,281260
2018-11-22,110.33799743652344,111.19999694824219,110.0999984741211,110.97000122070312,752790
2018-11-26,111.3239974975586,111.44999694824219,109.9000015258789,110.98999786376953,238340
2018-11-27,111.60199737548828,111.78500366210938,110.75499725341797,111.0,387570
2018-11-28,111.95899963378906,112.19999694824219,111.5999984741211,111.5999984741211,372870
2018-11-29,113.552001953125,113.69999694824219,112.41999816894531,112.41999816894531,324500
2018-11-30,113.50800323486328,114.0,113.0999984741211,113.55999755859375,532260
2018-12-03,113.79900360107422,114.19999694824219,104.69999694824219,113.80000305175781,583070
2018-12-04,113.61699676513672,113.80000305175781,113.25,113.56099700927734,443680
2018-12-05,112.64399719238281,113.31600189208984,112.4010009765625,113.29399871826172,407820
2018-12-06,111.01699829101562,112.19999694824219,110.7229995727539,112.19999694824219,699320
2018-12-07,111.91799926757812,112.0999984741211,107.0,111.19999694824219,445220
2018-12-10,109.88300323486328,111.80000305175781,109.74500274658203,111.80000305175781,1253300
2018-12-11,110.58499908447266,110.77999877929688,108.19999694824219,109.0250015258789,1083850
2018-12-12,112.16899871826172,112.4000015258789,110.46499633789062,110.66999816894531,382990
2018-12-13,112.54900360107422,113.0989990234375,112.12999725341797,112.52999877929688,502230
2018-12-14,112.6520004272461,112.80000305175781,112.01000213623047,112.80000305175781,446700
2018-12-17,113.63899993896484,113.79199981689453,112.69999694824219,112.69999694824219,514620
2018-12-18,113.91100311279297,114.17500305175781,112.90499877929688,113.3550033569336,239420
2018-12-19,114.54000091552734,114.95500183105469,106.0,106.0,264750
2018-12-20,114.5250015258789,114.87000274658203,113.83999633789062,114.19999694824219,869700
2018-12-21,112.59700012207031,115.0,107.5250015258789,114.0,1305860
2018-12-24,111.83699798583984,113.0,111.62999725341797,113.0,916330
2018-12-26,112.38200378417969,118.80000305175781,110.30000305175781,118.80000305175781,343590
2018-12-27,112.98300170898438,113.47899627685547,112.80000305175781,112.80000305175781,297520
2018-12-28,113.57099914550781,113.88999938964844,113.01000213623047,113.01000213623047,637290
2018-12-31,113.67500305175781,114.08999633789062,113.4000015258789,113.4000015258789,322130
2019-01-01,113.98400115966797,114.0999984741211,113.01000213623047,113.67500305175781,307490
2019-01-02,112.9729995727539,113.89900207519531,112.37000274658203,113.66400146484375,314230
2019-01-03,111.83499908447266,113.197998046875,111.6500015258789,112.94999694824219,467370
2019-01-04,112.49099731445312,112.59400177001953,111.41000366210938,111.83499908447266,335620
2019-01-07,112.56199645996094,113.56999969482422,112.4000015258789,112.80000305175781,384590
2019-01-08,112.85700225830078,113.0979995727539,112.25499725341797,112.54000091552734,452840
2019-01-09,113.26300048828125,113.4800033569336,112.30000305175781,113.4800033569336,617250
2019-01-10,113.24800109863281,113.5999984741211,112.87000274658203,113.5999984741211,456330
2019-01-11,112.68699645996094,113.39900207519531,112.2300033569336,112.80000305175781,658990
2019-01-14,112.16699981689453,112.87999725341797,111.88999938964844,112.87999725341797,372120
2019-01-15,113.5989990234375,113.69999694824219,112.51799774169922,112.58999633789062,671660
2019-01-16,114.12699890136719,114.18000030517578,113.4260025024414,113.5999984741211,706260
2019-01-17,114.14800262451172,114.4000015258789,113.55999755859375,114.19999694824219,501200
2019-01-18,113.83300018310547,114.19999694824219,113.4000015258789,114.14800262451172,336650
2019-01-21,114.47799682617188,114.68900299072266,113.80000305175781,113.80000305175781,446610
2019-01-22,114.06900024414062,114.48999786376953,113.69999694824219,114.48999786376953,203880
2019-01-23,113.31500244140625,114.48999786376953,113.0999984741211,114.0,347470
2019-01-24,113.47100067138672,113.6989974975586,112.86000061035156,113.31500244140625,202270
2019-01-25,112.91899871826172,114.30000305175781,112.53099822998047,113.5,389890
2019-01-28,111.78099822998047,113.19999694824219,111.48100280761719,112.91899871826172,1023080
2019-01-29,111.8010025024414,113.5999984741211,111.02999877929688,112.0999984741211,536040
2019-01-30,111.59500122070312,112.08999633789062,111.20500183105469,112.0,249530
2019-01-31,113.46900177001953,113.6449966430664,110.8550033569336,110.95500183105469,260900
2019-02-01,113.85700225830078,114.73300170898438,110.26499938964844,110.95500183105469,779350
2019-02-04,114.3010025024414,114.36799621582031,113.11000061035156,113.9000015258789,209770
2019-02-05,114.71199798583984,114.88999938964844,113.77400207519531,114.30000305175781,3749950
2019-02-06,115.447998046875,116.0999984741211,114.60900115966797,114.69999694824219,6036120
2019-02-07,115.697998046875,116.29900360107422,115.5,115.5,174020
2019-02-08,114.64399719238281,115.5999984741211,114.19999694824219,115.5,143910
2019-02-11,114.21499633789062,114.51000213623047,113.8499984741211,114.51000213623047,159490
2019-02-12,113.5790023803711,114.41999816894531,113.4749984741211,114.21499633789062,156260
2019-02-14,112.85600280761719,113.30000305175781,112.5479965209961,113.30000305175781,390990
2019-02-15,112.24600219726562,113.0,111.26000213623047,113.0,4427960
2019-02-18,111.66899871826172,112.5,111.53099822998047,111.80000305175781,582840
2019-02-19,111.3759994506836,112.5999984741211,111.19999694824219,112.4000015258789,523930
2019-02-20,112.31700134277344,112.4000015258789,111.53500366210938,111.80000305175781,204110
2019-02-21,112.76699829101562,112.9990005493164,112.11100006103516,112.1500015258789,272710
2019-02-22,112.89700317382812,113.0,112.4000015258789,113.0,104130
2019-02-25,113.65399932861328,113.83999633789062,113.0,113.0,176690
2019-02-26,113.625,114.23899841308594,112.5999984741211,113.0,763820
2019-02-27,112.91400146484375,114.37000274658203,112.5,113.70099639892578,849570
2019-02-28,113.36000061035156,113.88500213623047,113.0260009765625,113.2249984741211,319960
2019-03-01,113.70999908447266,114.15899658203125,113.36000061035156,113.36000061035156,276810
2019-03-05,114.88899993896484,115.0,112.19999694824219,113.0,1268060
2019-03-06,115.58599853515625,115.73600006103516,114.80000305175781,114.80000305175781,327820
2019-03-07,115.7509994506836,116.13999938964844,115.30599975585938,116.0,488920
2019-03-08,115.81600189208984,115.98600006103516,115.20999908447266,115.5,542060
2019-03-11,117.22599792480469,117.27200317382812,115.9000015258789,116.19999694824219,235300
2019-03-12,118.46700286865234,118.5999984741211,117.0,117.0,423220
2019-03-13,118.8239974975586,118.9800033569336,118.08499908447266,118.30000305175781,235720
2019-03-14,118.72599792480469,119.1989974975586,118.5,118.98999786376953,257490
2019-03-15,119.88700103759766,120.3499984741211,118.72599792480469,118.72599792480469,768970
2019-03-18,119.98799896240234,124.80000305175781,119.5,121.0,415790
2019-03-19,120.73699951171875,121.0999984741211,119.82499694824219,119.9000015258789,387030
2019-03-20,120.66500091552734,121.25499725341797,120.41000366210938,120.69999694824219,389630
2019-03-22,119.9800033569336,121.45899963378906,119.80000305175781,120.69999694824219,155140
2019-03-25,118.80999755859375,119.5,118.19999694824219,118.19999694824219,4305180
2019-03-26,120.39299774169922,124.0,119.0,124.0,453980
2019-03-27,120.10199737548828,121.0,119.91999816894531,120.0,491990
2019-03-28,120.97699737548828,121.5,120.0999984741211,120.0999984741211,1528840
2019-04-01,122.08000183105469,123.25700378417969,121.80000305175781,122.4000015258789,1139850
2019-04-02,122.5250015258789,122.69999694824219,120.30000305175781,120.30000305175781,232500
2019-04-03,122.14800262451172,123.30000305175781,122.0,122.5999984741211,706160
2019-04-04,121.81300354003906,122.32499694824219,121.51000213623047,122.30000305175781,197270
2019-04-05,122.49800109863281,126.5,121.5,123.5,515710
2019-04-08,121.9530029296875,122.79000091552734,121.2699966430664,122.49800109863281,288970
2019-04-09,122.44499969482422,122.69499969482422,121.30899810791016,122.0,341020
2019-04-10,121.65599822998047,122.66899871826172,121.5250015258789,122.4000015258789,307690
2019-04-11,121.69400024414062,124.19999694824219,121.36000061035156,124.19999694824219,104080
2019-04-12,122.41400146484375,122.5,121.5999984741211,121.89900207519531,158200
2019-04-15,122.87899780273438,122.94599914550781,120.0009994506836,121.5,575700
2019-04-16,123.75299835205078,124.05000305175781,122.80000305175781,123.0,417640
2019-04-18,123.4729995727539,124.23999786376953,123.177001953125,124.0,178440
2019-04-22,121.86799621582031,123.19999694824219,121.61399841308594,123.19999694824219,584100
2019-04-23,121.70099639892578,122.29499816894531,121.5999984741211,121.9000015258789,220240
2019-04-24,122.93599700927734,123.19000244140625,121.1780014038086,121.80000305175781,568250
2019-04-25,122.427001953125,123.9000015258789,122.19999694824219,122.93599700927734,246940
2019-04-26,123.39299774169922,123.5,122.50499725341797,122.80000305175781,209460
2019-04-30,123.40699768066406,124.80000305175781,122.38500213623047,124.80000305175781,419250
2019-05-02,123.17900085449219,123.80000305175781,122.90499877929688,123.5989990234375,154520
2019-05-03,122.99099731445312,124.80000305175781,122.9000015258789,124.06999969482422,517550
2019-05-06,121.83100128173828,124.9000015258789,121.53500366210938,124.30000305175781,875510
2019-05-07,120.89700317382812,123.0,120.69000244140625,123.0,858770
2019-05-08,119.53099822998047,122.5999984741211,119.30999755859375,122.19999694824219,2341610
2019-05-09,118.45899963378906,121.79000091552734,118.19999694824219,121.79000091552734,1834360
2019-05-10,118.49800109863281,119.31500244140625,118.31099700927734,118.69999694824219,722770
2019-05-13,117.22000122070312,119.94999694824219,117.0,119.94999694824219,369880
2019-05-14,117.86100006103516,118.75,116.69999694824219,117.50499725341797,540630
2019-05-15,117.49800109863281,118.67400360107422,117.22000122070312,117.9000015258789,819510
2019-05-16,118.06400299072266,118.4990005493164,117.11000061035156,117.5,959780
2019-05-17,119.62899780273438,119.69999694824219,118.0999984741211,118.1449966430664,1698140
2019-05-20,123.93000030517578,124.34100341796875,120.5,122.4000015258789,1180140
2019-05-21,123.06800079345703,124.69000244140625,122.80000305175781,124.4000015258789,852760
2019-05-22,123.31300354003906,124.48999786376953,122.6510009765625,124.48999786376953,728890
2019-05-23,122.60199737548828,126.30000305175781,122.11000061035156,124.80000305175781,1720750
2019-05-24,124.552001953125,124.73300170898438,122.51100158691406,122.69999694824219,797850
2019-05-27,125.03299713134766,125.30000305175781,124.0,124.98999786376953,354050
2019-05-28,125.18199920654297,125.5999984741211,124.5,125.30000305175781,349520
2019-05-29,124.75299835205078,125.36499786376953,124.33499908447266,124.71299743652344,206560
2019-05-30,125.47799682617188,125.80000305175781,124.4209976196289,125.0479965209961,186540
2019-05-31,125.2490005493164,126.4800033569336,124.73799896240234,125.5,718300
2019-06-03,126.7979965209961,127.0,124.82499694824219,126.0,557200
2019-06-04,126.58999633789062,127.9000015258789,126.20099639892578,126.80000305175781,666820
2019-06-06,124.6780014038086,126.5999984741211,124.55000305175781,126.5999984741211,560590
2019-06-07,124.89199829101562,125.18800354003906,123.56500244140625,124.77300262451172,278030
2019-06-10,125.67400360107422,125.91899871826172,124.94300079345703,125.30000305175781,829800
2019-06-11,125.62200164794922,126.5,125.0,126.0,150920
2019-06-12,125.072998046875,126.0999984741211,124.9010009765625,126.0999984741211,157390
2019-06-13,125.4209976196289,125.49500274658203,124.55000305175781,125.4000015258789,183450
2019-06-14,124.51699829101562,125.25,124.30999755859375,125.02999877929688,319440
2019-06-17,123.08300018310547,125.0999984741211,122.83999633789062,125.0999984741211,880530
2019-06-18,123.14099884033203,123.58499908447266,122.61000061035156,123.1969985961914,1026790
2019-06-19,123.0270004272461,124.0999984741211,122.51499938964844,123.5,555080
2019-06-20,124.49299621582031,124.6449966430664,122.5,122.97000122070312,1407260
2019-06-21,123.68000030517578,124.4000015258789,123.51000213623047,124.4000015258789,474020
2019-06-24,123.40599822998047,127.48799896240234,123.05000305175781,125.0,438340
2019-06-25,124.0739974975586,125.0,122.9000015258789,124.1500015258789,337870
2019-06-26,124.65299987792969,124.81999969482422,123.58000183105469,124.81999969482422,331760
2019-06-27,124.81700134277344,125.45999908447266,124.5,125.0,286910
2019-06-28,124.29199981689453,125.5999984741211,124.0,125.5999984741211,173170
2019-07-01,124.93399810791016,125.1989974975586,124.51000213623047,124.9990005493164,340080
2019-07-02,125.3030014038086,125.5999984741211,124.19999694824219,125.5999984741211,249850
2019-07-03,125.48300170898438,125.5999984741211,125.0,125.01499938964844,333170
2019-07-04,126.04000091552734,126.1709976196289,125.0999984741211,126.0,204310
2019-07-05,124.60800170898438,126.7699966430664,124.4000015258789,126.19999694824219,909900
2019-07-08,121.94400024414062,125.4990005493164,121.57499694824219,125.4990005493164,890500
2019-07-09,121.80400085449219,123.88999938964844,121.0009994506836,123.88999938964844,881810
2019-07-10,121.35199737548828,122.55000305175781,121.0999984741211,122.5,447960
2019-07-11,122.2030029296875,122.30000305175781,121.51000213623047,122.30000305175781,173180
2019-07-12,121.97100067138672,122.6969985961914,121.55000305175781,122.44999694824219,207230
2019-07-15,122.21600341796875,122.5,121.69999694824219,122.5,238310
2019-07-16,122.9520034790039,123.10900115966797,121.90499877929688,123.0,236450
2019-07-17,123.27100372314453,123.6500015258789,122.74500274658203,123.6449966430664,121090
2019-07-18,122.55699920654297,123.3489990234375,122.31700134277344,123.19999694824219,201570
2019-07-19,120.71700286865234,126.0,120.55000305175781,126.0,586460
2019-07-22,119.8949966430664,122.19999694824219,119.48999786376953,122.19999694824219,845750
2019-07-23,119.69300079345703,120.69999694824219,119.44999694824219,120.5,304390
2019-07-24,119.13899993896484,121.88800048828125,118.73899841308594,121.88800048828125,365270
2019-07-25,118.99199676513672,122.48799896240234,118.83999633789062,122.48799896240234,333770
2019-07-26,119.3219985961914,119.68000030517578,118.5,119.68000030517578,307120
2019-07-29,118.36000061035156,119.5,118.0,119.5,404980
2019-07-30,117.2490005493164,118.99700164794922,117.0999984741211,118.375,442880
2019-07-31,117.5770034790039,117.77799987792969,114.41000366210938,117.30000305175781,784040
2019-08-01,116.27300262451172,117.5999984741211,115.10099792480469,117.5,1057430
2019-08-02,116.33699798583984,117.08999633789062,114.9000015258789,116.0,1147960
2019-08-05,115.1500015258789,116.0999984741211,114.19999694824219,116.0999984741211,1309450
2019-08-06,115.87100219726562,116.5,114.34200286865234,114.9990005493164,384450
2019-08-07,114.91200256347656,117.88800048828125,114.70999908447266,117.88800048828125,372730
2019-08-08,116.93499755859375,117.41999816894531,114.82499694824219,115.9000015258789,818710
2019-08-09,117.61499786376953,118.3489990234375,117.0,117.99500274658203,1093800
2019-08-13,115.76300048828125,118.30000305175781,115.5,118.19999694824219,583990
2019-08-14,116.71399688720703,117.27200317382812,115.71499633789062,116.48999786376953,305520
2019-08-16,117.01399993896484,117.68000030517578,115.75,117.0,385100
2019-08-19,117.12699890136719,118.02999877929688,116.9000015258789,118.0,419950
2019-08-20,116.70800018310547,117.3949966430664,116.30000305175781,117.3949966430664,323790
2019-08-21,115.677001953125,117.37999725341797,115.5,117.0,619480
2019-08-22,113.86799621582031,116.30000305175781,113.65399932861328,116.30000305175781,849590
2019-08-23,114.74299621582031,115.125,112.80000305175781,114.0999984741211,846200
2019-08-26,117.08699798583984,118.0,114.02100372314453,116.9000015258789,805060
2019-08-27,117.4540023803711,117.99500274658203,116.69999694824219,117.19999694824219,514350
2019-08-28,116.86199951171875,117.80000305175781,116.42500305175781,117.80000305175781,309110
2019-08-29,116.11799621582031,117.19999694824219,115.0,117.0,679950
2019-08-30,116.61399841308594,116.9000015258789,115.12200164794922,116.9000015258789,538180
2019-09-03,114.51699829101562,116.5,114.19999694824219,116.49500274658203,787930
2019-09-04,114.88999938964844,116.0,114.0009994506836,116.0,690440
2019-09-05,114.97899627685547,115.6989974975586,114.30000305175781,114.88999938964844,972430
2019-09-06,115.97000122070312,116.15499877929688,115.03500366210938,115.5,329800
2019-09-09,116.43399810791016,116.80000305175781,115.23500061035156,116.49500274658203,534870
2019-09-11,116.78399658203125,117.0999984741211,115.00599670410156,116.99400329589844,647180
2019-09-12,116.44400024414062,117.4000015258789,116.22200012207031,117.4000015258789,627130
2019-09-13,117.31099700927734,117.44999694824219,116.0,116.9000015258789,461080
2019-09-16,116.40299987792969,117.19999694824219,115.87000274658203,117.19999694824219,368600
2019-09-17,114.66400146484375,116.99500274658203,114.44000244140625,116.98500061035156,545220
2019-09-18,114.81600189208984,115.30000305175781,114.56500244140625,114.71099853515625,576750
2019-09-19,113.5199966430664,114.86699676513672,113.11100006103516,114.86699676513672,863550
2019-09-20,119.5469970703125,120.5999984741211,113.19999694824219,114.19499969482422,4017110
2019-09-23,123.00199890136719,123.6500015258789,120.5,120.5,3009450
2019-09-24,122.68900299072266,124.19999694824219,122.21099853515625,122.99800109863281,1197750
2019-09-25,121.35900115966797,123.29499816894531,121.05000305175781,123.29499816894531,529670
2019-09-26,122.76100158691406,122.91999816894531,121.40299987792969,121.74400329589844,5023400
2019-09-27,122.09400177001953,123.80000305175781,121.63200378417969,122.76000213623047,1623840
2019-09-30,121.56700134277344,122.44999694824219,120.80000305175781,122.44499969482422,1341080
2019-10-01,120.50299835205078,122.38999938964844,119.18000030517578,121.79499816894531,971470
2019-10-03,119.84400177001953,121.19999694824219,119.37000274658203,121.1989974975586,561570
2019-10-04,118.21499633789062,120.79000091552734,118.0,120.79000091552734,2694380
2019-10-07,117.56900024414062,126.0,117.40499877929688,118.62999725341797,3871290
2019-10-09,119.427001953125,119.58399963378906,117.00599670410156,118.3010025024414,518650
2019-10-10,118.53900146484375,119.31900024414062,118.0,119.19499969482422,522840
2019-10-11,119.73600006103516,119.87999725341797,118.4000015258789,118.9000015258789,567430
2019-10-14,119.89299774169922,120.55000305175781,119.44999694824219,120.0,340180
2019-10-15,120.87300109863281,121.19000244140625,119.51000213623047,120.80000305175781,396190
2019-10-16,120.9469985961914,121.47200012207031,120.74500274658203,121.3499984741211,1176270
2019-10-17,122.4800033569336,122.80000305175781,120.7699966430664,121.13999938964844,572850
2019-10-18,123.45500183105469,123.6989974975586,122.197998046875,122.79499816894531,487750
2019-10-22,122.96299743652344,123.69999694824219,120.1259994506836,122.0,847540
2019-10-23,122.99500274658203,123.5,122.20500183105469,123.5,308030
2019-10-24,122.66999816894531,123.5,122.20999908447266,123.49400329589844,496230
2019-10-25,122.53600311279297,123.80000305175781,121.6050033569336,123.79499816894531,796820
2019-10-27,123.38700103759766,124.0,122.88999938964844,124.0,198780
2019-10-29,124.6780014038086,124.81900024414062,123.0,123.89900207519531,876930
2019-10-30,125.28700256347656,125.62999725341797,124.67500305175781,125.0,874900
2019-10-31,125.49800109863281,126.5,125.36100006103516,126.5,1919130
2019-11-01,126.14099884033203,126.36000061035156,125.23699951171875,125.4000015258789,444830
2019-11-04,126.34400177001953,126.69999694824219,125.90499877929688,126.5,803550
2019-11-05,126.05899810791016,126.59500122070312,125.71399688720703,126.59500122070312,359320
2019-11-06,126.4749984741211,126.87999725341797,125.5,126.4000015258789,345100
2019-11-07,126.97899627685547,128.88800048828125,126.3010025024414,126.4749984741211,399730
2019-11-08,126.06199645996094,127.5,125.8759994506836,126.69000244140625,791780
2019-11-11,126.49099731445312,126.5999984741211,125.5,126.19999694824219,445860
2019-11-13,125.6969985961914,127.0,125.51000213623047,127.0,395150
2019-11-14,125.5459976196289,126.18800354003906,124.96700286865234,126.18800354003906,1529700
2019-11-15,126.04399871826172,126.69000244140625,125.71800231933594,126.0,1190540
2019-11-18,125.7300033569336,126.5999984741211,125.66500091552734,126.5999984741211,208110
2019-11-19,126.39600372314453,126.69999694824219,125.7300033569336,126.49500274658203,463920
2019-11-20,126.83300018310547,127.41100311279297,126.5260009765625,126.9000015258789,1107130
2019-11-21,126.60399627685547,127.69999694824219,126.49600219726562,127.69999694824219,269550
2019-11-22,126.44200134277344,126.69000244140625,125.8499984741211,126.69000244140625,367760
2019-11-25,127.73699951171875,127.8550033569336,126.19999694824219,127.0999984741211,392920
2019-11-26,127.51000213623047,129.5,127.30999755859375,129.5,434770
2019-11-27,127.9020004272461,128.19000244140625,127.70600128173828,127.80000305175781,396060
2019-11-28,128.406005859375,128.5,127.80000305175781,127.80000305175781,3503210
2019-11-29,127.51300048828125,128.60000610351562,127.13999938964844,128.60000610351562,514200
2019-12-02,127.63400268554688,129.39999389648438,127.375,127.51300048828125,348080
2019-12-03,126.95999908447266,128.19500732421875,126.81099700927734,128.19500732421875,287140
2019-12-04,127.46900177001953,127.63899993896484,126.51000213623047,127.30000305175781,204580
2019-12-05,127.2040023803711,128.10000610351562,126.70500183105469,127.0,461970
2019-12-06,126.22699737548828,127.59500122070312,126.0999984741211,127.59500122070312,310430
2019-12-09,126.32599639892578,127.19499969482422,125.82499694824219,127.19499969482422,226550
2019-12-10,125.79499816894531,126.64700317382812,125.59500122070312,126.32599639892578,456630
2019-12-11,126.22000122070312,126.47899627685547,125.54000091552734,126.3949966430664,337780
2019-12-12,127.10900115966797,127.29900360107422,125.5,125.5,190810
2019-12-13,127.90599822998047,128.0,127.10399627685547,127.10900115966797,338990
2019-12-16,127.53099822998047,128.5,127.4000015258789,128.5,230330
2019-12-17,128.61599731445312,128.8000030517578,127.50499725341797,128.2949981689453,461080
2019-12-18,129.25399780273438,129.4320068359375,128.2100067138672,128.9949951171875,219460
2019-12-19,13.020000457763672,13.032999992370605,12.904999732971191,12.920000076293945,2715930
2019-12-20,13.034000396728516,13.494999885559082,12.977999687194824,13.494999885559082,2466900
2019-12-23,129.92999267578125,131.25,129.27999877929688,131.1999969482422,318322
2019-12-24,129.4499969482422,130.85000610351562,129.22000122070312,130.85000610351562,422110
2019-12-26,128.69000244140625,130.35000610351562,128.50999450683594,130.35000610351562,204241
2019-12-27,129.55999755859375,130.64999389648438,128.3000030517578,128.69000244140625,233758
2019-12-30,130.25999450683594,130.5,129.19000244140625,130.4499969482422,3175973
2019-12-31,129.14999389648438,130.25999450683594,129.02000427246094,130.2100067138672,235878
2020-01-01,129.4199981689453,131.0,128.9499969482422,128.9499969482422,269259
2020-01-02,130.13999938964844,134.60000610351562,129.39999389648438,132.0,329677
2020-01-03,129.7100067138672,130.85000610351562,129.07000732421875,129.07000732421875,298681
2020-01-06,127.37000274658203,129.47000122070312,127.11000061035156,129.39999389648438,721657
2020-01-07,127.76000213623047,128.6999969482422,127.30999755859375,127.94999694824219,743200
2020-01-08,127.55999755859375,127.75,126.5,126.58999633789062,422774
2020-01-09,129.33999633789062,129.5500030517578,128.35000610351562,128.9499969482422,291102
2020-01-10,129.61000061035156,130.1999969482422,129.3000030517578,129.9499969482422,426319
2020-01-13,130.41000366210938,130.5,124.4000015258789,127.0,531373
2020-01-14,131.00999450683594,131.22999572753906,129.8000030517578,130.75,325889
2020-01-15,131.00999450683594,131.4499969482422,130.0,131.39999389648438,318992
2020-01-16,130.91000366210938,131.5,130.0,131.4499969482422,277915
2020-01-17,131.19000244140625,131.4499969482422,130.5,131.4499969482422,394076
2020-01-20,129.77999877929688,131.5,129.6999969482422,131.2100067138672,769381
2020-01-21,129.27000427246094,130.35000610351562,129.0500030517578,130.35000610351562,458654
2020-01-22,128.52999877929688,131.4499969482422,128.22000122070312,131.4499969482422,471486
2020-01-23,129.30999755859375,129.4499969482422,128.1999969482422,129.4499969482422,184783
2020-01-24,130.11000061035156,130.3000030517578,128.75,129.25999450683594,630671
2020-01-27,128.72999572753906,130.0,128.5500030517578,129.0,414564
2020-01-28,128.10000610351562,130.66000366210938,127.5999984741211,130.66000366210938,826302
2020-01-29,128.75999450683594,129.1999969482422,128.0500030517578,128.75,179693
2020-01-30,127.73999786376953,129.0,127.5,128.9499969482422,1074097
2020-01-31,127.16999816894531,128.42999267578125,126.9000015258789,127.94999694824219,632544
2020-02-03,124.41999816894531,126.0,123.5,124.76000213623047,1306194
2020-02-04,126.75,126.93000030517578,124.05000305175781,125.25,331366
2020-02-05,127.91000366210938,128.10000610351562,126.0999984741211,126.0999984741211,343990
2020-02-06,128.94000244140625,129.0500030517578,127.55000305175781,127.86000061035156,348705
2020-02-07,128.19000244140625,129.14999389648438,127.73999786376953,129.14999389648438,512906
2020-02-10,127.91000366210938,129.85000610351562,127.30999755859375,129.85000610351562,371411
2020-02-11,128.3000030517578,129.9499969482422,128.0500030517578,128.0500030517578,301763
2020-02-12,129.19000244140625,129.35000610351562,128.60000610351562,128.85000610351562,244082
2020-02-13,129.3000030517578,129.5399932861328,128.5,129.5399932861328,491397
2020-02-14,128.3800048828125,129.69000244140625,128.08999633789062,129.5399932861328,435089
2020-02-17,127.83999633789062,129.0,127.69999694824219,128.9199981689453,254024
2020-02-18,127.33999633789062,128.5,126.55000305175781,126.94999694824219,569499
2020-02-19,128.58999633789062,128.6999969482422,127.0,127.94999694824219,463260
2020-02-20,128.36000061035156,128.8000030517578,128.0,128.5500030517578,354821
2020-02-24,125.7300033569336,128.41000366210938,125.5,128.41000366210938,3544077
2020-02-25,125.33999633789062,126.4000015258789,125.11000061035156,126.3499984741211,587395
2020-02-26,124.04000091552734,125.38999938964844,123.80000305175781,125.38999938964844,2733254
2020-02-27,123.63999938964844,124.48999786376953,122.54000091552734,123.55000305175781,1863612
2020-02-28,119.29000091552734,122.94000244140625,119.11000061035156,121.6500015258789,8148034
2020-03-02,118.38999938964844,122.05000305175781,117.20999908447266,122.05000305175781,2355594
2020-03-03,120.4000015258789,121.01000213623047,118.55000305175781,119.44000244140625,1810345
2020-03-04,119.5199966430664,121.4000015258789,117.91000366210938,121.4000015258789,2300345
2020-03-05,119.75,142.9499969482422,118.5999984741211,142.9499969482422,513870
2020-03-06,117.18000030517578,118.48999786376953,115.5999984741211,118.48999786376953,3370046
2020-03-09,111.62000274658203,116.48999786376953,109.73999786376953,116.48999786376953,8020071
2020-03-11,111.30999755859375,112.5,110.19999694824219,111.48999786376953,3831170
2020-03-12,102.98999786376953,110.0,101.05000305175781,110.0,10397243
2020-03-13,106.36000061035156,120.8499984741211,91.26000213623047,91.26000213623047,8805565
2020-03-16,102.37000274658203,107.48999786376953,100.0,107.48999786376953,5403873
2020-03-17,99.19999694824219,105.0,97.25,102.55000305175781,4118897
2020-03-18,96.08000183105469,102.80000305175781,92.19999694824219,100.9000015258789,6548497
2020-03-19,89.47000122070312,94.5,87.0,94.5,9073817
2020-03-20,92.97000122070312,99.87999725341797,88.0,99.87999725341797,5442253
2020-03-23,83.5199966430664,94.83000183105469,81.0,87.0,8143705
2020-03-24,85.0,90.0,83.06999969482422,86.0,8341374
2020-03-25,89.45999908447266,90.0,84.0,85.0,4949333
2020-03-26,92.68000030517578,94.80000305175781,84.0,92.0,5221001
2020-03-27,91.26000213623047,96.4000015258789,90.87000274658203,93.0,4258490
2020-03-30,89.16999816894531,92.5,88.6500015258789,90.0,4813354
2020-03-31,91.94000244140625,92.6500015258789,89.69999694824219,90.0,3736401
2020-04-01,89.3499984741211,91.94000244140625,89.0,91.94000244140625,2782739
2020-04-03,86.58999633789062,91.19999694824219,86.3499984741211,90.0,4260702
2020-04-07,92.41000366210938,92.80000305175781,88.25,90.0,4840105
2020-04-08,92.81999969482422,98.0,90.6500015258789,91.0,5210533
2020-04-09,96.2300033569336,96.5,93.4000015258789,93.94999694824219,4706256
2020-04-13,95.62000274658203,96.94999694824219,94.08000183105469,96.94999694824219,2175060
2020-04-15,95.19999694824219,97.9000015258789,94.55000305175781,97.0,2756785
2020-04-16,95.68000030517578,96.0,94.0,96.0,1777655
2020-04-17,98.20999908447266,98.69999694824219,96.4000015258789,98.0,2622443
2020-04-20,97.98999786376953,100.95999908447266,97.80000305175781,100.0999984741211,2279271
2020-04-21,95.5999984741211,105.98999786376953,91.0999984741211,91.0999984741211,2146145
2020-04-22,97.37999725341797,102.0,94.05000305175781,102.0,1728534
2020-04-23,98.62000274658203,98.8499984741211,96.27999877929688,96.27999877929688,1573782
2020-04-24,97.0999984741211,98.13999938964844,96.0999984741211,97.0999984741211,6117467
2020-04-27,98.43000030517578,99.05000305175781,97.0999984741211,97.1500015258789,2031629
2020-04-28,99.3499984741211,100.0999984741211,98.30000305175781,100.0999984741211,1050246
2020-04-29,101.12000274658203,101.69999694824219,99.4000015258789,100.0,2746729
2020-04-30,104.18000030517578,104.69000244140625,101.61000061035156,102.0,3783682
2020-05-04,98.80000305175781,104.20999908447266,98.12000274658203,104.18000030517578,4248986
2020-05-05,97.6500015258789,102.5,92.9000015258789,95.80000305175781,2950518
2020-05-06,98.5,99.0,96.76000213623047,98.5,1654503
2020-05-07,97.5999984741211,99.0,97.0999984741211,98.05000305175781,1921850
2020-05-08,98.12000274658203,99.36000061035156,98.0,98.48999786376953,871200
2020-05-11,98.20999908447266,99.97000122070312,98.01000213623047,98.98999786376953,1212126
2020-05-12,97.95999908447266,98.8499984741211,96.20999908447266,98.19000244140625,1596323
2020-05-13,99.69000244140625,106.80000305175781,95.9000015258789,95.9000015258789,3330046
2020-05-14,97.41999816894531,99.38999938964844,97.11000061035156,97.69999694824219,1975805
2020-05-15,97.08000183105469,98.9000015258789,96.37000274658203,97.5,2010254
2020-05-18,93.93000030517578,97.9000015258789,93.75,97.8499984741211,4744785
2020-05-19,94.33999633789062,95.98999786376953,94.19999694824219,95.01000213623047,3341472
2020-05-20,96.25,96.79000091552734,94.0199966430664,95.6500015258789,1980862
2020-05-21,96.69000244140625,97.45999908447266,95.5,97.44999694824219,1286795
2020-05-22,96.11000061035156,99.0,94.80000305175781,99.0,1872380
2020-05-26,96.20999908447266,98.0,84.5999984741211,98.0,2194246
2020-05-27,98.5999984741211,98.79000091552734,95.5199966430664,96.94999694824219,2916839
2020-05-28,100.37000274658203,100.69999694824219,98.69999694824219,98.94999694824219,2933846
2020-05-29,101.37999725341797,101.76000213623047,98.80000305175781,99.9000015258789,2556487
2020-06-01,104.41999816894531,105.27999877929688,102.0,102.0,3862486
2020-06-02,105.88999938964844,106.0,95.0,102.0,2967917
2020-06-03,106.36000061035156,107.83999633789062,106.11000061035156,106.87999725341797,3693773
2020-06-04,106.2699966430664,107.16999816894531,105.0999984741211,106.36000061035156,2256015
2020-06-05,107.66000366210938,107.94999694824219,106.25,106.2699966430664,1847782
2020-06-08,108.0999984741211,109.44999694824219,107.66999816894531,108.5,2765914
2020-06-09,106.8499984741211,109.0999984741211,106.5999984741211,109.0,2356586
2020-06-10,107.5199966430664,107.9000015258789,104.20999908447266,107.4000015258789,1833936
2020-06-11,105.30000305175781,107.87999725341797,105.11000061035156,107.05000305175781,2105891
2020-06-12,105.72000122070312,105.91000366210938,102.19999694824219,103.87000274658203,4921933
2020-06-15,104.51000213623047,105.72000122070312,103.38999938964844,105.6500015258789,3330215
2020-06-16,105.20999908447266,106.87000274658203,103.37000274658203,106.25,3829031
2020-06-17,104.91999816894531,106.0,104.31999969482422,104.93000030517578,4345818
2020-06-18,106.97000122070312,107.19999694824219,104.0999984741211,105.37999725341797,2874162
2020-06-19,108.79000091552734,109.0,106.0999984741211,107.80000305175781,4181289
2020-06-22,109.55999755859375,110.29000091552734,108.70999908447266,109.80000305175781,3664305
2020-06-23,111.0,111.27999877929688,109.25,110.0,3164075
2020-06-24,109.52999877929688,111.91000366210938,109.22000122070312,111.0,4180669
2020-06-25,109.05000305175781,109.94999694824219,108.01000213623047,109.0,5601668
2020-06-26,110.23999786376953,110.5999984741211,109.33000183105469,109.58000183105469,2440079
2020-06-29,109.73999786376953,111.0999984741211,108.72000122070312,110.23999786376953,1966389
2020-06-30,109.5199966430664,110.94999694824219,109.25,110.94999694824219,1667919
2020-07-01,111.04000091552734,111.19999694824219,108.75,110.91999816894531,1781342
2020-07-02,112.0999984741211,112.47000122070312,111.11000061035156,111.11000061035156,2697856
2020-07-03,112.51000213623047,112.88999938964844,112.13999938964844,112.6500015258789,1736490
2020-07-06,114.27999877929688,114.55999755859375,112.80000305175781,113.87999725341797,2874049
2020-07-07,114.6500015258789,114.97000122070312,113.43000030517578,114.27999877929688,2472941
2020-07-08,113.8499984741211,115.19999694824219,113.5999984741211,114.6500015258789,1888826
2020-07-09,115.06999969482422,115.19999694824219,113.8499984741211,113.8499984741211,1791188
2020-07-10,114.37999725341797,115.06999969482422,113.86000061035156,114.0999984741211,1703310
2020-07-13,114.86000061035156,117.0,114.26000213623047,117.0,2318031
2020-07-14,112.93000030517578,115.0999984741211,112.4000015258789,114.79000091552734,3298092
2020-07-15,112.97000122070312,114.98999786376953,112.61000061035156,113.98999786376953,3082694
2020-07-16,114.08000183105469,114.23999786376953,112.52999877929688,113.98999786376953,1849501
2020-07-17,115.80999755859375,116.16999816894531,114.1500015258789,114.9000015258789,2349481
2020-07-20,117.05999755859375,118.0,116.05000305175781,116.0999984741211,2990564
2020-07-21,118.54000091552734,118.7300033569336,116.80000305175781,117.16000366210938,3251989
2020-07-22,118.11000061035156,119.19999694824219,117.3499984741211,119.0,2531693
2020-07-23,119.08000183105469,119.19999694824219,117.11000061035156,118.9800033569336,1948030
2020-07-24,118.98999786376953,119.30000305175781,117.70999908447266,118.30000305175781,2172268
2020-07-27,118.38999938964844,119.94999694824219,118.0,118.98999786376953,1759243
2020-07-28,120.0199966430664,120.19000244140625,117.69999694824219,119.25,1684385
2020-07-29,119.26000213623047,135.60000610351562,118.80000305175781,135.60000610351562,1794840
2020-07-30,117.95999908447266,120.44999694824219,117.79000091552734,120.44999694824219,1906742
2020-07-31,118.0199966430664,118.5999984741211,116.01000213623047,116.01000213623047,1481516
2020-08-03,116.16999816894531,119.5,116.05000305175781,118.0199966430664,2746972
2020-08-04,118.0,118.1500015258789,116.25,116.30000305175781,1291694
2020-08-05,118.02999877929688,119.23999786376953,117.63999938964844,118.0199966430664,1407090
2020-08-06,119.0199966430664,119.68000030517578,118.18000030517578,118.94999694824219,1615399
2020-08-07,119.3499984741211,119.6500015258789,118.16000366210938,119.5999984741211,776576
2020-08-10,119.97000122070312,120.38999938964844,119.0999984741211,119.0999984741211,1036138
2020-08-11,120.44000244140625,120.9800033569336,120.05000305175781,120.9000015258789,755382
2020-08-12,120.33000183105469,120.75,119.2699966430664,120.25,892620
2020-08-13,120.48999786376953,121.44000244140625,119.91000366210938,121.2699966430664,1022353
2020-08-14,119.26000213623047,121.2699966430664,118.33000183105469,121.0,1546537
2020-08-17,119.87999725341797,120.9000015258789,119.0,120.44999694824219,1696680
2020-08-18,120.97000122070312,121.06999969482422,119.30000305175781,120.1500015258789,1675189
2020-08-19,121.12999725341797,122.5,121.0,122.5,3338356
2020-08-20,120.41999816894531,120.81999969482422,119.33000183105469,120.44999694824219,4239875
2020-08-21,121.11000061035156,121.98999786376953,120.5,121.98999786376953,684750
2020-08-24,122.0,139.3000030517578,121.11000061035156,122.48999786376953,1136194
2020-08-25,121.93000030517578,124.98999786376953,121.36000061035156,122.9800033569336,975015
2020-08-26,122.75,135.0,121.80000305175781,135.0,965666
2020-08-27,122.91000366210938,139.0,122.55000305175781,139.0,1149699
2020-08-28,124.04000091552734,129.0,122.9000015258789,129.0,1532042
2020-08-31,121.02999877929688,139.0,120.44999694824219,139.0,3949062
2020-09-01,122.1500015258789,134.8800048828125,120.0,134.8800048828125,1354038
2020-09-02,122.75,125.0,121.55999755859375,125.0,1206221
2020-09-03,122.7300033569336,129.8800048828125,122.11000061035156,129.8800048828125,990151
2020-09-04,121.12000274658203,122.05000305175781,102.26000213623047,121.25,1497942
2020-09-07,121.2699966430664,134.8800048828125,119.0,134.8800048828125,1011218
2020-09-08,120.8499984741211,133.8800048828125,120.6500015258789,133.8800048828125,1193139
2020-09-09,120.33999633789062,120.75,115.05000305175781,120.75,1567827
2020-09-10,121.94000244140625,129.0,116.80000305175781,129.0,1180882
2020-09-11,122.12999725341797,134.8800048828125,121.54000091552734,134.8800048828125,1149380
2020-09-14,122.12999725341797,127.0,121.5199966430664,127.0,1051377
2020-09-15,122.9000015258789,127.0,122.0999984741211,127.0,1137606
2020-09-16,123.70999908447266,141.3000030517578,120.0,141.3000030517578,1142239
2020-09-17,122.72000122070312,125.66000366210938,122.0,125.66000366210938,886681
2020-09-18,122.66000366210938,130.0,111.69999694824219,130.0,631382
2020-09-21,119.91999816894531,127.4000015258789,118.8499984741211,127.4000015258789,1765426
2020-09-22,118.91000366210938,125.0,115.0,115.0,1654611
2020-09-23,118.94999694824219,130.0,117.80000305175781,130.0,1291468
2020-09-24,115.76000213623047,120.0,115.55999755859375,120.0,2545877
2020-09-25,117.87000274658203,118.11000061035156,115.0,116.8499984741211,1640520
2020-09-28,119.75,120.0,117.91000366210938,120.0,1311060
2020-09-29,119.81999969482422,130.0,119.41000366210938,130.0,1496013
2020-09-30,119.93000030517578,122.41999816894531,118.55000305175781,122.0,1045812
2020-10-01,121.61000061035156,121.73999786376953,119.72000122070312,120.5,1429823
2020-10-05,122.37999725341797,125.0,120.05000305175781,125.0,2450876
2020-10-06,124.02999877929688,124.19999694824219,120.0,124.0,1563246
2020-10-07,124.88999938964844,127.44999694824219,116.5999984741211,127.44999694824219,1645537
2020-10-08,125.91000366210938,127.0,123.30000305175781,127.0,2178562
2020-10-09,126.98999786376953,130.0,125.69999694824219,130.0,2170213
2020-10-12,126.95999908447266,128.10000610351562,124.0,124.0,2384129
2020-10-13,127.0199966430664,130.0,126.0,129.0,1505033
2020-10-14,127.41999816894531,127.69000244140625,125.80000305175781,127.55000305175781,1702320
2020-10-15,124.80999755859375,128.0,124.0,128.0,3685080
2020-10-16,125.62000274658203,125.91999816894531,124.5999984741211,125.44000244140625,2100993
2020-10-19,126.80999755859375,130.0,124.61000061035156,130.0,1702514
2020-10-20,126.7699966430664,130.0,125.25,130.0,1244029
2020-10-21,126.9800033569336,130.0,125.41000366210938,130.0,1714840
2020-10-22,126.7300033569336,128.0,126.0,128.0,1185727
2020-10-23,127.11000061035156,128.0,126.7300033569336,128.0,1099448
2020-10-26,125.80999755859375,146.1999969482422,125.19999694824219,146.1999969482422,1653723
2020-10-27,126.80999755859375,129.99000549316406,109.5,109.5,1375549
2020-10-28,125.4000015258789,145.8000030517578,119.19999694824219,119.19999694824219,1802721
2020-10-29,124.72000122070312,139.0,124.0,129.5,1442980
2020-10-30,124.56999969482422,138.0,123.4000015258789,130.0,1694273
2020-11-02,124.37000274658203,127.69000244140625,123.4000015258789,127.69000244140625,2026545
2020-11-03,126.01000213623047,126.23999786376953,124.05000305175781,126.0,1278806
2020-11-04,127.02999877929688,139.0,114.69999694824219,139.0,1720136
2020-11-05,129.1199951171875,133.0,127.51000213623047,133.0,1799777
2020-11-06,130.61000061035156,130.8000030517578,126.51000213623047,129.0,2090661
2020-11-09,132.72999572753906,133.0,131.16000366210938,132.0,1575611
2020-11-10,134.72000122070312,144.6999969482422,132.94000244140625,144.6999969482422,2844216
2020-11-11,135.8300018310547,154.89999389648438,122.5999984741211,154.89999389648438,2626835
2020-11-12,135.25999450683594,144.6999969482422,134.64999389648438,144.6999969482422,1464974
2020-11-13,135.7899932861328,140.0,130.0,140.0,1675631
2020-11-14,136.39999389648438,140.0,123.5999984741211,123.5999984741211,901758
2020-11-17,137.38999938964844,154.8800048828125,136.50999450683594,154.8800048828125,2497489
2020-11-18,137.89999389648438,149.8800048828125,136.0,136.0,1932468
2020-11-19,136.25,143.8800048828125,120.0,120.0,2243961
2020-11-20,137.0,137.3300018310547,135.0,137.0,1597557
2020-11-23,137.75999450683594,149.0,136.6199951171875,149.0,1987751
2020-11-24,139.3800048828125,147.8800048828125,129.5,147.8800048828125,2727726
2020-11-25,137.38999938964844,154.74000549316406,137.1999969482422,154.74000549316406,2261085
2020-11-26,138.24000549316406,144.0,136.60000610351562,144.0,7689852
2020-11-27,138.3800048828125,150.0,133.0399932861328,150.0,1273581
2020-12-01,139.7899932861328,149.6999969482422,133.10000610351562,149.6999969482422,1452032
2020-12-02,139.9600067138672,154.0,138.60000610351562,154.0,1203053
2020-12-03,140.1199951171875,143.0,139.91000366210938,141.22999572753906,1344091
2020-12-04,141.27000427246094,143.1999969482422,139.9499969482422,143.1999969482422,1151089
2020-12-07,142.2899932861328,143.0,140.5,143.0,2265003
2020-12-08,142.86000061035156,154.0,141.3000030517578,154.0,1588215
2020-12-09,144.41000366210938,146.0,140.5,146.0,1490549
2020-12-10,143.82000732421875,154.0,143.0,154.0,1541066
2020-12-11,143.92999267578125,148.0,142.8000030517578,148.0,1557017
2020-12-14,144.32000732421875,145.6999969482422,143.4499969482422,144.99000549316406,2254461
2020-12-15,144.61000061035156,146.0,143.39999389648438,146.0,1565759
2020-12-16,145.82000732421875,159.0,144.0,159.0,1258149
2020-12-17,146.55999755859375,154.8000030517578,145.55999755859375,154.8000030517578,1116175
2020-12-18,146.9600067138672,159.0,145.39999389648438,159.0,1745336
2020-12-21,142.5,146.9600067138672,140.5500030517578,146.94000244140625,3192127
2020-12-22,143.82000732421875,146.39999389648438,129.6999969482422,146.39999389648438,2462353
2020-12-23,145.1199951171875,145.30999755859375,143.27999877929688,143.9499969482422,1280315
2020-12-24,146.52000427246094,154.6999969482422,144.4499969482422,154.6999969482422,1837640
2020-12-28,147.77999877929688,159.0,146.25,159.0,1362994
2020-12-29,148.77000427246094,148.9499969482422,148.10000610351562,148.39999389648438,1639088
2020-12-30,149.27000427246094,149.5,148.10000610351562,149.41000366210938,1664595
2020-12-31,149.07000732421875,149.9499969482422,148.14999389648438,148.14999389648438,1513100
2021-01-01,149.57000732421875,159.67999267578125,147.64999389648438,159.67999267578125,767502
2021-01-04,150.7100067138672,150.89999389648438,148.9499969482422,150.58999633789062,1729074
2021-01-05,151.3000030517578,159.6999969482422,149.75,159.6999969482422,2248517
2021-01-06,151.22000122070312,159.6999969482422,145.5800018310547,159.6999969482422,1890161
2021-01-07,151.1999969482422,155.0,151.00999450683594,155.0,1184831
2021-01-08,152.8800048828125,168.8800048828125,151.72999572753906,168.8800048828125,1488219
2021-01-11,154.3800048828125,159.6999969482422,153.11000061035156,158.0,1714620
2021-01-12,155.32000732421875,155.47000122070312,153.89999389648438,154.44000244140625,1645477
2021-01-13,155.60000610351562,156.14999389648438,154.30999755859375,156.14999389648438,1524163
2021-01-14,155.75999450683594,155.9199981689453,154.52000427246094,155.5,1242536
2021-01-15,154.11000061035156,155.9499969482422,153.5,155.9499969482422,2219346
2021-01-18,152.55999755859375,164.8000030517578,152.0800018310547,160.25,2172716
2021-01-19,155.4499969482422,155.60000610351562,153.32000732421875,153.89999389648438,1986752
2021-01-20,156.75,156.85000610351562,155.1199951171875,155.4199981689453,1574034
2021-01-21,156.02000427246094,169.6999969482422,155.33999633789062,169.6999969482422,1966764
2021-01-22,153.91000366210938,156.99000549316406,153.6999969482422,156.97999572753906,2013987
2021-01-25,152.4600067138672,174.8800048828125,152.22000122070312,174.8800048828125,1877148
2021-01-27,149.47999572753906,157.6999969482422,140.1999969482422,157.6999969482422,3099586
2021-01-28,147.99000549316406,149.0,147.0,149.0,3724096
2021-01-29,146.10000610351562,164.74000549316406,145.60000610351562,164.74000549316406,4019948
2021-02-01,152.52000427246094,153.0,146.24000549316406,150.0,5752457
2021-02-02,156.10000610351562,162.0,153.1199951171875,154.3300018310547,5401586
2021-02-03,157.66000366210938,164.39999389648438,155.2100067138672,164.39999389648438,3184291
2021-02-04,158.69000244140625,174.6999969482422,156.50999450683594,174.6999969482422,2597296
2021-02-05,159.0500030517578,159.99000549316406,158.47999572753906,159.27000427246094,2162707
2021-02-08,161.02999877929688,179.6999969482422,159.35000610351562,179.6999969482422,3414992
2021-02-09,161.22999572753906,162.6999969482422,160.75999450683594,161.6699981689453,2186027
2021-02-10,161.4600067138672,161.9199981689453,160.14999389648438,161.8300018310547,2086456
2021-02-11,162.05999755859375,162.63999938964844,160.94000244140625,161.1699981689453,1130555
2021-02-12,162.1699981689453,162.6999969482422,161.3000030517578,162.35000610351562,1471633
2021-02-15,163.92999267578125,165.0,159.75,163.1699981689453,1390282
2021-02-16,163.5399932861328,169.8800048828125,162.7100067138672,169.8800048828125,2808707
2021-02-17,162.58999633789062,164.97999572753906,162.00999450683594,164.97999572753906,1633793
2021-02-18,161.88999938964844,172.58999633789062,161.57000732421875,172.58999633789062,1466832
2021-02-19,160.4199981689453,164.19000244140625,159.5500030517578,161.57000732421875,1924382
2021-02-22,157.17999267578125,162.19000244140625,156.7100067138672,160.75,4266735
2021-02-23,157.58999633789062,164.60000610351562,157.10000610351562,158.69000244140625,3376578
2021-02-24,160.14999389648438,163.85000610351562,157.10000610351562,157.58999633789062,1694856
2021-02-25,161.8699951171875,162.38999938964844,160.82000732421875,161.4600067138672,2078898
2021-02-26,156.14999389648438,163.6199951171875,154.5500030517578,157.0,6394687
2021-03-01,158.00999450683594,161.99000549316406,156.8000030517578,161.99000549316406,2262115
2021-03-02,159.57000732421875,159.99000549316406,158.00999450683594,159.41000366210938,1674905
2021-03-03,162.97999572753906,163.30999755859375,160.38999938964844,161.13999938964844,2774589
2021-03-04,161.1999969482422,165.0,160.0,165.0,1760533
2021-03-05,159.66000366210938,161.17999267578125,158.3000030517578,160.3300018310547,2004187
2021-03-08,160.0399932861328,183.60000610351562,159.66000366210938,163.63999938964844,1419094
2021-03-09,161.47000122070312,161.8000030517578,159.85000610351562,161.17999267578125,1483026
2021-03-10,162.16000366210938,164.94000244140625,161.55999755859375,164.94000244140625,1026447
2021-03-12,160.6300048828125,163.99000549316406,159.88999938964844,163.99000549316406,2695163
2021-03-15,159.9600067138672,161.00999450683594,158.10000610351562,161.0,2726411
2021-03-16,159.7899932861328,164.60000610351562,159.0,163.19000244140625,1194883
2021-03-17,157.8800048828125,183.47999572753906,157.52000427246094,183.47999572753906,2020012
2021-03-18,156.1199951171875,159.49000549316406,155.30999755859375,159.49000549316406,2566012
2021-03-19,157.8699951171875,158.58999633789062,153.86000061035156,158.58999633789062,2989141
2021-03-22,157.3300018310547,178.8800048828125,137.3000030517578,178.8800048828125,2249076
2021-03-23,158.35000610351562,178.47999572753906,157.16000366210938,178.47999572753906,2196154
2021-03-24,156.08999633789062,174.8800048828125,155.91000366210938,174.8800048828125,2880134
2021-03-25,153.86000061035156,156.5500030517578,153.25,156.52999877929688,4619262
2021-03-26,155.2100067138672,183.47999572753906,154.11000061035156,183.47999572753906,3133917
2021-03-30,158.4199981689453,179.8800048828125,153.80999755859375,179.8800048828125,3007505
2021-03-31,157.16000366210938,177.47999572753906,156.8000030517578,177.47999572753906,1770531
2021-04-01,158.6999969482422,177.0,137.0500030517578,137.0500030517578,1753952
2021-04-05,156.9600067138672,174.0,155.00999450683594,156.00999450683594,3825031
2021-04-06,157.38999938964844,159.97999572753906,152.10000610351562,152.3000030517578,1679649
2021-04-07,158.82000732421875,159.39999389648438,155.61000061035156,159.39999389648438,1490166
2021-04-08,158.8699951171875,160.0,154.10000610351562,159.8000030517578,1387673
2021-04-09,158.77999877929688,159.60000610351562,158.10000610351562,159.60000610351562,919771
2021-04-12,154.0800018310547,179.8800048828125,150.10000610351562,179.8800048828125,6958023
2021-04-13,155.5,174.8800048828125,153.4499969482422,174.8800048828125,2306251
2021-04-15,155.92999267578125,174.8800048828125,152.41000366210938,174.8800048828125,1757440
2021-04-16,156.4199981689453,157.17999267578125,154.4499969482422,154.9499969482422,1128520
2021-04-19,154.08999633789062,156.22999572753906,151.77000427246094,156.17999267578125,2725967
2021-04-20,153.2899932861328,156.49000549316406,132.0,132.0,2219957
2021-04-22,154.27000427246094,169.8300018310547,151.9199981689453,169.8300018310547,1575936
2021-04-23,153.86000061035156,161.0,151.25,161.0,1497148
2021-04-26,155.1699981689453,158.39999389648438,153.91000366210938,158.39999389648438,1445359
2021-04-27,156.8300018310547,163.0,152.35000610351562,163.0,1034413
2021-04-28,158.89999389648438,159.08999633789062,155.36000061035156,158.63999938964844,1587740
2021-04-29,159.10000610351562,161.13999938964844,157.80999755859375,161.13999938964844,1997771
2021-04-30,157.0,158.67999267578125,155.14999389648438,157.94000244140625,1610283
2021-05-03,156.97000122070312,157.4199981689453,154.55999755859375,156.49000549316406,1531614
2021-05-04,155.5500030517578,164.0,155.14999389648438,164.0,1378826
2021-05-05,156.80999755859375,158.89999389648438,151.35000610351562,158.89999389648438,1411068
2021-05-06,157.5399932861328,163.5,156.1999969482422,163.5,1048532
2021-05-07,158.52999877929688,159.39999389648438,155.1999969482422,159.39999389648438,1347683
2021-05-10,159.69000244140625,160.39999389648438,158.5500030517578,160.39999389648438,1811054
2021-05-11,158.94000244140625,159.30999755859375,157.74000549316406,159.1999969482422,1280124
2021-05-12,157.69000244140625,161.89999389648438,157.24000549316406,161.89999389648438,1450842
2021-05-14,157.47000122070312,169.0,156.57000732421875,158.99000549316406,1800545
2021-05-17,159.52000427246094,159.72000122070312,155.60000610351562,155.60000610351562,1344415
2021-05-18,161.3699951171875,161.89999389648438,160.0,161.89999389648438,1913546
2021-05-19,160.6699981689453,162.89999389648438,160.0,161.3699951171875,1259712
2021-05-20,159.63999938964844,169.0,159.41000366210938,169.0,1095072
2021-05-21,162.10000610351562,174.89999389648438,159.75,174.89999389648438,1585589
2021-05-24,162.42999267578125,170.0,161.30999755859375,170.0,1408268
2021-05-25,162.52999877929688,178.8800048828125,162.00999450683594,178.8800048828125,1045055
2021-05-26,163.4600067138672,170.0,150.8000030517578,170.0,1121397
2021-05-27,164.1199951171875,170.0,162.22999572753906,170.0,1459534
2021-05-28,165.02000427246094,168.89999389648438,164.0,168.89999389648438,1536434
2021-05-31,166.7899932861328,179.0,155.10000610351562,179.0,1664143
2021-06-01,166.8800048828125,179.0,166.4199981689453,179.0,1595004
2021-06-02,167.2899932861328,167.60000610351562,164.41000366210938,166.75,932798
2021-06-03,168.1699981689453,177.6999969482422,167.3000030517578,167.3000030517578,1011967
2021-06-04,168.14999389648438,174.89999389648438,159.0,174.89999389648438,1058387
2021-06-07,168.6300048828125,174.39999389648438,168.14999389648438,174.39999389648438,1733382
2021-06-08,168.57000732421875,169.63999938964844,167.1999969482422,169.63999938964844,695044
2021-06-09,167.58999633789062,174.39999389648438,159.3000030517578,174.39999389648438,1198930
2021-06-10,168.60000610351562,174.38999938964844,165.0500030517578,174.38999938964844,687667
2021-06-11,169.3300018310547,173.89999389648438,167.1999969482422,173.89999389648438,1395622
2021-06-14,169.55999755859375,174.8800048828125,166.3000030517578,174.8800048828125,1875312
2021-06-15,170.27000427246094,174.39999389648438,169.0,173.97999572753906,720652
2021-06-16,169.69000244140625,174.39999389648438,169.3000030517578,173.94000244140625,1152832
2021-06-17,168.7899932861328,179.0,168.10000610351562,179.0,1063422
2021-06-18,168.6699981689453,169.8000030517578,166.4499969482422,168.86000061035156,1658740
2021-06-21,169.07000732421875,169.38999938964844,166.5,168.0,1931684
2021-06-22,169.41000366210938,183.47999572753906,169.10000610351562,183.47999572753906,1140000
2021-06-23,168.67999267578125,173.8000030517578,168.5,173.8000030517578,1054283
2021-06-24,169.67999267578125,184.8800048828125,168.10000610351562,184.8800048828125,868516
2021-06-25,170.39999389648438,170.67999267578125,165.0,170.67999267578125,1087315
2021-06-28,169.85000610351562,173.5,169.8000030517578,170.39999389648438,1404615
2021-06-29,169.3300018310547,184.42999267578125,166.66000366210938,184.42999267578125,1121228
2021-06-30,169.1300048828125,173.35000610351562,160.14999389648438,173.35000610351562,846600
2021-07-01,168.9199981689453,173.4499969482422,168.50999450683594,173.4499969482422,1040915
2021-07-02,169.33999633789062,171.85000610351562,167.5500030517578,171.85000610351562,843371
2021-07-05,170.1300048828125,173.8800048828125,166.5,172.39999389648438,1200342
2021-07-06,170.1699981689453,171.0,168.75,170.89999389648438,949072
2021-07-07,170.4600067138672,172.25,169.13999938964844,172.25,715925
2021-07-08,169.47000122070312,180.6999969482422,169.02000427246094,172.1999969482422,1285484
2021-07-09,169.07000732421875,173.39999389648438,168.5,173.39999389648438,1420007
2021-07-12,169.0399932861328,176.38999938964844,165.1699981689453,176.38999938964844,842741
2021-07-13,170.1699981689453,172.85000610351562,169.25,172.85000610351562,607828
2021-07-14,170.60000610351562,172.35000610351562,166.5500030517578,172.35000610351562,699257
2021-07-15,171.27999877929688,184.89999389648438,169.5,184.89999389648438,765208
2021-07-16,171.41000366210938,173.1999969482422,151.6999969482422,173.1999969482422,610263
2021-07-19,169.77000427246094,174.94000244140625,169.02000427246094,174.94000244140625,1366502
2021-07-20,168.5399932861328,184.8300018310547,167.9600067138672,184.8300018310547,2191600
2021-07-22,170.36000061035156,172.60000610351562,168.80999755859375,172.60000610351562,895788
2021-07-23,170.57000732421875,172.77999877929688,166.0500030517578,172.77999877929688,997334
2021-07-26,170.27999877929688,174.83999633789062,169.10000610351562,174.83999633789062,1124977
2021-07-27,169.67999267578125,174.74000549316406,169.24000549316406,174.74000549316406,1005585
2021-07-28,169.33999633789062,172.5500030517578,167.39999389648438,172.5500030517578,1800475
2021-07-29,169.9499969482422,170.9499969482422,168.4499969482422,170.25,553884
2021-07-30,169.69000244140625,179.89999389648438,135.50999450683594,179.89999389648438,991454
2021-08-02,171.0,174.69000244140625,170.0,174.69000244140625,953704
2021-08-03,173.27000427246094,173.39999389648438,161.0,172.5800018310547,1725861
2021-08-04,174.6699981689453,175.0,173.14999389648438,174.75,1283417
2021-08-05,175.1300048828125,177.39999389648438,172.5500030517578,177.39999389648438,1016990
2021-08-06,174.85000610351562,188.75,174.64999389648438,188.75,763764
2021-08-09,175.41000366210938,177.8000030517578,170.14999389648438,177.8000030517578,717383
2021-08-10,175.6300048828125,176.25,174.82000732421875,175.89999389648438,772380
2021-08-11,175.3699951171875,188.9499969482422,160.14999389648438,188.9499969482422,958183
2021-08-12,176.1699981689453,176.6999969482422,174.5500030517578,176.6999969482422,793639
2021-08-13,177.94000244140625,189.8000030517578,175.5500030517578,189.8000030517578,1213494
2021-08-16,178.60000610351562,179.89999389648438,176.60000610351562,179.89999389648438,758499
2021-08-17,178.91000366210938,182.44000244140625,155.39999389648438,182.44000244140625,733550
2021-08-18,178.75999450683594,194.75,174.6300048828125,194.75,1545056
2021-08-20,177.32000732421875,194.0,176.0800018310547,194.0,1825110
2021-08-23,178.10000610351562,193.42999267578125,177.0,193.42999267578125,899824
2021-08-24,179.4600067138672,188.42999267578125,167.4499969482422,188.42999267578125,801419
2021-08-25,179.47000122070312,193.9499969482422,179.1999969482422,193.9499969482422,640105
2021-08-26,179.52000427246094,190.0,179.0,190.0,822706
2021-08-27,180.24000549316406,184.8300018310547,168.6999969482422,184.8300018310547,773596
2021-08-30,182.57000732421875,187.9499969482422,179.3000030517578,187.9499969482422,1108398
2021-08-31,184.5500030517578,193.42999267578125,182.00999450683594,193.42999267578125,1826619
2021-09-01,184.30999755859375,187.6999969482422,171.16000366210938,187.6999969482422,2863644
2021-09-02,185.9600067138672,186.0,180.25,185.25,887174
2021-09-03,186.91000366210938,193.38999938964844,172.30999755859375,172.30999755859375,1329680
2021-09-06,187.5500030517578,188.4499969482422,186.9600067138672,186.9600067138672,1038640
2021-09-07,187.1699981689453,188.39999389648438,186.60000610351562,187.9499969482422,855784
2021-09-08,187.13999938964844,188.44000244140625,186.35000610351562,188.44000244140625,1193553
2021-09-09,187.4199981689453,193.38999938964844,186.0500030517578,193.38999938964844,541346
2021-09-13,187.11000061035156,188.1999969482422,186.4499969482422,188.1999969482422,1223906
2021-09-14,187.5399932861328,214.8300018310547,180.16000366210938,214.8300018310547,738023
2021-09-15,189.00999450683594,192.35000610351562,163.1999969482422,163.1999969482422,671943
2021-09-16,190.22000122070312,191.9499969482422,188.60000610351562,191.9499969482422,775593
2021-09-17,189.82000732421875,195.38999938964844,173.10000610351562,173.10000610351562,1221723
2021-09-20,187.86000061035156,190.24000549316406,187.39999389648438,187.4499969482422,1422295
2021-09-21,189.66000366210938,199.64999389648438,187.1199951171875,199.64999389648438,4120688
2021-09-22,189.69000244140625,192.83999633789062,189.05999755859375,192.83999633789062,4307400
2021-09-23,192.2899932861328,194.39999389648438,190.0,194.39999389648438,1010781
2021-09-24,192.6300048828125,197.39999389648438,188.0,197.39999389648438,1273255
2021-09-27,192.7899932861328,204.74000549316406,183.66000366210938,204.74000549316406,1562160
2021-09-28,191.44000244140625,221.6999969482422,189.86000061035156,221.6999969482422,2048952
2021-09-29,191.14999389648438,209.0,174.1999969482422,174.1999969482422,947847
2021-09-30,190.11000061035156,197.44000244140625,189.1999969482422,197.44000244140625,1268872
2021-10-01,189.22000122070312,193.5,188.4199981689453,193.5,1588636
2021-10-04,191.02999877929688,197.38999938964844,187.0500030517578,187.0500030517578,1077774
2021-10-05,192.1999969482422,192.3000030517578,189.6999969482422,191.64999389648438,1027571
2021-10-06,190.19000244140625,199.38999938964844,187.10000610351562,199.38999938964844,1363144
2021-10-07,191.82000732421875,193.07000732421875,187.0500030517578,187.0500030517578,791922
2021-10-08,192.5800018310547,197.44000244140625,190.14999389648438,197.44000244140625,995591
2021-10-11,193.08999633789062,194.0,167.5,193.1199951171875,980337
2021-10-12,193.66000366210938,219.8000030517578,182.60000610351562,219.8000030517578,977091
2021-10-13,195.55999755859375,204.85000610351562,185.25,204.85000610351562,964360
2021-10-14,197.11000061035156,205.27999877929688,195.75,205.27999877929688,1437892
2021-10-18,198.91000366210938,207.38999938964844,195.75,207.38999938964844,1286340
2021-10-19,198.41000366210938,207.8000030517578,197.99000549316406,198.16000366210938,1401551
2021-10-20,197.3000030517578,202.38999938964844,196.4600067138672,202.38999938964844,1250249
2021-10-21,196.0800018310547,201.44000244140625,190.0500030517578,201.44000244140625,1805437
2021-10-22,195.67999267578125,199.85000610351562,194.77999877929688,199.85000610351562,1652430
2021-10-25,195.7100067138672,198.64999389648438,194.05999755859375,198.64999389648438,1765164
2021-10-26,197.1300048828125,199.38999938964844,194.0500030517578,199.38999938964844,1534000
2021-10-27,196.5399932861328,203.38999938964844,194.10000610351562,203.38999938964844,617383
2021-10-28,193.67999267578125,209.0,192.97999572753906,209.0,3088059
2021-10-29,191.16000366210938,209.0,182.10000610351562,209.0,3221676
2021-11-01,193.83999633789062,208.8800048828125,191.36000061035156,208.8800048828125,1708376
2021-11-02,193.10000610351562,206.89999389648438,183.60000610351562,206.89999389648438,1283566
2021-11-03,192.5800018310547,200.0,190.10000610351562,200.0,955400
2021-11-04,193.58999633789062,207.8800048828125,185.11000061035156,207.8800048828125,671760
2021-11-08,195.3699951171875,200.0,192.60000610351562,200.0,1519865
2021-11-09,194.8800048828125,200.0,193.0,200.0,893324
2021-11-10,194.66000366210938,199.0,192.92999267578125,199.0,992035
2021-11-11,193.25,199.89999389648438,192.10000610351562,199.89999389648438,1515188
2021-11-12,195.4600067138672,198.0,191.25,198.0,783229
2021-11-15,195.52000427246094,199.5,190.0,199.5,996741
2021-11-16,194.47000122070312,199.5,194.14999389648438,199.5,814109
2021-11-17,193.52999877929688,199.5,192.10000610351562,199.5,688797
2021-11-18,192.13999938964844,197.44000244140625,191.3300018310547,197.44000244140625,1517958
2021-11-22,188.52999877929688,209.39999389648438,186.0,197.44000244140625,5172290
2021-11-23,189.39999389648438,193.39999389648438,177.1999969482422,193.39999389648438,3015629
2021-11-24,188.25,192.39999389648438,187.77999877929688,192.39999389648438,1530991
2021-11-25,189.50999450683594,189.85000610351562,187.1199951171875,188.6999969482422,1795882
2021-11-26,184.50999450683594,193.0,183.80999755859375,193.0,6059071
2021-11-29,184.5500030517578,187.66000366210938,180.10000610351562,187.66000366210938,2673261
2021-11-30,183.6999969482422,188.0,183.2100067138672,188.0,2393478
2021-12-01,185.72000122070312,187.5,183.10000610351562,187.5,1170241
2021-12-02,187.99000549316406,188.19000244140625,184.50999450683594,186.9199981689453,1486616
2021-12-03,186.0,192.5,185.75,192.5,1581371
2021-12-06,183.00999450683594,192.39999389648438,182.8000030517578,192.39999389648438,2784801
2021-12-07,185.7100067138672,190.0,180.10000610351562,190.0,1224647
2021-12-08,188.47999572753906,191.0,185.7100067138672,191.0,1425972
2021-12-09,189.13999938964844,192.5,187.16000366210938,192.5,1108273
2021-12-10,189.08999633789062,192.5,185.0,185.0,994683
2021-12-13,187.89999389648438,192.39999389648438,187.60000610351562,192.39999389648438,1528129
2021-12-14,187.3300018310547,192.39999389648438,184.91000366210938,188.14999389648438,1054763
2021-12-15,186.25,192.0,185.4499969482422,192.0,1079759
2021-12-16,186.6199951171875,190.0,185.0,190.0,1960645
2021-12-17,183.77000427246094,190.0,182.0,190.0,3432337
2021-12-20,179.92999267578125,187.5,177.85000610351562,187.5,11424477
2021-12-21,181.4499969482422,185.0,180.0,185.0,2314192
2021-12-22,183.3300018310547,185.0,180.0500030517578,185.0,1263241
2021-12-23,184.10000610351562,187.5,183.5,187.5,2003481
2021-12-24,183.4499969482422,187.5,180.10000610351562,187.5,1561743
2021-12-27,184.5500030517578,187.49000549316406,178.0,187.49000549316406,1195033
2021-12-28,186.3000030517578,187.4499969482422,184.5500030517578,187.4499969482422,1823403
2021-12-29,186.1199951171875,188.89999389648438,182.5,188.89999389648438,1149172
2021-12-30,186.13999938964844,187.4499969482422,185.3000030517578,186.72000122070312,1554321
2021-12-31,187.7899932861328,188.77000427246094,185.14999389648438,188.0,2531648
2022-01-03,190.72000122070312,190.9499969482422,185.3000030517578,190.0,2595035
2022-01-04,192.4600067138672,198.91000366210938,189.1999969482422,198.91000366210938,1985741
2022-01-05,193.33999633789062,195.0,191.3000030517578,195.0,1532485
2022-01-06,191.9199981689453,193.0,190.75,193.0,2295715
2022-01-07,192.4199981689453,194.0,191.39999389648438,194.0,1164892
2022-01-10,194.35000610351562,194.5,192.4499969482422,193.6999969482422,2125975
2022-01-11,194.69000244140625,196.0,193.25,196.0,1055181
2022-01-12,196.1999969482422,197.5,195.0500030517578,197.5,1506313
2022-01-13,197.0,198.8000030517578,195.8000030517578,198.8000030517578,1965999
2022-01-14,197.36000061035156,199.85000610351562,195.5,199.85000610351562,1926983
2022-01-17,198.02999877929688,223.0,195.6999969482422,223.0,1655939
2022-01-18,195.97000122070312,199.0,195.60000610351562,199.0,1936923
2022-01-19,194.17999267578125,221.39999389648438,193.0,221.39999389648438,1947061
2022-01-20,192.17999267578125,195.8000030517578,191.10000610351562,195.8000030517578,3125434
2022-01-21,190.63999938964844,191.99000549316406,189.22000122070312,191.99000549316406,3135380
2022-01-24,185.7899932861328,196.8000030517578,184.0500030517578,196.8000030517578,9706128
2022-01-25,187.07000732421875,187.3800048828125,183.0500030517578,185.49000549316406,5883754
2022-01-27,185.3300018310547,194.0,182.6999969482422,194.0,5945584
2022-01-28,185.10000610351562,188.05999755859375,184.8000030517578,187.75,2774965
2022-01-31,187.6300048828125,199.8800048828125,185.25,199.8800048828125,2238333
2022-02-01,189.6999969482422,190.8000030517578,178.11000061035156,190.8000030517578,4046199
2022-02-02,192.1199951171875,194.0,189.6999969482422,194.0,2272990
2022-02-03,190.00999450683594,195.0,189.60000610351562,195.0,2498448
2022-02-04,189.58999633789062,193.0,189.00999450683594,193.0,3276311
2022-02-07,186.33999633789062,193.0,185.38999938964844,193.0,3745509
2022-02-08,186.80999755859375,190.0,184.5,190.0,2401848
2022-02-09,189.02999877929688,199.85000610351562,187.10000610351562,199.85000610351562,1253049
2022-02-10,190.11000061035156,191.5,188.5,191.5,3300794
2022-02-11,188.0,192.5,187.0,192.5,2152018
2022-02-14,182.58999633789062,187.5,182.3000030517578,187.5,7366629
2022-02-15,187.58999633789062,187.8800048828125,182.58999633789062,185.0,2687788
2022-02-16,187.13999938964844,190.0,186.4499969482422,190.0,2043037
2022-02-17,186.92999267578125,190.0,186.1699981689453,190.0,1415247
2022-02-18,186.63999938964844,190.0,183.3000030517578,183.3000030517578,1659566
2022-02-21,186.2899932861328,190.0,184.69000244140625,190.0,2084966
2022-02-22,185.27000427246094,186.0,182.69000244140625,186.0,4189474
2022-02-23,185.0500030517578,187.99000549316406,184.5800018310547,187.99000549316406,1460494
2022-02-24,178.36000061035156,189.9499969482422,177.0,180.60000610351562,19565577
2022-02-25,180.85000610351562,185.0,179.0,185.0,5674475
2022-02-28,181.83999633789062,189.8800048828125,176.10000610351562,189.8800048828125,4466025
2022-03-02,180.10000610351562,185.0,178.3000030517578,185.0,5163914
2022-03-03,178.86000061035156,184.89999389648438,178.3000030517578,184.89999389648438,3247919
2022-03-04,176.25999450683594,178.47999572753906,175.05999755859375,178.47999572753906,8765287
2022-03-07,172.3300018310547,176.89999389648438,171.25,176.89999389648438,13669797
2022-03-08,173.39999389648438,177.5500030517578,170.25999450683594,177.5500030517578,9202552
2022-03-09,176.97999572753906,180.0,173.14999389648438,180.0,4224355
2022-03-10,179.64999389648438,183.89999389648438,177.25,177.25,4577829
2022-03-11,179.97999572753906,183.0,177.16000366210938,183.0,2724636
2022-03-14,182.61000061035156,182.99000549316406,178.35000610351562,182.0,3096236
2022-03-15,180.60000610351562,185.0,179.50999450683594,185.0,2958912
2022-03-16,183.66000366210938,183.8000030517578,181.8000030517578,183.60000610351562,2288980
2022-03-17,186.7100067138672,188.0,185.1999969482422,188.0,4130440
2022-03-21,185.3800048828125,190.0,182.0,190.0,2590277
2022-03-22,187.33999633789062,193.75,184.1999969482422,189.0,2606331
2022-03-23,186.33999633789062,190.0,185.0,190.0,2584326
2022-03-24,186.08999633789062,198.0,177.8000030517578,198.0,2232760
2022-03-25,185.82000732421875,187.1199951171875,185.0,187.1199951171875,5968779
2022-03-28,186.32000732421875,188.1999969482422,184.3000030517578,188.1999969482422,3218703
2022-03-29,187.22000122070312,190.0,184.14999389648438,190.0,2197933
2022-03-30,188.91000366210938,191.5,187.75,191.5,3621150
2022-03-31,188.8699951171875,190.5,188.14999389648438,190.5,2204741
2022-04-01,190.47000122070312,190.9600067138672,185.0,189.94000244140625,14131760
2022-04-04,195.19000244140625,195.35000610351562,190.5,190.5,10721051
2022-04-05,194.5500030517578,197.14999389648438,194.10000610351562,196.74000549316406,5835051
2022-04-06,193.0,194.24000549316406,192.6999969482422,194.24000549316406,2181412
2022-04-07,191.25999450683594,193.0,191.05999755859375,193.0,2595043
2022-04-08,192.75999450683594,195.0,189.1300048828125,195.0,2055024
2022-04-11,191.6699981689453,193.5399932861328,191.0,193.5399932861328,3910874
2022-04-12,190.4199981689453,210.0,189.1999969482422,189.86000061035156,7386091
2022-04-13,189.5399932861328,195.0,189.3300018310547,195.0,3323040
2022-04-18,186.22999572753906,188.5500030517578,185.25,188.5500030517578,6161166
2022-04-19,183.67999267578125,187.6999969482422,182.39999389648438,185.0,4548205
2022-04-20,185.86000061035156,191.88999938964844,182.1999969482422,191.88999938964844,1850293
2022-04-21,188.10000610351562,209.5500030517578,184.41000366210938,209.5500030517578,1893836
2022-04-22,186.08999633789062,188.24000549316406,184.75,188.24000549316406,1826897
2022-04-25,183.86000061035156,186.69000244140625,183.25,186.69000244140625,3788167
2022-04-26,186.11000061035156,194.8800048828125,184.47000122070312,194.8800048828125,1293913
2022-04-27,184.77999877929688,200.0,183.61000061035156,200.0,2079309
2022-04-28,186.41000366210938,194.8800048828125,184.8000030517578,188.5,2128010
2022-04-29,185.42999267578125,192.75,184.8000030517578,192.75,2139926
2022-05-02,185.1199951171875,185.25,176.25,176.25,2891664
2022-05-04,181.0500030517578,193.97999572753906,180.5,193.97999572753906,6683312
2022-05-05,181.00999450683594,194.47999572753906,180.6999969482422,194.47999572753906,2971622
2022-05-06,177.94000244140625,180.49000549316406,177.35000610351562,180.49000549316406,9509041
2022-05-09,176.9499969482422,184.8800048828125,171.0,171.0,5393087
2022-05-10,176.16000366210938,184.60000610351562,175.1999969482422,184.60000610351562,3075228
2022-05-11,175.33999633789062,181.89999389648438,153.3000030517578,153.3000030517578,5356589
2022-05-12,171.72000122070312,175.0,170.9600067138672,174.99000549316406,12227812
2022-05-13,171.39999389648438,178.89999389648438,171.00999450683594,178.89999389648438,4861805
2022-05-16,172.1300048828125,176.8000030517578,171.0,176.8000030517578,3448002
2022-05-17,176.44000244140625,176.89999389648438,171.00999450683594,176.89999389648438,3600691
2022-05-18,176.0500030517578,178.99000549316406,175.2100067138672,178.99000549316406,2871652
2022-05-19,171.6999969482422,175.99000549316406,171.5,175.99000549316406,6755953
2022-05-20,175.9199981689453,176.99000549316406,172.00999450683594,176.99000549316406,2696074
2022-05-23,175.52999877929688,178.99000549316406,174.89999389648438,178.99000549316406,3285457
2022-05-24,175.08999633789062,177.99000549316406,174.25999450683594,177.99000549316406,1629644
2022-05-25,174.1300048828125,176.8000030517578,173.25999450683594,176.8000030517578,2332641
2022-05-26,175.57000732421875,176.6999969482422,173.0,176.6999969482422,3043887
2022-05-27,177.10000610351562,179.8000030517578,175.14999389648438,179.8000030517578,2037316
2022-05-30,180.42999267578125,182.89999389648438,177.5500030517578,182.89999389648438,3814752
2022-05-31,179.8699951171875,180.99000549316406,177.25,180.99000549316406,2419814
2022-06-01,179.58999633789062,180.6999969482422,178.5500030517578,180.19000244140625,2011588
2022-06-02,180.67999267578125,180.99000549316406,178.0,180.99000549316406,1852591
2022-06-03,180.2100067138672,184.99000549316406,180.0,183.5,2096915
2022-06-06,180.14999389648438,181.99000549316406,176.25,181.99000549316406,2076981
2022-06-07,178.55999755859375,181.8800048828125,177.25,181.8800048828125,4870947
2022-06-08,178.0800018310547,181.86000061035156,177.5,181.86000061035156,3371153
2022-06-09,179.39999389648438,179.99000549316406,176.3300018310547,179.99000549316406,1756747
2022-06-10,176.4600067138672,178.99000549316406,176.13999938964844,178.99000549316406,3447645
2022-06-13,171.8699951171875,175.99000549316406,170.9499969482422,175.99000549316406,11691798
2022-06-14,171.3000030517578,172.99000549316406,170.05999755859375,172.99000549316406,4062092
2022-06-15,171.10000610351562,173.99000549316406,171.0,173.99000549316406,2578431
2022-06-16,167.55999755859375,172.89999389648438,167.30999755859375,172.89999389648438,12278413
2022-06-17,166.8699951171875,170.89999389648438,165.8699951171875,170.89999389648438,7864469
2022-06-20,167.30999755859375,169.89999389648438,165.6999969482422,169.89999389648438,3305437
2022-06-21,170.25999450683594,170.89999389648438,167.47000122070312,169.5,3266551
2022-06-22,168.0800018310547,171.99000549316406,167.8000030517578,171.99000549316406,3538333
2022-06-23,169.7100067138672,170.27000427246094,166.11000061035156,169.99000549316406,3924398
2022-06-24,171.16000366210938,172.99000549316406,169.89999389648438,172.99000549316406,2402113
2022-06-27,172.6199951171875,173.89999389648438,171.0,171.0,3876553
2022-06-28,172.64999389648438,173.99000549316406,171.3000030517578,173.99000549316406,2233374
2022-06-29,171.86000061035156,172.99000549316406,170.3000030517578,172.99000549316406,2225141
2022-06-30,171.60000610351562,172.99000549316406,170.0,172.99000549316406,3002593
2022-07-01,171.63999938964844,172.3800048828125,169.0,172.3800048828125,3629619
2022-07-04,172.6300048828125,172.89999389648438,170.64999389648438,172.89999389648438,3249155
2022-07-05,172.0399932861328,175.99000549316406,170.11000061035156,175.0,4628550
2022-07-06,174.1199951171875,174.67999267578125,170.91000366210938,174.67999267578125,3536136
2022-07-07,175.5399932861328,175.6999969482422,174.39999389648438,175.35000610351562,4128319
2022-07-08,176.27999877929688,178.99000549316406,175.5800018310547,178.99000549316406,2797277
2022-07-11,176.22999572753906,178.8800048828125,175.0800018310547,178.8800048828125,3234345
2022-07-12,175.10000610351562,176.0,174.6999969482422,175.89999389648438,3180084
2022-07-13,174.05999755859375,177.99000549316406,173.9499969482422,177.99000549316406,2719238
2022-07-14,173.92999267578125,176.44000244140625,172.11000061035156,176.44000244140625,2693779
2022-07-15,175.02000427246094,176.97000122070312,171.11000061035156,176.97000122070312,1883447
2022-07-18,177.38999938964844,177.5,175.5500030517578,176.6999969482422,3244564
2022-07-19,177.8800048828125,178.19000244140625,175.89999389648438,176.8000030517578,3104562
2022-07-20,179.52999877929688,182.8000030517578,178.6999969482422,182.8000030517578,6831455
2022-07-21,180.5399932861328,180.97000122070312,178.1999969482422,180.97000122070312,3246465
2022-07-22,181.88999938964844,182.8699951171875,177.11000061035156,177.11000061035156,4042684
2022-07-25,181.4600067138672,184.50999450683594,180.3000030517578,182.9499969482422,2877584
2022-07-26,179.91000366210938,181.9499969482422,176.10000610351562,176.10000610351562,2484141
2022-07-27,181.60000610351562,181.8000030517578,178.60000610351562,180.88999938964844,3065858
2022-07-28,184.17999267578125,184.5,180.11000061035156,184.5,4186901
2022-07-29,186.5399932861328,186.8000030517578,184.25,185.0,5387909
2022-08-01,188.6300048828125,190.0,186.5399932861328,186.5399932861328,4377216
2022-08-02,188.6199951171875,199.99000549316406,183.0,199.99000549316406,4921260
2022-08-03,189.11000061035156,189.39999389648438,180.00999450683594,188.89999389648438,4471989
2022-08-04,189.1699981689453,190.67999267578125,187.02999877929688,190.25,5968154
2022-08-05,189.25,191.0500030517578,180.00999450683594,180.00999450683594,2653504
2022-08-08,190.7899932861328,191.0399932861328,188.3000030517578,189.75,3810443
2022-08-10,191.0399932861328,199.99000549316406,189.97999572753906,199.8000030517578,3095220
2022-08-11,192.33999633789062,193.97000122070312,191.5,193.97000122070312,3668655
2022-08-12,192.86000061035156,199.99000549316406,191.7100067138672,199.99000549316406,3145464
2022-08-16,194.08999633789062,199.74000549316406,192.89999389648438,199.74000549316406,3334064
2022-08-17,195.5500030517578,198.1999969482422,194.1999969482422,198.1999969482422,3137343
2022-08-18,195.7100067138672,196.88999938964844,194.1999969482422,196.5,2704745
2022-08-19,193.61000061035156,196.6300048828125,193.1199951171875,196.6300048828125,3331050
2022-08-22,190.9499969482422,194.05999755859375,168.39999389648438,168.39999389648438,4313595
2022-08-23,192.19000244140625,192.6999969482422,189.52999877929688,190.74000549316406,3058581
2022-08-24,192.6300048828125,192.89999389648438,191.1999969482422,192.89999389648438,2424213
2022-08-25,191.77999877929688,195.3300018310547,191.3000030517578,194.89999389648438,6427666
2022-08-26,191.9199981689453,193.39999389648438,191.41000366210938,192.89999389648438,3251054
2022-08-29,189.44000244140625,191.72000122070312,187.5500030517578,191.72000122070312,4760712
2022-08-30,193.9199981689453,194.19000244140625,187.5500030517578,187.5500030517578,4642129
2022-09-01,191.82000732421875,193.6999969482422,190.85000610351562,193.6999969482422,4624714
2022-09-02,191.61000061035156,199.16000366210938,182.0,192.4499969482422,2395807
2022-09-05,192.97999572753906,193.10000610351562,190.8699951171875,192.89999389648438,2254231
2022-09-06,192.47999572753906,194.8800048828125,191.9499969482422,194.44000244140625,2859680
2022-09-07,192.3699951171875,192.64999389648438,188.02000427246094,192.39999389648438,1934621
2022-09-08,194.0,199.8800048828125,192.50999450683594,199.8800048828125,5317112
2022-09-09,194.60000610351562,195.50999450683594,194.17999267578125,195.44000244140625,4205205
2022-09-12,195.63999938964844,196.10000610351562,194.0,195.99000549316406,2293757
2022-09-13,196.9499969482422,197.19000244140625,195.6999969482422,196.8000030517578,2522993
2022-09-14,196.27000427246094,197.1999969482422,193.10000610351562,196.74000549316406,3582553
2022-09-15,195.69000244140625,197.47000122070312,195.0,197.47000122070312,4888170
2022-09-16,191.89999389648438,195.64999389648438,191.55999755859375,195.64999389648438,5325137
2022-09-19,192.75,195.5,190.72000122070312,195.5,2293767
2022-09-20,194.44000244140625,195.49000549316406,193.1999969482422,194.9499969482422,2278101
2022-09-21,193.5,195.22000122070312,192.72999572753906,195.22000122070312,1636057
2022-09-22,192.9199981689453,193.91000366210938,191.89999389648438,193.49000549316406,2708403
2022-09-23,189.63999938964844,197.49000549316406,189.5,197.49000549316406,4921522
2022-09-26,186.2100067138672,194.5,185.83999633789062,194.5,7436755
2022-09-27,186.0500030517578,188.44000244140625,185.25999450683594,188.44000244140625,3441924
2022-09-28,184.47000122070312,186.22000122070312,183.8000030517578,185.9499969482422,3516093
2022-09-29,184.07000732421875,186.85000610351562,183.7100067138672,186.85000610351562,3635933
2022-09-30,186.8300018310547,189.8800048828125,181.8000030517578,189.8800048828125,4013074
2022-10-03,184.25,187.92999267578125,183.97000122070312,184.60000610351562,6396852
2022-10-04,188.2899932861328,188.5,185.36000061035156,186.8000030517578,3000236
2022-10-06,188.94000244140625,194.8800048828125,188.30999755859375,188.30999755859375,2974260
2022-10-07,189.19000244140625,193.8800048828125,187.91000366210938,193.8800048828125,2649450
2022-10-10,188.75,189.0500030517578,186.6300048828125,188.94000244140625,3446075
2022-10-11,185.8699951171875,190.75,185.4499969482422,190.75,3380501
2022-10-12,187.2100067138672,187.69000244140625,176.11000061035156,176.11000061035156,1869801
2022-10-13,186.22999572753906,187.60000610351562,185.61000061035156,187.58999633789062,2569015
2022-10-14,188.02000427246094,192.1999969482422,187.6999969482422,192.1999969482422,3543010
2022-10-17,188.8300018310547,189.0,186.05999755859375,188.60000610351562,3270253
2022-10-18,190.63999938964844,190.99000549316406,189.25,190.3000030517578,2767074
2022-10-19,190.8300018310547,194.5,190.17999267578125,194.5,2327685
2022-10-20,191.44000244140625,191.67999267578125,188.91000366210938,191.5,2191179
2022-10-21,191.52000427246094,192.5500030517578,190.64999389648438,191.97000122070312,2630619
2022-10-24,193.1699981689453,194.39999389648438,192.50999450683594,194.3000030517578,1953310
2022-10-25,192.49000549316406,195.1699981689453,191.57000732421875,195.1699981689453,1716854
2022-10-27,193.4499969482422,194.14999389648438,192.61000061035156,192.61000061035156,2769911
2022-10-28,193.9600067138672,194.6999969482422,193.00999450683594,194.6999969482422,3761604
2022-10-31,196.27000427246094,196.5,194.5,195.6999969482422,8882827
2022-11-01,197.97999572753906,198.24000549316406,196.36000061035156,197.8000030517578,3943610
2022-11-02,197.41000366210938,198.8000030517578,197.07000732421875,198.8000030517578,1911519
2022-11-03,197.38999938964844,197.82000732421875,194.60000610351562,197.39999389648438,2800681
2022-11-04,197.77000427246094,198.60000610351562,196.6999969482422,198.60000610351562,1577276
2022-11-07,198.6199951171875,199.39999389648438,197.4199981689453,199.0,2821469
2022-11-09,198.32000732421875,203.49000549316406,198.14999389648438,203.49000549316406,2373360
2022-11-10,196.86000061035156,198.1999969482422,196.25,198.1999969482422,3993577
2022-11-11,200.22000122070312,200.35000610351562,198.4499969482422,199.3699951171875,4245671
2022-11-14,200.1699981689453,200.9600067138672,199.02000427246094,200.6999969482422,2067441
2022-11-15,200.91000366210938,201.6699981689453,199.8000030517578,201.6699981689453,1776273
2022-11-16,200.8699951171875,201.9499969482422,200.27999877929688,201.9499969482422,1886431
2022-11-17,200.1999969482422,201.25,199.4499969482422,201.25,1304936
2022-11-18,199.9199981689453,201.25,199.05999755859375,201.25,1728259
2022-11-21,198.5500030517578,199.99000549316406,198.39999389648438,199.99000549316406,1737709
2022-11-22,199.22999572753906,199.72999572753906,198.00999450683594,199.72999572753906,1091138
2022-11-23,199.50999450683594,200.52000427246094,199.1699981689453,200.52000427246094,840243
2022-11-24,201.72000122070312,202.22000122070312,199.4499969482422,200.72000122070312,2727692
2022-11-25,202.35000610351562,202.63999938964844,201.44000244140625,202.3699951171875,1925380
2022-11-28,203.0399932861328,203.52000427246094,200.91000366210938,203.52000427246094,1977790
2022-11-29,203.42999267578125,207.49000549316406,201.91000366210938,207.49000549316406,1317579
2022-11-30,204.6999969482422,207.47999572753906,202.75,207.47999572753906,1923386
2022-12-01,205.5399932861328,207.49000549316406,204.72999572753906,207.49000549316406,2261605
2022-12-02,204.80999755859375,207.49000549316406,203.89999389648438,207.49000549316406,2370387
2022-12-05,204.44000244140625,207.49000549316406,203.64999389648438,207.49000549316406,1627546
2022-12-06,204.13999938964844,206.47999572753906,203.5,206.47999572753906,1902955
2022-12-07,202.8699951171875,207.24000549316406,202.60000610351562,203.8699951171875,1710285
2022-12-08,203.6199951171875,203.8000030517578,176.5,176.5,1374081
2022-12-09,202.47999572753906,207.49000549316406,201.7100067138672,207.49000549316406,2109284
2022-12-12,202.61000061035156,205.8000030517578,200.5500030517578,204.8000030517578,1734167
2022-12-13,203.77000427246094,207.49000549316406,202.30999755859375,207.49000549316406,1196576
2022-12-14,204.35000610351562,204.99000549316406,203.77000427246094,204.99000549316406,1172749
2022-12-15,201.5800018310547,204.75,201.32000732421875,204.75,2332679
2022-12-16,200.16000366210938,202.35000610351562,200.0,202.35000610351562,2171653
2022-12-19,201.6699981689453,201.7899932861328,198.66000366210938,201.4199981689453,1720911
2022-12-20,201.2100067138672,203.85000610351562,199.25,203.85000610351562,2308276
2022-12-21,199.39999389648438,203.9499969482422,199.0,203.9499969482422,2461367
2022-12-22,198.5500030517578,202.30999755859375,197.89999389648438,199.39999389648438,3234997
2022-12-23,195.14999389648438,201.42999267578125,194.8000030517578,201.42999267578125,8961067
2022-12-26,197.22999572753906,198.50999450683594,194.8000030517578,198.50999450683594,3648955
2022-12-27,198.0,198.91000366210938,196.5800018310547,198.91000366210938,2669146
2022-12-28,197.99000549316406,198.9499969482422,197.00999450683594,198.9499969482422,1880252
2022-12-29,198.77999877929688,199.0800018310547,196.75999450683594,197.89999389648438,2374539
2022-12-30,198.0399932861328,200.13999938964844,197.6999969482422,199.89999389648438,1739603
2023-01-02,199.33999633789062,201.0,197.49000549316406,200.99000549316406,2493866
2023-01-03,199.67999267578125,199.9499969482422,198.38999938964844,199.9499969482422,1940837
2023-01-04,197.6699981689453,200.89999389648438,197.39999389648438,200.89999389648438,4078852
2023-01-05,197.07000732421875,198.9499969482422,195.0,198.9499969482422,3469951
2023-01-06,195.72000122070312,198.14999389648438,194.99000549316406,198.14999389648438,4510923
2023-01-09,198.27999877929688,199.0,195.72000122070312,195.75999450683594,4956377
2023-01-10,196.1300048828125,199.17999267578125,195.6199951171875,198.27999877929688,4208652
2023-01-11,196.1300048828125,198.99000549316406,195.25,195.8800048828125,3138094
2023-01-12,195.61000061035156,202.0,194.5500030517578,202.0,4091350
2023-01-13,196.61000061035156,197.14999389648438,194.72999572753906,196.89999389648438,5526052
2023-01-16,196.05999755859375,198.5,195.60000610351562,196.61000061035156,7648402
2023-01-17,197.47000122070312,198.0,195.80999755859375,196.0,1991902
2023-01-18,198.64999389648438,199.0,197.17999267578125,199.0,2287113
2023-01-19,198.42999267578125,199.41000366210938,197.6699981689453,199.41000366210938,2708429
2023-01-20,197.4499969482422,199.88999938964844,197.30999755859375,199.88999938964844,2223368
2023-01-23,198.44000244140625,199.0,197.61000061035156,198.58999633789062,2094688
2023-01-24,198.4199981689453,199.94000244140625,198.0,199.94000244140625,2565279
2023-01-25,196.0399932861328,199.44000244140625,195.60000610351562,199.44000244140625,6494563
2023-01-27,193.0,197.1999969482422,191.58999633789062,196.9499969482422,9584276
2023-01-30,193.25,194.89999389648438,190.5,194.89999389648438,5730169
2023-01-31,193.44000244140625,196.49000549316406,192.2100067138672,196.49000549316406,3329551
2023-02-01,193.1300048828125,196.99000549316406,190.60000610351562,196.99000549316406,8057541
2023-02-02,192.91000366210938,194.60000610351562,191.11000061035156,194.60000610351562,3791585
2023-02-03,195.1199951171875,203.5,190.00999450683594,198.6999969482422,3016836
2023-02-06,194.47999572753906,201.0,193.91000366210938,199.89999389648438,3620105
2023-02-07,194.0399932861328,196.16000366210938,193.39999389648438,196.16000366210938,2395912
2023-02-08,195.5399932861328,195.8000030517578,189.10000610351562,194.1999969482422,2609453
2023-02-09,195.88999938964844,201.39999389648438,194.61000061035156,201.39999389648438,1549469
2023-02-10,195.49000549316406,197.97000122070312,194.38999938964844,197.97000122070312,2023921
2023-02-13,194.60000610351562,198.1999969482422,193.92999267578125,195.49000549316406,2212140
2023-02-14,195.97999572753906,197.88999938964844,194.60000610351562,197.88999938964844,1787208
2023-02-15,197.0800018310547,197.3699951171875,194.1300048828125,196.97999572753906,2993357
2023-02-16,197.35000610351562,198.47999572753906,196.60000610351562,198.47999572753906,6236138
2023-02-17,196.3000030517578,198.88999938964844,195.75,198.88999938964844,2173248
2023-02-20,195.58999633789062,198.69000244140625,195.35000610351562,198.69000244140625,2447234
2023-02-21,195.25999450683594,196.52000427246094,193.25,196.25,1372747
2023-02-22,192.50999450683594,196.88999938964844,192.2100067138672,196.88999938964844,5800058
2023-02-23,192.00999450683594,194.49000549316406,191.44000244140625,194.49000549316406,3169952
2023-02-24,191.4600067138672,195.0,191.0500030517578,193.99000549316406,3398062
2023-02-27,190.55999755859375,192.8699951171875,189.72999572753906,192.8699951171875,5767403
2023-02-28,189.6999969482422,192.47999572753906,189.1999969482422,192.47999572753906,4381495
2023-03-01,191.27999877929688,191.88999938964844,189.80999755859375,191.88999938964844,3076476
2023-03-02,189.92999267578125,196.5,189.75999450683594,192.64999389648438,2987464
2023-03-03,192.50999450683594,193.14999389648438,190.3300018310547,193.14999389648438,2667912
2023-03-06,193.6300048828125,194.39999389648438,192.61000061035156,193.88999938964844,3539187
2023-03-08,193.9499969482422,194.6300048828125,190.60000610351562,194.6300048828125,2484812
2023-03-09,192.63999938964844,194.64999389648438,188.14999389648438,188.14999389648438,1880541
2023-03-10,190.75,191.9199981689453,190.0,191.91000366210938,4412613
2023-03-13,188.1199951171875,192.64999389648438,187.64999389648438,192.64999389648438,6256213
2023-03-14,186.91000366210938,189.6999969482422,186.30999755859375,189.44000244140625,6706987
2023-03-15,186.10000610351562,192.5,185.75999450683594,192.5,4642899
2023-03-16,186.22999572753906,188.52000427246094,184.8000030517578,188.52000427246094,6662192
2023-03-17,187.4199981689453,189.52000427246094,185.89999389648438,189.52000427246094,3874547
2023-03-20,186.1999969482422,188.39999389648438,184.50999450683594,188.39999389648438,6338005
2023-03-21,187.4600067138672,187.89999389648438,186.00999450683594,187.88999938964844,3095592
2023-03-22,187.8800048828125,188.75,187.4600067138672,188.75,1690955
2023-03-23,186.91000366210938,189.7899932861328,186.6699981689453,189.7899932861328,2184996
2023-03-24,185.67999267578125,187.89999389648438,185.36000061035156,187.89999389648438,2913376
2023-03-27,186.17999267578125,187.14999389648438,185.60000610351562,186.63999938964844,4064269
2023-03-28,185.7100067138672,187.52999877929688,185.25,187.52999877929688,2453607
2023-03-29,187.08999633789062,187.49000549316406,185.00999450683594,187.49000549316406,4340723
2023-03-31,189.86000061035156,190.0,187.22000122070312,187.22000122070312,4565764
2023-04-03,190.55999755859375,191.49000549316406,189.44000244140625,191.49000549316406,3116133
2023-04-05,192.19000244140625,192.47000122070312,189.77000427246094,191.55999755859375,3722034
2023-04-06,192.94000244140625,193.25,189.1999969482422,189.1999969482422,3850733
2023-04-10,192.63999938964844,194.38999938964844,192.4499969482422,194.38999938964844,3616730
2023-04-11,193.75999450683594,193.91000366210938,192.6999969482422,193.91000366210938,2803718
2023-04-12,194.63999938964844,194.8000030517578,193.57000732421875,193.88999938964844,3379714
2023-04-13,194.77000427246094,195.10000610351562,193.8000030517578,194.6300048828125,2325172
2023-04-17,193.91000366210938,196.0,192.5,196.0,3607785
2023-04-18,193.24000549316406,194.91000366210938,192.66000366210938,194.91000366210938,2337292
2023-04-19,192.86000061035156,194.0,192.5800018310547,194.0,1589928
2023-04-20,192.99000549316406,194.0,192.47999572753906,194.0,1462582
2023-04-21,192.85000610351562,194.1999969482422,192.39999389648438,192.5,2343908
2023-04-24,193.9499969482422,194.39999389648438,192.8000030517578,194.39999389648438,2133367
2023-04-25,194.1300048828125,194.60000610351562,193.58999633789062,194.58999633789062,1919289
2023-04-26,194.6199951171875,194.75,193.5,194.5,2094677
2023-04-27,195.92999267578125,196.35000610351562,193.86000061035156,195.1999969482422,2989666
2023-04-28,197.2899932861328,197.72000122070312,195.74000549316406,196.8000030517578,3403218
2023-05-02,198.38999938964844,199.6999969482422,196.11000061035156,198.5,3544119
2023-05-03,197.67999267578125,199.7899932861328,197.27999877929688,199.7899932861328,2129998
2023-05-04,199.44000244140625,199.61000061035156,197.02999877929688,199.4499969482422,3692955
2023-05-05,197.83999633789062,199.88999938964844,197.6699981689453,199.88999938964844,2599608
2023-05-08,199.7100067138672,199.99000549316406,197.83999633789062,197.9499969482422,3809627
2023-05-09,199.6999969482422,200.49000549316406,199.0500030517578,200.39999389648438,2707305
2023-05-10,200.0,200.3699951171875,199.0800018310547,200.1999969482422,2638312
2023-05-11,200.35000610351562,200.99000549316406,199.9600067138672,200.99000549316406,2372007
2023-05-12,200.25999450683594,200.4499969482422,199.05999755859375,200.27000427246094,2056983
2023-05-15,201.33999633789062,201.7899932861328,199.94000244140625,200.25999450683594,3684085
2023-05-16,200.50999450683594,202.25,200.25,200.25,3197335
2023-05-17,199.75999450683594,201.49000549316406,199.0,201.25,3548756
2023-05-18,199.0500030517578,201.49000549316406,198.8000030517578,201.38999938964844,3150576
2023-05-19,199.82000732421875,205.0,198.25,205.0,3295080
2023-05-22,200.74000549316406,200.92999267578125,199.0500030517578,200.49000549316406,2330996
2023-05-23,201.02000427246094,201.6999969482422,200.0500030517578,200.0500030517578,2612792
2023-05-24,200.24000549316406,201.5,199.80999755859375,201.49000549316406,2413489
2023-05-25,200.6999969482422,200.9499969482422,199.25999450683594,200.9499969482422,2891537
2023-05-26,202.85000610351562,203.27000427246094,200.0500030517578,201.88999938964844,4684612
2023-05-29,204.13999938964844,204.8000030517578,202.85000610351562,202.85000610351562,3856380
2023-05-30,204.36000061035156,205.49000549316406,202.52999877929688,205.49000549316406,2613440
2023-05-31,203.66000366210938,205.49000549316406,203.05999755859375,205.49000549316406,2588389
2023-06-01,202.99000549316406,205.38999938964844,202.11000061035156,205.38999938964844,3330182
2023-06-02,203.83999633789062,204.89999389648438,203.0800018310547,204.89999389648438,2174215
2023-06-05,204.27999877929688,205.47999572753906,203.99000549316406,205.38999938964844,1707187
2023-06-06,204.0399932861328,205.38999938964844,203.4499969482422,205.38999938964844,1618597
2023-06-07,205.33999633789062,205.4499969482422,203.9199981689453,205.38999938964844,2134360
2023-06-08,204.50999450683594,206.2100067138672,203.9199981689453,203.9199981689453,4515873
2023-06-09,204.02999877929688,205.89999389648438,203.85000610351562,205.89999389648438,1786159
2023-06-12,204.4600067138672,205.4499969482422,203.8300018310547,204.89999389648438,1361814
2023-06-13,205.4499969482422,205.52000427246094,204.3000030517578,205.47999572753906,1563108
2023-06-14,205.85000610351562,211.60000610351562,205.0800018310547,211.60000610351562,1880167
2023-06-15,205.30999755859375,206.38999938964844,204.69000244140625,206.38999938964844,2674084
2023-06-16,206.69000244140625,207.10000610351562,205.41000366210938,206.38999938964844,2770332
2023-06-19,205.8699951171875,208.97999572753906,205.50999450683594,206.69000244140625,3140978
2023-06-20,206.5,206.75,204.94000244140625,205.75,3088294
2023-06-21,206.8699951171875,207.4600067138672,206.0399932861328,206.0399932861328,2408169
2023-06-22,206.24000549316406,207.47000122070312,206.0800018310547,206.8699951171875,2007192
2023-06-23,204.97999572753906,212.4499969482422,204.8000030517578,212.4499969482422,2129175
2023-06-26,205.1699981689453,206.25,204.52000427246094,206.25,2217566
2023-06-27,206.4600067138672,207.36000061035156,205.36000061035156,207.36000061035156,2018085
2023-06-28,208.17999267578125,208.55999755859375,206.27999877929688,207.39999389648438,3989975
2023-06-30,210.61000061035156,210.91000366210938,208.08999633789062,209.60000610351562,4671280
2023-07-03,212.3000030517578,213.4499969482422,210.89999389648438,213.4499969482422,4245579
2023-07-04,213.05999755859375,218.64999389648438,212.0,218.64999389648438,2517660
2023-07-05,212.9199981689453,218.0,212.3000030517578,218.0,1743789
2023-07-06,213.9600067138672,219.3000030517578,212.0500030517578,218.0,1919961
2023-07-07,212.72000122070312,220.39999389648438,212.5,220.39999389648438,3326931
2023-07-10,212.63999938964844,218.39999389648438,210.14999389648438,218.39999389648438,2815814
2023-07-11,213.4499969482422,219.0,212.66000366210938,219.0,1986082
2023-07-12,213.25,214.9499969482422,213.0,214.9499969482422,1703058
2023-07-13,213.69000244140625,215.0,213.25,215.0,2336555
2023-07-14,214.8300018310547,215.4600067138672,213.55999755859375,215.4600067138672,1678860
2023-07-17,216.52999877929688,216.89999389648438,214.82000732421875,216.13999938964844,2220209
2023-07-18,217.02000427246094,217.8000030517578,216.10000610351562,216.91000366210938,2344009
2023-07-19,217.97000122070312,219.9499969482422,216.75999450683594,219.9499969482422,3764043
2023-07-20,219.50999450683594,219.89999389648438,217.16000366210938,219.89999389648438,3166150
2023-07-21,217.47999572753906,219.44000244140625,216.99000549316406,219.44000244140625,3612348
2023-07-24,216.72999572753906,219.3800048828125,216.5399932861328,219.3800048828125,2006947
2023-07-25,216.63999938964844,219.9499969482422,216.05999755859375,219.9499969482422,1462278
2023-07-26,217.72000122070312,219.6999969482422,213.64999389648438,219.6999969482422,3164932
2023-07-27,216.6300048828125,219.6999969482422,211.1999969482422,219.6999969482422,2936838
2023-07-28,216.33999633789062,218.77999877929688,215.5,218.77999877929688,2463367
2023-07-31,217.5800018310547,218.77999877929688,216.0,218.77999877929688,1792693
2023-08-01,217.22999572753906,218.39999389648438,217.02000427246094,218.0,1914323
2023-08-02,215.10000610351562,217.4499969482422,214.0,217.22000122070312,5585468
2023-08-03,213.55999755859375,216.52000427246094,212.14999389648438,216.52000427246094,4739271
2023-08-04,215.0399932861328,215.85000610351562,212.77000427246094,215.85000610351562,1535406
2023-08-07,215.9499969482422,216.2100067138672,215.0500030517578,216.2100067138672,2240935
2023-08-08,215.7899932861328,216.6999969482422,209.4499969482422,216.47000122070312,2002806
2023-08-09,216.49000549316406,216.85000610351562,212.8000030517578,216.85000610351562,2025167
2023-08-10,215.3300018310547,217.27000427246094,215.00999450683594,217.27000427246094,2100995
2023-08-11,214.39999389648438,217.2100067138672,214.25,217.2100067138672,2385921
2023-08-14,214.50999450683594,217.82000732421875,211.64999389648438,217.82000732421875,2878972
2023-08-16,214.57000732421875,218.47000122070312,212.67999267578125,218.47000122070312,1604526
2023-08-17,213.6999969482422,218.1699981689453,208.14999389648438,218.1699981689453,1582007
2023-08-18,213.0,218.19000244140625,212.30999755859375,218.19000244140625,2486828
2023-08-21,213.5,213.97999572753906,212.0,213.69000244140625,2977924
2023-08-22,213.42999267578125,218.11000061035156,213.10000610351562,218.11000061035156,1983391
2023-08-23,214.3699951171875,216.39999389648438,212.77999877929688,216.39999389648438,1550674
2023-08-24,213.77000427246094,218.47000122070312,213.3300018310547,218.47000122070312,2526797
2023-08-25,212.75999450683594,214.47999572753906,207.35000610351562,207.35000610351562,2646009
2023-08-28,212.8699951171875,217.47000122070312,211.0,217.47000122070312,1548577
2023-08-29,213.16000366210938,217.47000122070312,212.8000030517578,217.47000122070312,1314371
2023-08-30,213.5399932861328,217.47000122070312,207.64999389648438,217.47000122070312,1583782
2023-08-31,212.77000427246094,217.47000122070312,207.14999389648438,207.14999389648438,2821233
2023-09-01,214.27000427246094,216.8699951171875,212.0,216.8699951171875,1929234
2023-09-04,215.58999633789062,217.47000122070312,207.85000610351562,217.47000122070312,1925839
2023-09-05,215.83999633789062,216.97999572753906,215.1300048828125,216.97999572753906,2333420
2023-09-06,216.22000122070312,217.1699981689453,215.0800018310547,217.1699981689453,2516081
2023-09-07,217.2899932861328,217.5,209.75,217.1699981689453,1670195
2023-09-08,218.41000366210938,218.77999877929688,215.4199981689453,218.47000122070312,1886253
2023-09-11,220.3800048828125,220.5,217.17999267578125,219.5500030517578,2865226
2023-09-12,220.19000244140625,221.97999572753906,219.39999389648438,221.97999572753906,2429267
2023-09-13,221.42999267578125,221.8000030517578,219.4499969482422,221.58999633789062,2777591
2023-09-14,221.52999877929688,222.72999572753906,221.0,222.72999572753906,3991183
2023-09-15,222.57000732421875,222.80999755859375,221.11000061035156,222.72999572753906,2369619
2023-09-18,221.9199981689453,222.57000732421875,216.0,222.25,2315850
2023-09-20,219.60000610351562,221.0,219.3000030517578,220.99000549316406,3324262
2023-09-21,217.6300048828125,226.1999969482422,213.0,213.0,3045078
2023-09-22,216.80999755859375,219.6300048828125,216.3800048828125,219.6300048828125,4109713
2023-09-25,216.8000030517578,218.7899932861328,216.0800018310547,218.7899932861328,2239994
2023-09-26,216.57000732421875,217.9199981689453,215.17999267578125,217.9199981689453,1330688
2023-09-27,217.55999755859375,218.47000122070312,210.0500030517578,218.47000122070312,2257394
2023-09-28,215.77000427246094,218.97999572753906,215.4499969482422,218.97999572753906,3456589
2023-09-29,216.75,222.25,209.3000030517578,222.25,2265919
2023-10-03,215.57000732421875,223.25,210.25,223.25,4369754
2023-10-04,214.39999389648438,222.0500030517578,213.52999877929688,222.0500030517578,5188713
2023-10-05,215.52999877929688,220.85000610351562,214.41000366210938,220.85000610351562,2006257
2023-10-06,216.6199951171875,218.6999969482422,214.0,214.0,3125000
2023-10-09,215.47999572753906,223.10000610351562,214.7100067138672,223.10000610351562,2314698
2023-10-10,217.1300048828125,221.9499969482422,215.00999450683594,221.9499969482422,1610545
2023-10-11,218.75999450683594,220.38999938964844,214.64999389648438,214.64999389648438,2773486
2023-10-12,218.60000610351562,225.3000030517578,216.63999938964844,225.3000030517578,1480102
2023-10-13,218.07000732421875,220.75,216.6300048828125,220.75,2232611
2023-10-16,217.89999389648438,222.0,216.07000732421875,222.0,1472154
2023-10-17,218.5500030517578,224.4499969482422,212.25,224.4499969482422,1266306
2023-10-18,217.1999969482422,219.58999633789062,216.9199981689453,219.58999633789062,1761105
2023-10-19,216.6699981689453,223.6999969482422,210.6999969482422,220.5,2193608
2023-10-20,215.3000030517578,219.6999969482422,213.64999389648438,219.6999969482422,2642139
2023-10-23,213.1699981689453,221.75,212.64999389648438,221.75,4473325
2023-10-25,211.47999572753906,216.60000610351562,210.9499969482422,215.0,6626525
2023-10-26,208.74000549316406,214.49000549316406,208.36000061035156,213.0,11342653
2023-10-27,210.57000732421875,215.0,208.5,210.49000549316406,4091227
2023-10-30,211.52000427246094,211.99000549316406,209.41000366210938,211.39999389648438,2918057
2023-10-31,210.97999572753906,214.0,210.6999969482422,212.0,2951982
2023-11-01,209.99000549316406,213.9499969482422,209.5800018310547,213.9499969482422,2999324
2023-11-02,211.63999938964844,213.99000549316406,210.0,213.99000549316406,3051034
2023-11-03,212.69000244140625,213.77000427246094,212.0500030517578,212.25999450683594,1992691
2023-11-06,214.55999755859375,218.6999969482422,212.10000610351562,218.6999969482422,2167020
2023-11-07,214.49000549316406,215.25,212.77999877929688,215.24000549316406,1597162
2023-11-08,214.8300018310547,215.1999969482422,213.80999755859375,215.0,2392335
2023-11-09,214.3000030517578,217.0,214.02999877929688,215.99000549316406,2842726
2023-11-10,214.24000549316406,214.99000549316406,213.25,214.99000549316406,3287453
2023-11-13,214.5500030517578,215.99000549316406,214.3000030517578,215.89999389648438,2354220
2023-11-15,216.97000122070312,217.22999572753906,213.6999969482422,215.3000030517578,4368209
2023-11-16,218.16000366210938,219.25,216.60000610351562,217.99000549316406,2694681
2023-11-17,218.02000427246094,224.0,216.0,224.0,1471094
2023-11-20,217.35000610351562,218.99000549316406,217.07000732421875,218.99000549316406,1971539
2023-11-21,218.38999938964844,219.25,214.0,219.25,2121413
2023-11-22,218.52999877929688,219.3000030517578,216.0,219.3000030517578,1531757
2023-11-23,218.55999755859375,219.1999969482422,216.00999450683594,219.0,2711176
2023-11-24,218.47999572753906,225.10000610351562,218.19000244140625,225.10000610351562,2228129
2023-11-28,219.55999755859375,225.0500030517578,211.9499969482422,225.0500030517578,3374192
2023-11-29,221.66000366210938,221.99000549316406,219.30999755859375,221.99000549316406,4692734
2023-11-30,222.1300048828125,228.3000030517578,220.3800048828125,228.3000030517578,4565515
2023-12-01,223.75,223.99000549316406,221.0,223.99000549316406,3756906
2023-12-04,228.17999267578125,230.4499969482422,225.5,230.4499969482422,5441571
2023-12-05,230.05999755859375,230.27999877929688,228.38999938964844,228.4499969482422,2577043
2023-12-06,230.94000244140625,231.99000549316406,229.8000030517578,231.99000549316406,3116228
2023-12-07,230.8300018310547,231.99000549316406,228.14999389648438,231.99000549316406,2882798
2023-12-08,231.36000061035156,231.99000549316406,228.0,231.99000549316406,1918130
2023-12-11,231.7899932861328,232.10000610351562,229.00999450683594,229.00999450683594,2202370
2023-12-12,230.9600067138672,232.99000549316406,230.5,232.99000549316406,2237630
2023-12-13,231.14999389648438,231.99000549316406,229.6300048828125,231.99000549316406,2758600
2023-12-14,233.99000549316406,234.5,231.50999450683594,232.0,2943517
2023-12-15,236.6199951171875,237.0,234.00999450683594,236.25,3418211
2023-12-18,236.57000732421875,237.0,233.64999389648438,236.97999572753906,2068813
2023-12-19,236.6999969482422,237.99000549316406,235.3300018310547,237.99000549316406,2900959
2023-12-20,233.25,238.8800048828125,233.0,237.99000549316406,4692122
2023-12-21,234.60000610351562,238.0,226.25,226.25,4151474
2023-12-22,235.5,236.35000610351562,232.00999450683594,235.99000549316406,2920568
2023-12-26,236.92999267578125,237.3000030517578,234.8800048828125,236.99000549316406,1774284
2023-12-27,238.91000366210938,239.6999969482422,236.17999267578125,239.6999969482422,4385669
2023-12-28,240.16000366210938,240.5,238.8800048828125,240.0,2495578
2023-12-29,239.64999389648438,247.35000610351562,238.0,247.35000610351562,4342820
2024-01-01,240.35000610351562,241.13999938964844,238.00999450683594,240.99000549316406,3301679
2024-01-02,239.2100067138672,241.0,238.0,241.0,2724450
2024-01-03,237.74000549316406,240.0,237.5,240.0,2253252
2024-01-04,239.3000030517578,239.58999633789062,237.19000244140625,237.6999969482422,2592068
2024-01-05,239.74000549316406,240.0,238.00999450683594,239.8000030517578,3017800
2024-01-08,237.67999267578125,242.0,237.5,242.0,3109332
2024-01-09,237.77999877929688,239.99000549316406,237.5,239.99000549316406,2263399
2024-01-10,238.75999450683594,238.99000549316406,236.75999450683594,238.99000549316406,2557090
2024-01-11,238.8699951171875,239.6999969482422,238.00999450683594,239.6999969482422,2228747
2024-01-12,241.72999572753906,242.35000610351562,239.00999450683594,239.00999450683594,3829943
2024-01-15,244.07000732421875,244.3000030517578,241.72999572753906,241.72999572753906,3098957
2024-01-16,243.24000549316406,244.99000549316406,242.41000366210938,244.60000610351562,3055350
2024-01-17,238.3800048828125,243.0,238.10000610351562,240.99000549316406,6128145
2024-01-18,237.50999450683594,238.2100067138672,233.3000030517578,237.99000549316406,6170369
2024-01-19,239.14999389648438,239.99000549316406,237.75,239.99000549316406,2714133
2024-01-23,234.8699951171875,241.89999389648438,234.5,241.89999389648438,5382816
2024-01-24,237.2899932861328,237.58999633789062,233.5,235.67999267578125,2914009
2024-01-25,236.14999389648438,238.0,235.10000610351562,238.0,2328302
2024-01-29,240.0500030517578,240.39999389648438,236.14999389648438,238.0,2671344
2024-01-30,238.1300048828125,241.99000549316406,237.9499969482422,241.99000549316406,3429480
2024-01-31,240.25999450683594,240.47999572753906,237.5,238.77999877929688,1870884
2024-02-01,240.02999877929688,241.99000549316406,239.47999572753906,241.99000549316406,3203160
2024-02-02,241.3000030517578,244.27999877929688,240.00999450683594,243.39999389648438,4954136
2024-02-05,240.24000549316406,248.5500030517578,239.89999389648438,248.5500030517578,2862183
2024-02-06,242.00999450683594,247.4499969482422,237.64999389648438,247.4499969482422,1690100
2024-02-07,242.35000610351562,249.25,234.75,249.25,2235426
2024-02-08,240.27999877929688,243.3800048828125,239.89999389648438,242.35000610351562,3757539
2024-02-09,240.77999877929688,241.02000427246094,239.0,240.89999389648438,1752604
2024-02-12,239.32000732421875,242.5,238.97000122070312,241.0,3449448
2024-02-13,240.58999633789062,246.5,238.6999969482422,246.5,1615065
2024-02-14,241.5500030517578,241.99000549316406,237.5500030517578,239.89999389648438,3343750
2024-02-15,242.72000122070312,243.0,241.1999969482422,242.99000549316406,1820990
2024-02-16,243.99000549316406,244.22999572753906,242.5800018310547,244.0,4134646
2024-02-19,245.0399932861328,245.75,243.5800018310547,244.5,2511055
2024-02-20,245.3699951171875,246.99000549316406,243.00999450683594,246.99000549316406,2109871
2024-02-21,243.8699951171875,246.2899932861328,243.5,246.0,3326839
2024-02-22,245.7899932861328,246.2100067138672,242.4499969482422,244.5,2973123
2024-02-23,245.69000244140625,246.88999938964844,245.16000366210938,246.88999938964844,2414813
2024-02-26,244.8699951171875,246.5,244.02000427246094,245.5,1931771
2024-02-27,245.5,245.7100067138672,244.0,245.0,2412089
2024-02-28,243.07000732421875,246.8800048828125,242.3000030517578,242.3000030517578,2553115
2024-02-29,243.25,244.99000549316406,241.00999450683594,244.99000549316406,3210232
2024-03-01,246.85000610351562,246.99000549316406,243.0500030517578,244.5800018310547,2174184
2024-03-04,247.8300018310547,249.97999572753906,247.0800018310547,248.99000549316406,3278496
2024-03-05,247.33999633789062,248.8699951171875,246.7100067138672,248.8699951171875,1909620
2024-03-06,248.6199951171875,248.99000549316406,246.10000610351562,248.99000549316406,2452874
2024-03-07,248.6699981689453,249.0,248.1300048828125,248.6999969482422,2481075
2024-03-11,247.4499969482422,249.8000030517578,247.02000427246094,248.6699981689453,2665347
2024-03-12,247.4199981689453,248.99000549316406,246.00999450683594,248.99000549316406,3423643
2024-03-13,243.7100067138672,248.88999938964844,242.75,248.88999938964844,6405176
2024-03-14,245.38999938964844,245.89999389648438,242.27999877929688,244.3800048828125,5265364
2024-03-15,243.8000030517578,245.3800048828125,242.66000366210938,244.89999389648438,4300512
2024-03-18,243.97999572753906,251.10000610351562,242.5800018310547,251.10000610351562,2498791
2024-03-19,241.60000610351562,243.97999572753906,241.3699951171875,243.97000122070312,5084257
2024-03-20,241.5800018310547,242.99000549316406,240.5399932861328,242.99000549316406,3185502
2024-03-21,243.99000549316406,248.85000610351562,242.17999267578125,243.8000030517578,2700220
2024-03-22,244.74000549316406,245.39999389648438,242.5,244.77999877929688,2791975
2024-03-26,243.7899932861328,246.10000610351562,241.75,243.25,2081929
2024-03-27,244.9600067138672,247.0,240.75,247.0,2872065
2024-03-28,246.9600067138672,248.69000244140625,243.8800048828125,246.10000610351562,6478348
2024-04-01,248.19000244140625,254.35000610351562,246.47999572753906,254.35000610351562,3790598
2024-04-02,248.64999389648438,249.47999572753906,246.64999389648438,248.97000122070312,3149309
2024-04-03,248.58999633789062,249.47999572753906,246.17999267578125,248.99000549316406,3198165
2024-04-04,249.22999572753906,250.60000610351562,247.22999572753906,249.58999633789062,4608393
2024-04-05,249.0500030517578,250.1699981689453,248.10000610351562,248.11000061035156,3465548
2024-04-08,250.75,250.9499969482422,248.17999267578125,250.47000122070312,3969874
2024-04-09,250.74000549316406,252.5800018310547,250.3800048828125,251.8000030517578,2377677
2024-04-10,251.57000732421875,254.69000244140625,246.1999969482422,254.69000244140625,1965414
2024-04-12,249.55999755859375,253.10000610351562,249.2100067138672,251.99000549316406,4396942
2024-04-15,246.8699951171875,249.99000549316406,245.99000549316406,249.47999572753906,6430760
2024-04-16,245.52000427246094,246.99000549316406,244.64999389648438,246.99000549316406,3797719
2024-04-18,243.94000244140625,252.89999389648438,243.35000610351562,252.89999389648438,5926321
2024-04-19,245.52999877929688,245.6999969482422,241.30999755859375,243.47999572753906,5776197
2024-04-22,247.30999755859375,247.89999389648438,245.67999267578125,246.08999633789062,2726803
2024-04-23,247.82000732421875,249.99000549316406,246.5,249.99000549316406,3366922
2024-04-24,247.94000244140625,249.75,247.52000427246094,249.75,2884108
2024-04-25,249.27000427246094,249.9499969482422,246.27999877929688,248.99000549316406,2917065
2024-04-26,248.44000244140625,250.8800048828125,248.0500030517578,248.5800018310547,2966668
2024-04-29,250.58999633789062,251.39999389648438,246.3000030517578,246.3000030517578,2488639
2024-04-30,250.05999755859375,252.99000549316406,247.00999450683594,252.99000549316406,4222247
2024-05-02,250.83999633789062,251.3000030517578,249.0500030517578,250.99000549316406,2207630
2024-05-03,248.75,252.5800018310547,247.66000366210938,252.57000732421875,5320196
2024-05-06,248.3699951171875,250.99000549316406,248.0,250.99000549316406,3073791
2024-05-07,247.11000061035156,253.88999938964844,245.25,253.88999938964844,4133952
2024-05-08,247.24000549316406,249.88999938964844,245.1199951171875,249.88999938964844,3689202
2024-05-09,243.49000549316406,247.8699951171875,243.1999969482422,247.8699951171875,7256780
2024-05-10,244.97000122070312,245.6699981689453,243.0800018310547,244.00999450683594,4616640
2024-05-13,245.16000366210938,252.3000030517578,242.27000427246094,252.3000030517578,5278644
2024-05-14,246.61000061035156,249.88999938964844,243.6999969482422,249.88999938964844,2697896
2024-05-15,246.4199981689453,249.58999633789062,245.0,249.58999633789062,3575694
2024-05-16,248.17999267578125,248.5,244.91000366210938,247.99000549316406,5522327
2024-05-17,248.72999572753906,249.99000549316406,247.00999450683594,249.99000549316406,2252484
2024-05-21,249.74000549316406,250.25,247.47999572753906,247.47999572753906,2440079
2024-05-22,250.36000061035156,250.99000549316406,249.2899932861328,250.99000549316406,2004555
2024-05-23,254.2899932861328,254.74000549316406,249.5500030517578,251.99000549316406,4372965
2024-05-24,254.97999572753906,255.7100067138672,253.0800018310547,254.6699981689453,3997986
2024-05-27,254.72000122070312,256.760009765625,254.00999450683594,254.17999267578125,4692320
2024-05-28,254.1999969482422,255.5800018310547,254.0,255.57000732421875,3948285
2024-05-29,252.3699951171875,253.97999572753906,252.10000610351562,253.8800048828125,9056708
2024-05-30,250.35000610351562,253.85000610351562,249.50999450683594,253.85000610351562,11938743
2024-05-31,251.14999389648438,252.1199951171875,250.0,251.6699981689453,9390922
2024-06-03,258.1400146484375,265.0,252.3000030517578,258.70001220703125,12024096
2024-06-04,250.47999572753906,260.2799987792969,246.5,259.8699951171875,32496763
2024-06-05,251.3000030517578,254.35000610351562,242.1300048828125,253.99000549316406,12906944
2024-06-06,252.97999572753906,254.10000610351562,250.00999450683594,252.99000549316406,10376673
2024-06-07,258.4200134277344,258.80999755859375,252.19000244140625,253.8800048828125,10360501
2024-06-10,257.94000244140625,259.6199951171875,257.3999938964844,259.45001220703125,6736253
2024-06-11,258.79998779296875,259.6199951171875,257.0199890136719,258.3500061035156,5202122
2024-06-12,259.3900146484375,261.989990234375,257.8500061035156,261.989990234375,4455590
2024-06-13,260.29998779296875,260.739990234375,259.2799987792969,260.0,3390549
2024-06-14,260.6499938964844,261.0,259.4599914550781,260.6499938964844,3245931
2024-06-18,261.55999755859375,262.5,260.6499938964844,260.67999267578125,3818320
2024-06-19,261.3800048828125,262.67999267578125,260.1099853515625,262.5,3672586
2024-06-20,261.7200012207031,262.3500061035156,260.4800109863281,261.95001220703125,3072246
2024-06-21,260.8699951171875,263.989990234375,260.010009765625,263.989990234375,2541648
2024-06-24,261.6600036621094,261.94000244140625,259.1000061035156,260.489990234375,3509413
2024-06-25,263.5899963378906,263.8999938964844,255.0,262.3500061035156,3082603
2024-06-26,265.010009765625,265.25,262.17999267578125,264.7799987792969,4730569
2024-06-27,266.95001220703125,267.44000244140625,264.3999938964844,264.760009765625,4384721
2024-06-28,267.4800109863281,268.5,266.95001220703125,267.8800048828125,3080540
2024-07-01,268.29998779296875,269.0,267.0,267.989990234375,2611003
2024-07-02,269.0299987792969,271.989990234375,268.04998779296875,271.989990234375,3063439
2024-07-03,270.2300109863281,271.3800048828125,269.1499938964844,269.3800048828125,2095570
2024-07-04,270.5299987792969,271.70001220703125,270.17999267578125,271.489990234375,2563485
2024-07-05,270.5299987792969,271.989990234375,269.30999755859375,271.989990234375,3971873
2024-07-08,270.0400085449219,271.45001220703125,269.6000061035156,270.1199951171875,2632351
2024-07-09,271.3800048828125,271.489990234375,269.6199951171875,270.19000244140625,2627020
2024-07-10,270.9200134277344,272.2799987792969,268.6099853515625,272.2799987792969,3795056
2024-07-11,270.75,274.989990234375,269.5199890136719,274.989990234375,1888571
2024-07-12,271.94000244140625,273.0,270.6199951171875,271.5899963378906,3530285
2024-07-15,273.0899963378906,273.8800048828125,271.5,271.5,2427339
2024-07-16,273.54998779296875,274.1499938964844,272.3999938964844,273.19000244140625,1824955
2024-07-18,275.510009765625,275.82000732421875,272.1000061035156,274.989990234375,3867728
2024-07-19,273.2900085449219,276.4800109863281,273.0,276.4800109863281,3324928
2024-07-22,272.45001220703125,273.989990234375,271.1099853515625,273.29998779296875,3006223
2024-07-23,272.6400146484375,273.5,268.1099853515625,272.75,4876326
2024-07-24,271.8900146484375,272.7799987792969,270.75,272.7699890136719,2548487
2024-07-25,271.9200134277344,272.29998779296875,269.2799987792969,270.7799987792969,2319944
2024-07-26,276.05999755859375,276.25,271.5,272.29998779296875,3223740
2024-07-29,276.67999267578125,278.20001220703125,276.1000061035156,276.8999938964844,4617813
2024-07-30,277.1000061035156,277.9599914550781,268.3999938964844,268.3999938964844,2437790
2024-07-31,277.75,278.0899963378906,276.79998779296875,277.20001220703125,2269854
2024-08-01,278.3299865722656,279.1099853515625,273.010009765625,273.010009765625,2168947
2024-08-02,275.69000244140625,277.2799987792969,275.5,276.6700134277344,4084372
2024-08-05,269.4800109863281,273.0,266.55999755859375,272.989990234375,13751283
2024-08-06,267.6099853515625,272.94000244140625,267.20001220703125,271.8800048828125,6302805
2024-08-07,271.1000061035156,271.44000244140625,269.17999267578125,269.5,3838129
2024-08-08,269.3299865722656,271.17999267578125,268.75,270.75,4551976
2024-08-09,271.5899963378906,272.3299865722656,270.80999755859375,271.5,2441768
2024-08-12,271.44000244140625,272.79998779296875,270.25,271.7699890136719,2920334
2024-08-13,269.5199890136719,271.95001220703125,269.1000061035156,271.8699951171875,2549565
2024-08-14,269.3399963378906,270.5,269.1000061035156,269.95001220703125,2010384
2024-08-16,273.80999755859375,274.1400146484375,270.29998779296875,271.7799987792969,3604925
2024-08-19,274.42999267578125,275.4800109863281,273.8999938964844,274.3900146484375,3056786
2024-08-20,275.8299865722656,276.25,274.3800048828125,274.95001220703125,2983519
2024-08-21,276.1199951171875,276.3399963378906,275.0199890136719,275.95001220703125,2775651
2024-08-22,276.4800109863281,277.489990234375,276.0799865722656,276.989990234375,2065644
2024-08-23,276.6000061035156,277.1499938964844,275.7799987792969,275.7799987792969,2028374
2024-08-26,278.8399963378906,279.1099853515625,276.7799987792969,278.0,5516458
2024-08-27,278.70001220703125,279.3500061035156,278.0899963378906,279.1499938964844,2003702
2024-08-28,278.94000244140625,280.0199890136719,278.29998779296875,278.3900146484375,2895486
2024-08-29,280.1000061035156,280.6000061035156,278.3800048828125,280.6000061035156,3033605
2024-08-30,281.0799865722656,281.75,279.8800048828125,281.3699951171875,3094823
2024-09-02,281.45001220703125,283.989990234375,280.010009765625,280.010009765625,3219489
2024-09-03,281.7200012207031,282.20001220703125,281.25,281.7300109863281,1419607
2024-09-04,281.2799987792969,281.5,278.7799987792969,281.3999938964844,3292407
2024-09-05,280.42999267578125,282.3500061035156,280.260009765625,282.0,2636615
2024-09-06,277.82000732421875,280.5799865722656,277.20001220703125,280.2799987792969,4557515
2024-09-09,277.67999267578125,278.44000244140625,276.4800109863281,277.8800048828125,4745366
2024-09-10,279.20001220703125,279.9599914550781,277.25,278.3500061035156,1989349
2024-09-11,277.5400085449219,279.7900085449219,277.19000244140625,279.5799865722656,2708614
2024-09-12,282.7099914550781,283.20001220703125,278.260009765625,278.4800109863281,5102965
2024-09-13,283.19000244140625,283.75,281.7099914550781,283.6499938964844,3190792
2024-09-16,283.2699890136719,284.1499938964844,283.0,283.5,1735697
2024-09-17,283.8900146484375,284.1000061035156,282.8299865722656,283.4700012207031,1608792
2024-09-18,283.3599853515625,284.5199890136719,282.20001220703125,284.2799987792969,3653989
2024-09-19,283.9200134277344,285.70001220703125,283.3800048828125,283.3800048828125,3644271
2024-09-20,287.1000061035156,287.70001220703125,283.75,284.3500061035156,4783991
2024-09-23,289.3399963378906,290.1000061035156,287.4100036621094,288.05999755859375,10001956
2024-09-24,289.29998779296875,289.8800048828125,288.5,289.7699890136719,2246891
2024-09-25,290.0899963378906,290.42999267578125,288.510009765625,289.3800048828125,2051116
2024-09-26,291.54998779296875,291.9100036621094,289.3800048828125,290.3900146484375,12493484
2024-09-27,291.9700012207031,292.5,291.3500061035156,291.95001220703125,2748665
2024-09-30,288.3800048828125,293.989990234375,283.20001220703125,283.20001220703125,6402198
2024-10-01,288.2699890136719,289.32000732421875,287.5,288.7799987792969,5076492
2024-10-03,282.69000244140625,286.9700012207031,282.04998779296875,286.4800109863281,14022327
2024-10-04,280.1499938964844,284.510009765625,279.3500061035156,283.19000244140625,11510706
2024-10-07,278.010009765625,281.5799865722656,276.0799865722656,281.45001220703125,10673683
2024-10-08,279.3999938964844,279.8500061035156,276.6600036621094,278.989990234375,6795305
2024-10-09,278.7200012207031,281.989990234375,278.2300109863281,281.989990234375,5937406
2024-10-10,279.29998779296875,280.989990234375,279.0,280.989990234375,3029027
2024-10-11,278.7200012207031,287.70001220703125,277.510009765625,282.0,2633798
2024-10-14,280.760009765625,280.989990234375,278.0,280.989990234375,2561956
2024-10-15,279.8299865722656,282.0899963378906,279.3299865722656,282.0,2761766
2024-10-16,278.5,281.989990234375,278.1600036621094,281.989990234375,3740046
2024-10-17,276.69000244140625,279.3500061035156,276.29998779296875,279.239990234375,4321550
2024-10-18,277.5299987792969,278.989990234375,274.5,278.989990234375,5554110
2024-10-21,276.4700012207031,279.989990234375,275.44000244140625,279.989990234375,3907822
2024-10-22,273.55999755859375,277.7300109863281,273.2300109863281,276.2799987792969,6822604
2024-10-23,273.0899963378906,274.94000244140625,272.3900146484375,274.04998779296875,4257913
2024-10-24,272.1199951171875,273.7799987792969,271.9200134277344,273.7799987792969,4052229
2024-10-25,270.4800109863281,275.0,269.0,271.79998779296875,7731361
2024-10-28,271.9700012207031,273.7300109863281,269.79998779296875,272.989990234375,3506121
2024-10-29,273.5899963378906,273.79998779296875,270.010009765625,272.70001220703125,3287228
2024-10-30,272.1600036621094,273.9800109863281,271.82000732421875,273.9800109863281,3688258
2024-10-31,270.6400146484375,273.989990234375,270.3999938964844,273.989990234375,4258360
2024-11-01,270.6400146484375,270.6400146484375,270.6400146484375,270.6400146484375,0
2024-11-04,268.4700012207031,273.989990234375,266.3299865722656,273.989990234375,11591641
2024-11-05,270.7900085449219,271.0,266.7099914550781,268.67999267578125,6535461
2024-11-06,273.9100036621094,274.3999938964844,270.67999267578125,272.17999267578125,5400702
2024-11-07,270.70001220703125,274.3900146484375,270.4100036621094,274.0,6401638
2024-11-08,270.0299987792969,271.4800109863281,269.1700134277344,271.17999267578125,3450036
2024-11-11,269.9599914550781,272.9800109863281,268.42999267578125,272.9800109863281,2992617
2024-11-12,267.17999267578125,272.989990234375,266.80999755859375,272.9800109863281,5341383
2024-11-13,263.6400146484375,268.989990234375,263.0,268.9800109863281,8889949
2024-11-14,263.57000732421875,265.6499938964844,255.75,265.6499938964844,5120603
2024-11-18,262.4700012207031,265.0799865722656,261.25,264.989990234375,8197295
2024-11-19,263.07000732421875,265.989990234375,262.3800048828125,264.989990234375,4609280
2024-11-21,261.2900085449219,264.95001220703125,260.5199890136719,264.95001220703125,6590027
2024-11-22,266.8599853515625,267.3399963378906,261.05999755859375,262.989990234375,4698150
2024-11-25,270.7300109863281,271.79998779296875,269.30999755859375,270.989990234375,5638169
2024-11-26,270.5400085449219,273.989990234375,269.8999938964844,273.989990234375,2784763
2024-11-27,271.5400085449219,272.989990234375,270.0,272.989990234375,2965669
2024-11-28,267.67999267578125,273.989990234375,267.2099914550781,273.989990234375,7297078
2024-11-29,269.8800048828125,270.55999755859375,267.0,269.989990234375,2914887
2024-12-02,271.3800048828125,271.989990234375,267.5,271.989990234375,3658932
2024-12-03,272.9800109863281,273.20001220703125,271.2200012207031,271.9800109863281,4476267
2024-12-04,273.42999267578125,274.1000061035156,272.1000061035156,273.94000244140625,4346149
2024-12-05,275.9200134277344,277.5299987792969,271.79998779296875,273.45001220703125,9175178
2024-12-06,275.8800048828125,277.989990234375,275.0400085449219,277.989990234375,2961505
2024-12-09,275.1400146484375,276.989990234375,274.69000244140625,276.989990234375,2967859
2024-12-10,274.67999267578125,276.7799987792969,274.1099853515625,276.7799987792969,3415307
2024-12-11,274.9700012207031,275.989990234375,273.010009765625,275.989990234375,2833637
2024-12-12,274.1000061035156,276.239990234375,273.010009765625,275.989990234375,1908359
2024-12-13,276.0799865722656,276.3900146484375,269.8999938964844,274.8800048828125,7700562
2024-12-16,275.4800109863281,276.8900146484375,274.79998779296875,276.8900146484375,2865850
2024-12-17,272.2200012207031,275.8900146484375,271.79998779296875,275.8900146484375,6074128
2024-12-18,270.70001220703125,272.989990234375,270.1499938964844,271.6099853515625,3250492
2024-12-19,268.3900146484375,276.4200134277344,266.2200012207031,269.989990234375,5761931
2024-12-20,264.1499938964844,269.32000732421875,263.70001220703125,267.1099853515625,8707518
2024-12-23,265.6600036621094,269.0,264.54998779296875,266.989990234375,3259504
2024-12-24,265.489990234375,266.8800048828125,264.6199951171875,264.6199951171875,2225487
2024-12-26,265.6700134277344,269.8500061035156,257.54998779296875,257.54998779296875,2230343
2024-12-27,266.3900146484375,267.5,265.04998779296875,265.04998779296875,1920316
2024-12-30,264.3699951171875,267.7699890136719,263.95001220703125,267.7699890136719,3231585
2024-12-31,264.4700012207031,265.0,262.510009765625,262.70001220703125,3333212
2025-01-01,265.5899963378906,266.2799987792969,263.5,264.4700012207031,2402521
2025-01-02,269.8900146484375,270.2300109863281,265.20001220703125,266.989990234375,4665341
2025-01-03,268.4100036621094,270.989990234375,268.05999755859375,270.0,5421954
2025-01-06,264.4800109863281,269.6000061035156,263.6099853515625,268.04998779296875,8357958
2025-01-07,265.1600036621094,266.25,263.7099914550781,266.25,3881642
2025-01-08,264.9200134277344,266.0400085449219,262.79998779296875,265.95001220703125,5056466
2025-01-09,263.1499938964844,265.5,262.8999938964844,264.75,3929443
2025-01-10,262.2200012207031,263.8699951171875,261.1499938964844,263.25,4496919
2025-01-13,258.3999938964844,261.8999938964844,258.010009765625,261.5,11388279
2025-01-14,259.260009765625,260.95001220703125,258.45001220703125,260.95001220703125,4342336
2025-01-15,259.5799865722656,260.4800109863281,258.7699890136719,260.25,3630304
2025-01-16,260.7200012207031,261.70001220703125,260.010009765625,260.95001220703125,3410394
2025-01-17,259.7699890136719,260.79998779296875,258.6000061035156,260.79998779296875,3351166
2025-01-20,261.2900085449219,261.8800048828125,259.4100036621094,259.7699890136719,4871545
2025-01-21,257.9100036621094,262.4700012207031,257.3399963378906,262.2900085449219,8501767
2025-01-22,258.8500061035156,259.79998779296875,257.17999267578125,259.79998779296875,5660999
2025-01-23,259.510009765625,260.32000732421875,257.67999267578125,259.0,3506635
2025-01-24,258.19000244140625,260.95001220703125,257.70001220703125,260.29998779296875,5458441
2025-01-27,255.69000244140625,257.67999267578125,255.13999938964844,257.489990234375,10984113
2025-01-28,257.3299865722656,259.1400146484375,255.9499969482422,257.0,6575668
2025-01-29,259.3800048828125,259.5,257.20001220703125,258.5,4481256
2025-01-30,260.2200012207031,260.9800109863281,259.0,259.04998779296875,6330889
2025-01-31,263.0,263.1700134277344,259.70001220703125,261.0,5527550
2025-02-01,262.1300048828125,264.70001220703125,261.0,261.010009765625,9097872
2025-02-03,261.4700012207031,261.6499938964844,260.0,261.6499938964844,4023172
2025-02-04,265.04998779296875,265.2200012207031,261.489990234375,263.0,7392693
2025-02-05,265.25,265.95001220703125,265.0,265.95001220703125,3446888
2025-02-06,264.3699951171875,267.989990234375,263.8500061035156,265.20001220703125,3291441
2025-02-07,263.75,265.5,262.6000061035156,265.5,4565941
2025-02-10,261.8999938964844,265.989990234375,261.20001220703125,265.989990234375,6225361
2025-02-11,258.54998779296875,262.989990234375,257.5199890136719,262.989990234375,9321702
2025-02-12,258.2699890136719,259.75,255.60000610351562,259.75,7929756
2025-02-13,258.1700134277344,260.489990234375,257.7300109863281,259.989990234375,5078676
2025-02-14,256.95001220703125,259.989990234375,255.35000610351562,259.989990234375,7111034
2025-02-17,257.1099853515625,257.95001220703125,255.00999450683594,257.95001220703125,7379260
2025-02-18,256.8399963378906,257.70001220703125,255.39999389648438,256.2799987792969,3917336
2025-02-19,256.8900146484375,258.44000244140625,255.6199951171875,257.989990234375,5189115
2025-02-20,256.8500061035156,257.989990234375,255.75,257.989990234375,4075280
2025-02-21,255.52999877929688,257.989990234375,254.8000030517578,257.989990234375,6288816
2025-02-24,252.8699951171875,255.1999969482422,252.5,255.1999969482422,9201091
2025-02-25,252.75,253.5800018310547,252.30999755859375,252.97999572753906,3549369
2025-02-27,252.55999755859375,253.8000030517578,252.05999755859375,253.8000030517578,3567646
2025-02-28,248.4499969482422,252.9499969482422,248.0800018310547,252.9499969482422,19632154
2025-03-03,248.0500030517578,255.89999389648438,246.63999938964844,255.89999389648438,8303131
2025-03-04,247.49000549316406,247.77999877929688,246.0800018310547,247.74000549316406,7023813
2025-03-05,250.47999572753906,251.0,246.3000030517578,248.6999969482422,7030334
2025-03-06,252.75,252.89999389648438,249.42999267578125,252.89999389648438,7479954
2025-03-07,252.83999633789062,253.74000549316406,251.6999969482422,252.6999969482422,4241305
2025-03-10,251.75,254.9499969482422,251.39999389648438,252.0,5408616
2025-03-11,252.0800018310547,252.39999389648438,249.91000366210938,251.99000549316406,4474243
2025-03-12,251.74000549316406,253.99000549316406,250.35000610351562,253.99000549316406,3851048
2025-03-13,251.05999755859375,252.89999389648438,250.8000030517578,252.89999389648438,3161426
2025-03-17,252.17999267578125,253.0,250.10000610351562,251.05999755859375,3872869
2025-03-18,252.17999267578125,252.17999267578125,252.17999267578125,252.17999267578125,0
2025-03-19,256.70001220703125,256.94000244140625,255.47999572753906,256.79998779296875,3869286
2025-03-20,259.32000732421875,259.6000061035156,256.70001220703125,258.989990234375,8219907
2025-03-21,261.0899963378906,261.5899963378906,258.5799865722656,260.0,9249804
2025-03-24,264.8999938964844,265.30999755859375,261.010009765625,261.6199951171875,9310805
2025-03-25,264.7300109863281,266.82000732421875,256.95001220703125,266.5,12909271
2025-03-26,262.8999938964844,265.5,262.5199890136719,264.1000061035156,5258667
2025-03-27,263.7300109863281,264.2699890136719,262.1000061035156,263.2799987792969,3874025
2025-03-28,263.2099914550781,264.4800109863281,262.510009765625,263.5299987792969,8641606
2025-04-01,259.6000061035156,263.6700134277344,259.3800048828125,262.3800048828125,12629562
2025-04-02,261.6400146484375,261.8500061035156,259.1099853515625,260.70001220703125,9509451
2025-04-03,260.4599914550781,261.1000061035156,259.0299987792969,260.8999938964844,6186200
2025-04-04,257.1600036621094,260.5799865722656,256.4800109863281,260.4800109863281,9233464
2025-04-07,249.10000610351562,264.8500061035156,231.3000030517578,264.8500061035156,34654934
2025-04-08,252.72000122070312,256.54998779296875,249.75999450683594,256.54998779296875,9860513
2025-04-09,251.02999877929688,252.67999267578125,250.6199951171875,251.72000122070312,7144236
2025-04-11,255.97000122070312,256.8999938964844,251.22999572753906,255.99000549316406,10802170
2025-04-15,260.8699951171875,262.8800048828125,258.29998779296875,260.0,6445385
2025-04-16,261.9100036621094,263.989990234375,260.0299987792969,263.989990234375,8312168
2025-04-17,266.5400085449219,266.7900085449219,260.6000061035156,262.94000244140625,9818354
2025-04-21,269.70001220703125,270.4800109863281,265.010009765625,265.29998779296875,10057258
2025-04-22,270.04998779296875,270.95001220703125,269.0,270.1099853515625,6182402
2025-04-23,271.82000732421875,272.8900146484375,269.5,272.8900146484375,9502368
2025-04-24,270.95001220703125,272.0899963378906,270.67999267578125,271.7799987792969,5049194
2025-04-25,268.6300048828125,272.29998779296875,266.7099914550781,271.8500061035156,8630692
2025-04-28,271.8999938964844,272.29998779296875,268.0,269.8900146484375,7676436
2025-04-29,271.9100036621094,273.8900146484375,270.8999938964844,273.8900146484375,12194908
2025-04-30,271.989990234375,277.0899963378906,271.0299987792969,277.0899963378906,6133729
2025-05-02,271.7699890136719,275.1199951171875,270.8800048828125,274.0,9964023
2025-05-05,274.3900146484375,274.54998779296875,271.30999755859375,272.04998779296875,13220110
2025-05-06,272.6000061035156,274.8999938964844,272.1700134277344,274.8999938964844,4417654
2025-05-07,272.7900085449219,273.5899963378906,269.3900146484375,271.8999938964844,7015340
2025-05-08,271.0400085449219,273.70001220703125,270.0,273.70001220703125,6301204
2025-05-09,268.489990234375,270.0899963378906,266.1600036621094,269.5,7725810
2025-05-12,278.94000244140625,279.489990234375,270.8900146484375,272.489990234375,9655176
2025-05-13,275.6499938964844,281.25,275.29998779296875,278.75,9587074
2025-05-14,276.57000732421875,277.2699890136719,274.70001220703125,276.8999938964844,5442213
2025-05-15,280.1700134277344,280.760009765625,274.70001220703125,276.8999938964844,11353337
2025-05-16,280.2099914550781,280.989990234375,278.3800048828125,280.989990234375,4485107
2025-05-19,279.2099914550781,281.3399963378906,279.0,280.04998779296875,4289298
2025-05-20,276.8900146484375,280.8900146484375,276.6199951171875,280.8900146484375,5683232
2025-05-21,277.54998779296875,279.1400146484375,276.3999938964844,276.8900146484375,4584056
2025-05-22,275.9100036621094,277.8999938964844,274.3699951171875,277.8999938964844,9101780
2025-05-23,278.3699951171875,284.19000244140625,274.9800109863281,282.0,5480146
2025-05-26,279.8900146484375,280.95001220703125,276.510009765625,276.510009765625,8040183
2025-05-27,278.25,280.8900146484375,276.8999938964844,279.8900146484375,10251014
2025-05-28,277.69000244140625,279.989990234375,277.1199951171875,278.0,4966659
2025-05-29,278.5400085449219,279.0899963378906,277.0199890136719,278.7799987792969,4632027
2025-05-30,277.9700012207031,279.8900146484375,277.7099914550781,279.8900146484375,3521102
2025-06-02,277.6000061035156,278.3800048828125,275.0,276.0,5733152
2025-06-03,275.7699890136719,278.6000061035156,275.4100036621094,278.0,7575648
2025-06-04,276.4599914550781,276.8900146484375,275.1499938964844,276.5,2785742
2025-06-05,278.04998779296875,279.3399963378906,276.3699951171875,277.8999938964844,7273297
2025-06-06,280.5,280.8500061035156,277.0,278.8999938964844,11945116
2025-06-09,281.3500061035156,282.8900146484375,281.04998779296875,281.04998779296875,4288088
2025-06-10,281.3900146484375,282.79998779296875,281.0,282.20001220703125,4557302
2025-06-11,281.8699951171875,282.79998779296875,280.5,281.75,5246351
2025-06-12,278.95001220703125,282.75,278.42999267578125,282.0,7646410
2025-06-13,277.1000061035156,277.5,274.0799865722656,276.0,6491577
2025-06-16,279.70001220703125,279.9700012207031,276.010009765625,279.3900146484375,5287546
2025-06-17,278.5899963378906,281.489990234375,278.2099914550781,281.489990234375,7113968
2025-06-18,278.239990234375,279.8900146484375,277.3800048828125,279.8900146484375,3200952
2025-06-19,277.9100036621094,279.8900146484375,271.2799987792969,278.5,4330677
2025-06-20,281.5,281.79998779296875,276.489990234375,276.510009765625,11399466
2025-06-23,280.8599853515625,281.5299987792969,278.5,280.8999938964844,8963571
2025-06-24,281.42999267578125,284.239990234375,281.1700134277344,283.8999938964844,10219161
2025-06-25,283.4100036621094,283.7799987792969,281.7099914550781,282.0,3346093
2025-06-26,286.3900146484375,286.5799865722656,282.1099853515625,283.3999938964844,10212702
2025-06-27,287.9599914550781,288.2799987792969,286.44000244140625,287.0,5139824
2025-06-30,286.510009765625,289.3900146484375,286.1099853515625,287.79998779296875,7928260
2025-07-01,286.8399963378906,287.8900146484375,286.30999755859375,287.8800048828125,5355172
2025-07-02,285.7799987792969,287.8900146484375,285.20001220703125,287.8900146484375,5669639
2025-07-03,285.3900146484375,287.260009765625,285.1600036621094,286.8900146484375,9806621
2025-07-04,286.1099853515625,287.8900146484375,283.010009765625,287.8900146484375,4468132
2025-07-07,286.07000732421875,287.7900085449219,284.010009765625,287.7900085449219,5191711
2025-07-08,286.9100036621094,287.19000244140625,285.29998779296875,285.8999938964844,2720142
2025-07-09,286.5,287.69000244140625,286.0,286.1099853515625,2084278
2025-07-10,285.1600036621094,287.69000244140625,285.0,285.29998779296875,4543938
2025-07-11,283.1099853515625,285.3900146484375,282.5,285.3900146484375,5335789
2025-07-14,282.7099914550781,284.3900146484375,281.69000244140625,284.3900146484375,3884074
2025-07-15,283.69000244140625,284.3800048828125,282.1000061035156,283.489990234375,5581909
2025-07-16,283.6400146484375,284.3900146484375,282.79998779296875,283.79998779296875,3091019
2025-07-17,282.8299865722656,284.989990234375,282.6099853515625,284.989990234375,3832375
2025-07-18,281.42999267578125,283.69000244140625,281.0,283.5,4485164
2025-07-21,282.260009765625,282.7900085449219,280.3500061035156,282.7900085449219,3913052
2025-07-22,282.07000732421875,283.8900146484375,281.29998779296875,283.8900146484375,3289296
2025-07-23,283.5299987792969,283.70001220703125,281.29998779296875,283.69000244140625,3432968
2025-07-24,282.1000061035156,284.489990234375,281.5400085449219,284.489990234375,3352354
2025-07-25,280.0299987792969,282.19000244140625,279.8500061035156,282.1000061035156,5504460
2025-07-28,278.489990234375,280.6199951171875,278.1300048828125,280.489990234375,3570644
2025-07-29,280.0899963378906,286.8399963378906,277.4100036621094,286.8399963378906,3694965
2025-07-30,280.1300048828125,281.8900146484375,278.4599914550781,281.8900146484375,3042854
2025-07-31,279.260009765625,281.3900146484375,277.3299865722656,279.8999938964844,6228908
2025-08-01,277.3500061035156,280.989990234375,277.0299987792969,280.989990234375,4744556
2025-08-04,278.8500061035156,279.0199890136719,276.9800109863281,278.80999755859375,3105481
2025-08-05,278.1400146484375,279.8900146484375,277.6000061035156,279.3900146484375,3012419
2025-08-06,277.30999755859375,278.8900146484375,277.010009765625,278.8900146484375,2331607
2025-08-07,277.2900085449219,277.989990234375,274.79998779296875,275.510009765625,7435680
2025-08-08,275.1400146484375,277.8900146484375,274.79998779296875,277.8900146484375,4493882
2025-08-11,277.2900085449219,277.489990234375,274.5,277.0,2929821
2025-08-12,276.5400085449219,278.70001220703125,276.17999267578125,277.8900146484375,3767553
2025-08-13,278.0199890136719,278.8900146484375,277.010009765625,278.8900146484375,2084764
2025-08-14,278.2300109863281,278.8900146484375,275.010009765625,278.8900146484375,2919674
2025-08-18,281.07000732421875,282.42999267578125,279.7799987792969,280.1099853515625,5916142
2025-08-19,281.9599914550781,282.2200012207031,280.5799865722656,281.8900146484375,3740523
2025-08-20,282.5199890136719,282.8500061035156,281.0199890136719,282.4800109863281,2775361
2025-08-21,283.05999755859375,284.989990234375,282.54998779296875,284.989990234375,2667789
2025-08-22,280.75,283.4800109863281,280.5899963378906,283.05999755859375,3705971
2025-08-25,281.67999267578125,282.2900085449219,272.3299865722656,280.010009765625,2044353
2025-08-26,279.04998779296875,281.989990234375,278.79998779296875,281.989990234375,4753080
2025-08-28,276.92999267578125,279.7900085449219,276.6499938964844,279.7900085449219,7638066
2025-08-29,276.05999755859375,277.7900085449219,275.54998779296875,276.92999267578125,4233350
2025-09-01,278.17999267578125,278.25,275.67999267578125,276.8900146484375,2806125
2025-09-02,277.67999267578125,279.5,277.0,277.6199951171875,3594728
2025-09-03,278.94000244140625,279.20001220703125,277.010009765625,278.69000244140625,4662312
2025-09-04,279.32000732421875,282.3800048828125,277.25,282.0,3947984
2025-09-05,279.6000061035156,280.739990234375,278.20001220703125,279.79998779296875,3725303
2025-09-08,279.989990234375,281.20001220703125,279.45001220703125,281.20001220703125,5102190
2025-09-09,280.5400085449219,281.989990234375,279.760009765625,280.8399963378906,3612790
2025-09-10,281.8399963378906,283.989990234375,281.17999267578125,283.989990234375,5057073
2025-09-11,282.5299987792969,282.7699890136719,281.1400146484375,281.8999938964844,3697227
2025-09-12,283.510009765625,283.8999938964844,282.70001220703125,283.5799865722656,4540757
2025-09-15,283.1199951171875,284.3900146484375,282.010009765625,282.010009765625,4123724
2025-09-16,284.8900146484375,285.1000061035156,282.80999755859375,283.6400146484375,4540948
2025-09-17,285.9800109863281,286.19000244140625,284.8800048828125,285.760009765625,3838093
2025-09-18,286.70001220703125,287.5400085449219,285.010009765625,286.9800109863281,4222056
2025-09-19,285.8999938964844,295.29998779296875,285.29998779296875,295.29998779296875,3726008
2025-09-22,284.489990234375,285.7900085449219,284.1099853515625,285.4800109863281,3043743
2025-09-23,284.3500061035156,285.3900146484375,283.010009765625,285.3900146484375,4375351
2025-09-24,282.8800048828125,284.80999755859375,282.010009765625,282.010009765625,4265674
2025-09-25,281.239990234375,283.69000244140625,281.010009765625,283.69000244140625,3036126
2025-09-26,278.739990234375,281.69000244140625,278.489990234375,281.69000244140625,5597250
2025-09-29,278.5400085449219,280.25,278.19000244140625,279.989990234375,4201038
2025-09-30,277.5199890136719,279.989990234375,277.25,279.989990234375,9051079
2025-10-01,280.510009765625,280.6300048828125,270.5799865722656,276.6600036621094,4924597
2025-10-03,281.1600036621094,281.30999755859375,279.0799865722656,280.8900146484375,4867050
2025-10-06,283.07000732421875,283.20001220703125,280.70001220703125,281.5799865722656,5511685
2025-10-07,283.4100036621094,284.5,282.6400146484375,283.489990234375,6204149
2025-10-08,282.3800048828125,284.17999267578125,282.010009765625,283.75,5658365
2025-10-09,284.04998779296875,284.239990234375,282.239990234375,282.8800048828125,3985452
2025-10-10,285.5199890136719,285.95001220703125,282.010009765625,284.7799987792969,3912389
2025-10-13,284.6400146484375,285.1499938964844,283.69000244140625,285.1499938964844,3939547
2025-10-14,283.69000244140625,286.3900146484375,282.9200134277344,286.3900146484375,4983304
2025-10-15,286.07000732421875,286.45001220703125,283.7300109863281,284.2799987792969,5644935
2025-10-16,288.70001220703125,289.0,277.489990234375,277.489990234375,8482862
2025-10-17,290.1700134277344,290.95001220703125,287.8599853515625,288.69000244140625,10588073
2025-10-20,291.8599853515625,292.5400085449219,289.010009765625,292.489990234375,7601294
2025-10-21,291.8699951171875,292.9200134277344,291.489990234375,292.9200134277344,1818933
2025-10-23,292.3900146484375,295.3800048828125,291.8800048828125,293.1300048828125,8327299
2025-10-27,293.3500061035156,294.3299865722656,290.010009765625,294.17999267578125,6459908
2025-10-28,293.1000061035156,294.989990234375,292.0,294.989990234375,5695772
2025-10-29,294.5,294.8999938964844,291.010009765625,291.010009765625,5829864
2025-10-30,292.5799865722656,294.989990234375,291.9100036621094,294.989990234375,4522400
2025-10-31,291.0799865722656,295.0,290.8999938964844,295.0,4443200
2025-11-03,291.3500061035156,292.7900085449219,290.04998779296875,292.7900085449219,6786625
2025-11-04,289.5899963378906,291.6400146484375,289.5,291.5400085449219,5283417
2025-11-06,288.239990234375,290.3999938964844,287.9800109863281,290.3999938964844,6869446
2025-11-07,288.44000244140625,289.1600036621094,286.3500061035156,288.239990234375,5882266
2025-11-10,289.489990234375,290.29998779296875,288.1300048828125,289.8900146484375,4884041
2025-11-11,290.82000732421875,291.0799865722656,287.010009765625,287.010009765625,3812506
2025-11-12,292.7200012207031,293.1000061035156,291.54998779296875,292.2900085449219,4219988
2025-11-13,292.3900146484375,293.75,291.75,293.2099914550781,5561716
2025-11-14,292.8299865722656,293.25,290.8399963378906,290.8399963378906,4717609
2025-11-17,293.9700012207031,301.6099853515625,292.739990234375,301.6099853515625,4615578
2025-11-18,292.9700012207031,294.8900146484375,292.5,294.8900146484375,3969744
2025-11-19,294.3699951171875,294.54998779296875,292.3999938964844,292.9700012207031,4475990
2025-11-20,295.6400146484375,296.3699951171875,292.32000732421875,293.19000244140625,7504990
2025-11-21,294.32000732421875,295.8900146484375,294.1000061035156,295.8900146484375,4539993
2025-11-24,293.29998779296875,295.44000244140625,292.7200012207031,295.1199951171875,4923046
2025-11-25,292.67999267578125,294.2799987792969,292.25,294.2200012207031,5056637
2025-11-26,296.010009765625,296.20001220703125,291.9100036621094,293.989990234375,5102629
2025-11-27,296.4200134277344,297.45001220703125,295.4800109863281,296.010009765625,5985585
2025-11-28,296.489990234375,297.239990234375,296.0199890136719,297.239990234375,3789563
2025-12-01,296.1000061035156,298.1499938964844,295.6600036621094,297.2799987792969,7035148
2025-12-02,294.6600036621094,296.989990234375,294.010009765625,296.17999267578125,5334774
2025-12-03,293.79998779296875,294.989990234375,292.9200134277344,294.8800048828125,6564296
2025-12-04,294.3699951171875,294.9800109863281,293.1099853515625,294.239990234375,5468826
2025-12-05,296.010009765625,301.7200012207031,293.82000732421875,299.8999938964844,5845131
2025-12-08,293.45001220703125,296.489990234375,292.8399963378906,296.2799987792969,7101555
2025-12-09,292.3500061035156,302.25,291.29998779296875,302.25,7015783
2025-12-10,291.55999755859375,293.54998779296875,290.0,290.0,5828665
2025-12-11,292.92999267578125,293.3699951171875,290.82000732421875,292.989990234375,4174292
2025-12-12,294.69000244140625,294.8999938964844,293.0799865722656,293.3999938964844,5378596
2025-12-15,294.5400085449219,294.989990234375,293.010009765625,294.989990234375,3920394
2025-12-16,292.6600036621094,294.29998779296875,292.5,294.2799987792969,4667150
2025-12-17,291.7099914550781,293.2900085449219,290.79998779296875,292.6600036621094,10115469
2025-12-18,291.8399963378906,292.8299865722656,284.5,284.5,3881769
2025-12-19,293.4494934082031,293.4494934082031,293.4494934082031,293.4494934082031,0
2025-12-22,295.69000244140625,295.7300109863281,293.8500061035156,295.25,9092048
2025-12-23,295.67999267578125,296.9800109863281,295.2699890136719,296.9800109863281,3747050
2025-12-24,295.5,296.3800048828125,294.760009765625,295.67999267578125,3252373
2025-12-26,294.4599914550781,296.989990234375,294.20001220703125,296.989990234375,3502261
2025-12-29,293.1499938964844,295.2799987792969,292.760009765625,294.4599914550781,5796571
2025-12-30,293.32000732421875,293.5799865722656,291.95001220703125,293.5400085449219,8060541
2025-12-31,295.30999755859375,295.70001220703125,293.05999755859375,294.0799865722656,5677730
2026-01-01,295.3299865722656,296.19000244140625,294.9100036621094,296.19000244140625,3647078
2026-01-02,297.54998779296875,297.989990234375,294.9100036621094,294.9100036621094,6959353
2026-01-05,296.4100036621094,298.0,296.0199890136719,297.54998779296875,8311788
2026-01-06,296.0199890136719,297.7900085449219,295.2799987792969,297.7900085449219,6789022
2026-01-07,295.7200012207031,296.2300109863281,295.0,296.1400146484375,3807973
2026-01-08,292.92999267578125,295.9800109863281,292.6099853515625,295.7200012207031,6194291
2026-01-09,290.5899963378906,293.8900146484375,290.0,291.010009765625,8442130
2026-01-12,291.8699951171875,292.0899963378906,288.3999938964844,291.989990234375,9096409
2026-01-13,291.1300048828125,293.4800109863281,289.8999938964844,293.4800109863281,5365914
2026-01-14,290.6600036621094,291.989990234375,289.8999938964844,291.1300048828125,5577083
2026-01-15,290.6600036621094,290.6600036621094,290.6600036621094,290.6600036621094,0
2026-01-16,291.0400085449219,292.8999938964844,290.2799987792969,291.8900146484375,6031692
2026-01-19,289.6300048828125,291.1499938964844,288.80999755859375,290.9800109863281,7409667
2026-01-20,286.2799987792969,290.8900146484375,285.6000061035156,290.8900146484375,9366361
2026-01-21,284.95001220703125,287.489990234375,282.3999938964844,285.0,12156217
2026-01-22,286.6099853515625,288.0899963378906,285.1000061035156,287.8900146484375,7525121
2026-01-23,283.9100036621094,288.07000732421875,283.6499938964844,288.07000732421875,8346651
2026-01-27,285.2200012207031,285.989990234375,282.3999938964844,284.0,8292101
2026-01-28,286.6099853515625,286.989990234375,285.2200012207031,286.989990234375,6835320
2026-01-29,287.3699951171875,287.989990234375,284.2900085449219,287.989990234375,9464480
2026-01-30,286.7300109863281,287.3699951171875,285.010009765625,286.44000244140625,7040728
2026-02-02,283.94000244140625,284.5,279.75,283.3900146484375,10346317
2026-02-03,291.239990234375,298.8900146484375,289.9800109863281,294.6700134277344,16588223
2026-02-04,291.6499938964844,292.0299987792969,289.17999267578125,291.1400146484375,5826251
2026-02-05,290.3500061035156,291.9800109863281,289.6000061035156,291.0,6352571
2026-02-06,290.6499938964844,290.8999938964844,288.8999938964844,290.3500061035156,4309000
2026-02-09,292.55999755859375,293.67999267578125,291.75,292.1400146484375,4905392
2026-02-10,293.55999755859375,293.8900146484375,292.55999755859375,292.55999755859375,8451744
2026-02-11,293.8500061035156,294.67999267578125,293.1700134277344,293.55999755859375,3487981
2026-02-12,292.2699890136719,294.7900085449219,291.760009765625,294.7900085449219,4305370
2026-02-13,288.8699951171875,290.79998779296875,288.5,290.5400085449219,7449522
2026-02-16,290.760009765625,290.95001220703125,287.7799987792969,288.0,7469317
2026-02-17,291.5199890136719,291.8699951171875,289.17999267578125,289.17999267578125,4380634
2026-02-18,292.20001220703125,292.3999938964844,290.6099853515625,291.0,3331594
2026-02-19,288.3800048828125,293.17999267578125,287.75,292.20001220703125,7420909
2026-02-20,289.2300109863281,290.29998779296875,287.44000244140625,289.989990234375,5911399
2026-02-23,290.45001220703125,291.20001220703125,289.5,289.8800048828125,4699647
2026-02-24,287.8500061035156,290.45001220703125,287.0799865722656,290.45001220703125,7385045
2026-02-25,288.6300048828125,292.0,286.010009765625,292.0,5638852
2026-02-26,288.5799865722656,290.989990234375,287.79998779296875,290.1300048828125,4222379
2026-02-27,285.2900085449219,289.3900146484375,284.9100036621094,288.70001220703125,8393306
2026-03-02,281.92999267578125,292.4200134277344,279.010009765625,286.25,20163860
2026-03-04,277.2900085449219,280.989990234375,275.510009765625,280.989990234375,21718747
2026-03-05,280.3500061035156,285.6099853515625,277.8399963378906,285.6099853515625,10159364
2026-03-06,277.25,280.5199890136719,276.8500061035156,280.5199890136719,8713874
2026-03-09,272.4200134277344,274.80999755859375,268.75,274.80999755859375,26564816
2026-03-10,274.95001220703125,276.2900085449219,272.8500061035156,276.2900085449219,10445421
2026-03-11,270.55999755859375,275.3900146484375,270.20001220703125,274.70001220703125,15228172
2026-03-12,267.94000244140625,270.0,266.30999755859375,266.30999755859375,13251982
2026-03-13,262.69000244140625,267.989990234375,262.0,267.989990234375,25235358
2026-03-16,265.17999267578125,266.0,260.010009765625,262.0,15483076
2026-03-17,267.1600036621094,267.75,264.6099853515625,266.67999267578125,9612638
2026-03-18,269.42999267578125,270.0299987792969,267.1400146484375,269.3500061035156,9512486
2026-03-19,262.1199951171875,267.989990234375,261.6000061035156,267.989990234375,26951355
2026-03-20,262.07000732421875,265.989990234375,261.5,265.989990234375,12105983
2026-03-23,255.14999389648438,261.44000244140625,254.8000030517578,261.3900146484375,28233942
2026-03-24,259.8299865722656,261.5,256.5899963378906,259.0,22805261
2026-03-25,264.05999755859375,265.8999938964844,255.89999389648438,263.989990234375,14393659
2026-03-27,258.8900146484375,265.20001220703125,258.6499938964844,265.1000061035156,18765903
2026-03-30,253.44000244140625,258.4200134277344,252.5500030517578,258.4200134277344,27127660
2026-04-01,257.45001220703125,260.07000732421875,257.04998779296875,258.3399963378906,16273357
2026-04-02,257.6099853515625,259.2900085449219,251.6999969482422,256.989990234375,21918815
2026-04-06,260.25,260.6000061035156,255.41000366210938,257.0,15631911
2026-04-07,261.4700012207031,261.79998779296875,257.4100036621094,260.3900146484375,11036818
2026-04-08,271.67999267578125,272.0,265.010009765625,269.30999755859375,20203354
2026-04-09,269.489990234375,272.489990234375,267.70001220703125,267.70001220703125,10726135
2026-04-10,271.95001220703125,272.20001220703125,270.0,271.989990234375,11042542
2026-04-13,269.5199890136719,270.3500061035156,266.7799987792969,268.95001220703125,12023953
2026-04-15,273.7699890136719,274.3900146484375,272.0,273.8500061035156,11252672
2026-04-16,273.95001220703125,275.8299865722656,273.0,274.0,12557328
2026-04-17,275.8699951171875,276.19000244140625,273.0,274.2900085449219,10218652
2026-04-20,275.2099914550781,276.6099853515625,274.1199951171875,275.8699951171875,10137601
2026-04-21,277.6300048828125,277.8299865722656,275.2099914550781,276.4800109863281,8328001
2026-04-22,275.6400146484375,277.3800048828125,275.3500061035156,275.5199890136719,9386982
2026-04-23,273.760009765625,274.9800109863281,273.0199890136719,274.3800048828125,7079200
2026-04-24,271.0899963378906,274.94000244140625,270.1000061035156,271.30999755859375,10962751
2026-04-27,272.5199890136719,272.8999938964844,271.3500061035156,271.5,7931311
2026-04-28,271.4800109863281,273.29998779296875,271.1000061035156,273.25,6137965
2026-04-29,273.1300048828125,275.0,271.6199951171875,274.0,7694349
2026-04-30,272.010009765625,273.20001220703125,269.3399963378906,273.1300048828125,9983703
2026-05-01,272.010009765625,272.010009765625,272.010009765625,272.010009765625,0
2026-05-04,273.1199951171875,274.70001220703125,272.0,273.45001220703125,7112692
2026-05-05,272.29998779296875,274.989990234375,270.70001220703125,274.989990234375,7555162
2026-05-06,275.7300109863281,275.8900146484375,271.94000244140625,274.3900146484375,12026335
2026-05-07,275.1700134277344,277.0899963378906,274.6099853515625,275.70001220703125,11899464
2026-05-08,273.94000244140625,274.67999267578125,272.0,273.6199951171875,6950558
2026-05-11,270.1000061035156,272.9800109863281,269.8999938964844,272.9800109863281,12824989
2026-05-12,265.04998779296875,270.0899963378906,264.75,270.0899963378906,18622348
2026-05-13,265.44000244140625,267.1400146484375,263.5299987792969,265.0400085449219,9107154
2026-05-14,268.0899963378906,268.8500061035156,265.32000732421875,267.989990234375,7996734
2026-05-15,267.29998779296875,269.9100036621094,267.0,269.9100036621094,7938250
2026-05-18,267.5799865722656,267.989990234375,264.0,266.0,8188098
2026-05-19,267.6099853515625,269.20001220703125,267.260009765625,267.69000244140625,6550621
2026-05-20,268.04998779296875,268.3699951171875,265.1099853515625,267.1300048828125,5346893
2026-05-21,268.2099914550781,270.239990234375,267.3900146484375,269.239990234375,6183084
2026-05-22,269.1000061035156,270.0,266.010009765625,268.0799865722656,6238722
2026-05-25,271.989990234375,274.989990234375,269.010009765625,274.989990234375,7800176
2026-05-26,270.8299865722656,272.6600036621094,270.5,272.3599853515625,5483897
2026-05-27,270.94000244140625,271.8299865722656,270.1000061035156,270.20001220703125,4170088
2026-05-28,270.94000244140625,270.94000244140625,270.94000244140625,270.94000244140625,0
2026-05-29,267.7799987792969,272.239990234375,267.0400085449219,272.239990234375,11388803
2026-06-01,265.5199890136719,269.2699890136719,265.20001220703125,268.9800109863281,8779968
2026-06-02,266.0199890136719,266.79998779296875,263.5199890136719,264.8800048828125,9033966
2026-06-03,265.54998779296875,266.19000244140625,262.8999938964844,265.70001220703125,13762829
2026-06-04,265.6000061035156,266.989990234375,263.1199951171875,266.989990234375,7277541
2026-06-05,265.3599853515625,267.989990234375,264.3999938964844,267.989990234375,6618551
2026-06-08,262.55999755859375,264.79998779296875,261.8800048828125,264.79998779296875,9658074
2026-06-09,263.8800048828125,264.3800048828125,262.4100036621094,264.3699951171875,5347766
2026-06-10,263.0799865722656,265.3500061035156,262.8699951171875,264.0,5342089
2026-06-11,262.6300048828125,264.3500061035156,261.3500061035156,263.0799865722656,6089765
2026-06-12,267.8599853515625,268.25,264.17999267578125,265.6000061035156,8800104
2026-06-15,270.6300048828125,272.489990234375,270.0,270.0,12573177
2026-06-16,271.6700134277344,272.4200134277344,270.6300048828125,272.4200134277344,5748509
2026-06-17,273.1099853515625,273.2200012207031,271.4800109863281,272.79998779296875,7353183
2026-06-18,273.9700012207031,274.2900085449219,272.3999938964844,273.1099853515625,8602550
2026-06-19,272.95001220703125,274.19000244140625,272.0,274.19000244140625,6515178
2026-06-22,273.6700134277344,274.989990234375,273.1300048828125,274.989990234375,5607238
2026-06-23,270.80999755859375,273.9800109863281,270.1499938964844,273.9800109863281,7996354
2026-06-24,272.67999267578125,273.3500061035156,268.0,273.0,8659000
2026-06-25,273.42999267578125,275.3999938964844,273.19000244140625,274.989990234375,8652517
2026-06-26,273.42999267578125,273.42999267578125,273.42999267578125,273.42999267578125,0
2026-06-29,272.1600036621094,274.3900146484375,271.8999938964844,274.3900146484375,5346196
2026-06-30,271.82000732421875,273.3800048828125,271.2099914550781,272.32000732421875,5957726
2026-07-01,272.8699951171875,273.19000244140625,271.1499938964844,273.19000244140625,4314568
2026-07-02,274.2699890136719,274.6000061035156,273.010009765625,273.010009765625,6394957
2026-07-03,275.9100036621094,280.0,275.1099853515625,280.0,7670513
2026-07-06,277.42999267578125,277.6600036621094,275.5,277.0,7713858
2026-07-07,277.04998779296875,278.54998779296875,276.70001220703125,278.489990234375,6799785
2026-07-08,271.69000244140625,277.989990234375,270.8999938964844,277.989990234375,12459843
2026-07-09,272.760009765625,277.1199951171875,271.69000244140625,277.1199951171875,7079307
2026-07-10,275.07000732421875,275.3299865722656,273.6300048828125,274.9800109863281,5563086
2026-07-13,275.29998779296875,275.6600036621094,272.5899963378906,273.8800048828125,6613187
2026-07-14,273.3500061035156,274.5799865722656,271.0,274.5799865722656,5310906
2026-07-15,273.6600036621094,275.20001220703125,273.0,274.989990234375,3990132
2026-07-16,273.989990234375,275.1000061035156,273.54998779296875,274.989990234375,3392483
2026-07-17,276.4599914550781,277.0,273.8900146484375,275.0,7357065
2026-07-20,275.5799865722656,276.19000244140625,274.010009765625,276.1099853515625,5182257
2026-07-21,275.1300048828125,276.4200134277344,274.70001220703125,276.4200134277344,2878734
2026-07-22,273.3599853515625,275.989990234375,273.05999755859375,275.989990234375,4687320
2026-07-23,271.9800109863281,276.20001220703125,271.3999938964844,276.20001220703125,4954766
2026-07-24,271.2099914550781,271.6499938964844,269.3800048828125,270.8699951171875,8015499
2026-07-27,273.5899963378906,273.8999938964844,272.0199890136719,272.2799987792969,4597158
2026-07-28,273.5299987792969,274.1199951171875,272.739990234375,273.5899963378906,7704303
2026-07-29,275.82000732421875,276.1000061035156,274.0799865722656,274.0799865722656,7110427
2026-07-30,276.489990234375,276.79998779296875,274.989990234375,275.989990234375,4594454
2026-07-31,277.4200134277344,277.79998779296875,269.57000732421875,276.3999938964844,4544113
2026-08-03,279.8699951171875,280.0899963378906,278.5,278.5,8115406
2026-08-04,278.7900085449219,281.1000061035156,278.0,279.8699951171875,5038181
2026-08-05,279.9599914550781,284.3699951171875,278.79998779296875,284.3699951171875,5092585
2026-08-06,280.5899963378906,281.3800048828125,278.010009765625,279.9599914550781,4188159
2026-08-07,279.8299865722656,280.5899963378906,279.1000061035156,280.5899963378906,5585234
2026-08-10,280.4599914550781,280.69000244140625,279.2200012207031,280.69000244140625,6594652
2026-08-11,279.1300048828125,281.0,277.1000061035156,281.0,6563173
2026-08-12,278.32000732421875,279.92999267578125,277.0,279.92999267578125,5635248
2026-08-13,278.1600036621094,278.7900085449219,277.510009765625,278.739990234375,3640004
2026-08-14,278.3500061035156,279.989990234375,277.239990234375,279.989990234375,3170444
2026-08-17,277.9100036621094,279.989990234375,276.55999755859375,279.989990234375,4989337
2026-08-18,276.1000061035156,278.989990234375,275.80999755859375,278.989990234375,4677291
2026-08-19,274.6199951171875,276.3800048828125,274.45001220703125,276.3800048828125,6107344
2026-08-20,276.57000732421875,278.0,275.5199890136719,278.0,3634535
2026-08-21,276.760009765625,277.3800048828125,276.1199951171875,276.57000732421875,4364104
2026-08-24,275.8699951171875,277.989990234375,275.5400085449219,276.760009765625,3606105
2026-08-25,276.94000244140625,277.5,275.1700134277344,275.8699951171875,3590196
2026-08-26,277.0199890136719,278.2699890136719,275.010009765625,275.010009765625,4327184
2026-08-27,275.739990234375,283.94000244140625,275.3999938964844,276.010009765625,6648075
2026-08-28,275.6199951171875,277.489990234375,274.82000732421875,277.489990234375,3137920
2026-08-31,274.8699951171875,275.8800048828125,270.1099853515625,275.8800048828125,4690050
2026-09-01,273.25,277.95001220703125,272.67999267578125,277.95001220703125,5602290
2026-09-02,272.55999755859375,273.1499938964844,271.510009765625,273.1499938964844,7704816
2026-09-03,272.6300048828125,276.5,270.0,276.5,4418043
2026-09-04,273.2699890136719,278.0799865722656,272.55999755859375,278.0799865722656,3162846
2026-09-07,271.2099914550781,273.7799987792969,270.8999938964844,273.19000244140625,5921896
2026-09-08,270.04998779296875,271.6400146484375,269.7900085449219,271.6400146484375,6629541
2026-09-09,268.1499938964844,269.67999267578125,267.8999938964844,269.42999267578125,7537478
2026-09-10,267.1700134277344,273.510009765625,266.0,273.510009765625,5384617
2026-09-11,267.1400146484375,268.6000061035156,265.010009765625,268.6000061035156,9238422
2026-09-14,267.1400146484375,267.1400146484375,267.1400146484375,267.1400146484375,0
2026-09-15,264.5799865722656,269.8999938964844,264.239990234375,268.1000061035156,7069412
2026-09-16,265.0199890136719,266.2799987792969,262.7900085449219,264.5799865722656,6249520
2026-09-17,266.0799865722656,266.75,264.1000061035156,265.44000244140625,4732947
2026-09-18,266.5299987792969,267.8900146484375,265.94000244140625,267.8900146484375,3645562
2026-09-21,267.760009765625,267.9800109863281,265.6199951171875,267.79998779296875,4153608
2026-09-22,266.6400146484375,268.8900146484375,266.010009765625,267.8500061035156,5397108
2026-09-23,267.5899963378906,267.8999938964844,265.8800048828125,266.6400146484375,3169237
2026-09-24,263.989990234375,274.0,263.29998779296875,274.0,8101315
2026-09-25,264.1300048828125,265.6600036621094,263.04998779296875,264.9800109863281,5254198
2026-09-28,260.4700012207031,266.989990234375,260.1000061035156,266.989990234375,12772165
2026-09-30,,,,,8557146
